-1.978683,0.8398873,0.6768441,-2.31834,0.1822586,-1.226307,-1.19082,1.28289,0.6237952,-1.308092,0.5355876,0.01967204,1.11829,-1.235168,2.622659,-2.471966,-0.09418821,-0.1159833,-0.4071975,-0.1915454,0.3138777,-0.1888047,-0.9090685,0.04656547,-0.5988994,1.123108,0.05381817,-0.8516746,1.825896,1.356814,-0.7174551,0.4126001,0.3940563,0.6319237,1.289834,0.3550601,-0.3903186,0.3322199,0.3541772,1.555883,-1.395105,1.804733,0.6053222,-1.13675,0.7136876,1.681248,-0.7894463,-0.3148647,0.94386,0.09079623,1.576093,-0.4023641,0.6430607,-2.439594,-1.008314,-2.256713,-0.2443277,-0.3783107,-0.8248655,-2.66511,-0.9826717,1.457643,-1.343732,0.5601223,-0.4358705,-1.868674,0.4866157,2.028554,1.613535,2.598943,1.524779,-0.01505723,-2.216028,-0.5787721,1.064226,-0.9275454,3.252298,0.01575175,-0.2543998,0.1070059,-0.1634683,-0.3551871,-1.047571,2.006228,-0.9169639,0.05812582,-0.5162812,0.1288168,-0.4736707,0.3409301,1.810006,-0.292005,1.814729,-0.9833235,-0.5313736,-0.9769281,-0.5555069,1.10418,-2.413764,-0.07993639
-1.652702,3.776355,-3.170724,2.320333,-1.385725,0.3256905,0.7720008,-1.26628,-0.3338911,-1.420975,2.771335,-0.7624109,0.03582291,-1.40913,0.7231408,-2.611073,2.88181,-3.38882,2.163318,0.222276,1.413654,-1.350866,1.22307,-2.029967,0.3146568,-1.421997,-0.03891768,0.5978611,0.4522963,1.200099,0.5613093,1.121125,0.6881244,1.656406,-4.175325,3.225632,-2.573438,2.823831,-0.3402713,-1.40519,1.223642,-0.04719444,0.5107626,-1.131092,0.9518172,-0.6321911,-1.608306,0.5180514,-0.5047774,0.5261471,-2.624039,3.484975,-2.615736,2.946367,-2.841611,2.241373,-3.15353,1.417536,0.540726,-0.2072448,-2.081195,0.2188669,1.317061,-0.829101,0.8939658,-1.876361,0.2487157,1.604442,-0.5894867,-1.512012,-0.9866052,2.252264,-0.900623,0.3645531,1.191723,-1.612851,1.195492,-0.04567479,-0.2064532,-0.7002205,1.763666,-2.307307,1.056216,-1.513701,0.820826,0.3298682,-1.282739,2.348488,-0.9062124,0.6343864,0.8033915,-0.53637,-0.4169489,0.426125,0.2826132,-1.477184,2.226469,-1.216964,0.8701939,0.6205619
0.2865666,1.689186,-0.5202523,1.503776,0.1551861,-1.617941,-1.076632,0.7729194,0.9219944,0.5517443,-0.07363988,-0.1455586,0.6163765,0.2849442,0.1768649,-0.3357802,0.5489188,-0.4968846,-0.437594,-0.420637,-0.7448061,0.4856574,-0.2484007,0.3085221,0.902111,0.2047735,-0.3956037,-0.9574374,1.75837,0.4297662,-1.413669,-0.1662869,-0.7715608,0.9945204,0.4799893,-0.5080552,-2.238223,1.217848,0.835461,-0.5992472,-0.3740957,0.0005269703,-1.715128,0.06915311,1.776684,0.9851968,1.830555,-1.54028,-0.2925416,-0.338124,0.4575567,-1.589039,0.6280331,-0.1838224,0.5338755,1.454636,0.4579595,0.7907935,-0.3761206,0.187689,0.227789,-0.3745661,-1.249207,-0.5853437,-0.9166926,-0.3950411,0.1312205,0.511094,0.1615209,-0.03595177,-1.655841,-0.9626393,2.544313,-0.5416293,-1.694096,-0.7424594,-0.2112376,-0.986204,-0.7184986,-0.973972,0.1695884,-0.3473774,-0.9253562,-0.689288,0.7330013,-0.3340523,-1.193776,0.3679704,-1.092936,1.317269,-0.8182135,1.77712,1.317135,2.700145,-0.1506431,-0.7273614,0.3398181,-0.6289931,1.023359,0.9092388
-0.7746124,-0.9965488,0.2525036,1.28404,-0.8060147,0.3442425,1.136114,-1.490646,1.278553,-1.566588,0.391731,-0.81384,-1.332921,0.4116979,0.2052543,0.02387416,0.4322017,-0.09008024,0.8686557,0.1129128,0.06564318,-0.2509169,0.6196538,1.705616,-1.910775,0.01150786,0.6673857,-1.406088,0.003183121,1.283685,1.236911,0.07331841,1.034431,1.528727,1.419703,-0.3508394,-0.9050785,-1.663833,0.4552941,-0.007395623,-0.08500587,-1.672917,-0.1823295,1.639931,-0.8849728,-0.166006,-0.1482732,1.795572,-1.190469,-0.02486021,-1.415286,0.4228672,1.397425,-1.278622,0.8921863,-0.641097,-0.6551993,1.5733,-1.767088,1.327965,0.3226941,-1.036484,-0.2106087,0.1432191,0.6371863,0.7395916,-0.2677187,2.567226,-2.560868,0.939163,0.3061929,-1.13544,0.3446918,0.3602707,-1.574596,0.221172,0.02720893,0.00331443,0.6700735,-0.4735647,0.4027464,-1.024611,-1.451581,-0.4401678,-0.1204163,0.9956554,0.03648902,-1.362254,1.767254,-0.139375,-1.410001,-0.04473127,-0.2126539,0.8798473,-0.8905128,-0.05302396,0.6895921,1.89105,-1.785446,0.8316308
0.1847974,-0.05350552,-0.02724027,0.1227585,1.347972,-0.1288941,1.070098,-0.2035176,-0.7611293,-1.37462,0.1775534,0.6676283,0.01037994,0.7378836,1.387574,2.107168,-0.2005409,-0.1389863,0.08138521,-0.9325315,0.5394552,0.1169577,1.463655,0.2399173,-1.569731,1.029193,-2.019463,0.1306922,1.273187,-0.3306365,-0.376502,1.4281,-0.4057999,-0.5091927,0.2826123,-0.5961585,-0.005370982,1.093635,0.8489835,-0.8477984,0.4457511,-0.6828553,-0.4944223,-0.1469357,-0.5297126,0.1983307,-0.524034,-1.230072,-0.601461,-0.5914832,-0.8389247,0.8361918,0.6998265,0.749796,0.4143036,-0.6887992,-1.145013,0.6295547,-0.3129469,-0.1691365,-1.217027,-0.01499346,0.7816489,0.4565653,0.620977,0.06363888,1.021515,0.2812665,0.3885207,-0.5152284,-2.134249,-0.4198942,-1.157101,-0.9099308,-2.137903,0.4475578,0.3348617,-0.4202455,0.8280849,0.6723037,-0.9999179,1.982898,-0.6516505,1.433723,-0.6065302,0.06998514,-0.8739102,0.9823594,0.6195235,0.131179,-0.1578173,-0.8974047,-0.1228144,-0.03233064,-1.352597,-1.17518,0.09963977,1.109957,0.9184522,0.6741431
-1.720301,0.8917702,-0.5463536,1.294535,1.526436,0.346557,-0.6542117,0.5711484,0.1295286,1.169281,-1.526413,-0.6765961,-0.5928946,-2.267672,-0.6719,-0.2001689,-1.934778,-1.381593,-0.3184546,0.146664,1.330651,-0.6900048,-0.5634229,0.2822257,-0.04411436,-2.555536,-1.943206,-1.954294,-0.1202641,-1.351838,0.02427597,0.7065244,1.008269,0.8186617,0.7895828,1.541901,1.385377,0.8717851,0.6304786,1.207788,-1.295314,0.2624599,1.669315,1.125322,3.4669,1.222075,-0.1590138,2.520873,0.8398677,-0.3745716,-0.8141302,-0.829482,-0.8238094,-0.7189081,-0.4567622,0.2984428,0.8689361,0.2958137,1.225518,-0.9857441,-1.986006,-0.02462023,0.3578166,-0.3948255,0.7523208,0.1479618,-0.9078647,0.5919223,-0.9289808,-1.333571,-1.285329,-1.939979,1.310528,-0.9033189,0.6352049,-0.6580072,0.4037422,0.4558847,1.99824,0.00483609,-2.170419,-0.07246941,0.2341607,1.409915,0.8415819,0.4426915,-0.1843563,2.334652,0.6624814,-1.148041,-0.2911675,0.1576491,-0.2022137,-2.417378,-1.221782,0.9398224,-0.9878215,-0.5174929,1.44404,2.152977
-1.145066,-1.090796,-2.286843,-1.614028,0.3369868,-0.1429814,2.391425,-0.9367688,-1.871629,-0.6866243,-0.1188704,-1.202471,3.288569,1.426509,1.660499,1.322942,1.290696,1.223918,-0.4354054,0.4122807,0.9809393,1.690018,1.414018,1.741371,2.302753,0.7913158,2.072556,2.125442,2.778334,4.814026,2.825165,2.574469,4.18328,2.957432,3.356909,2.970474,0.4574313,0.4143903,1.025254,0.3368492,0.6304443,-0.5722663,0.9547217,0.1914846,0.4937039,-1.249524,-0.1837274,0.2234558,-0.8008934,-1.618229,-0.4579384,-1.591353,-2.528024,-1.968457,-0.2296038,0.2622629,0.4898092,-1.113293,-3.008975,-1.792896,-1.100441,-1.6555,-0.3852834,-0.3717163,0.6070062,0.8871871,0.1874469,0.8505356,2.669454,0.9525299,-1.37827,-1.78655,-0.3863987,-1.793205,-1.558388,-0.2196119,1.498948,0.8161414,0.6132127,-1.704516,0.01422042,1.063711,-0.04637614,-0.1037351,-0.7885561,-1.683034,0.2430267,0.5971516,-1.373862,-3.685581,-3.244772,-2.133571,-1.88219,-1.993983,-1.626976,-1.56457,-4.158608,-2.492668,-1.87155,0.2238774
-0.0219076,0.2286994,-1.912717,1.225947,-0.4482595,0.3527989,0.4323916,-0.5452515,0.2688047,0.8829861,-0.3378728,-2.654776,1.374361,-2.878305,-0.08963461,-0.7997904,0.2827871,-1.413813,1.556156,-0.6534087,-1.422158,-0.9798099,0.5347933,-2.248828,1.532869,-0.994319,0.8157631,-1.901282,-3.47275,-0.5096143,-3.204384,-1.55373,-1.570107,-0.6932585,-1.416562,0.0941747,-0.9963667,0.2680373,-2.729409,0.2788647,1.7308,-2.403639,1.610847,1.925667,-0.1391915,-1.478188,1.564297,2.719271,2.390167,-0.8219615,0.4435683,1.462307,-1.125206,3.194782,-0.09968419,0.8903545,-1.892825,1.171697,0.1244044,2.436634,1.194959,-1.441337,-0.6012962,0.2524348,1.537925,1.101146,-0.728974,-1.024291,-2.090477,1.016395,-0.5536891,1.009885,0.6112794,1.358365,1.32461,0.4896843,-0.4193898,-1.567987,1.065366,-0.1480544,-0.09762652,-0.8367742,1.013478,-2.140061,2.107525,-0.6059701,1.398971,0.1909643,1.7959,1.906832,1.782224,-0.7351048,0.1991111,1.579088,-1.910948,0.08188374,2.01371,0.2712492,0.6708134,0.5429574
1.104657,-1.247077,-1.120994,1.269614,-1.373071,-0.3831258,0.759401,-3.455886,-0.5317963,0.3143411,-0.6039604,2.278708,1.045819,-0.4915538,-0.6814615,0.208487,0.6792116,-0.9944389,-1.36087,-0.1984183,-0.6354125,0.6459475,-1.129177,0.286144,-1.819292,0.9734623,-0.4348794,0.2247804,-0.4405627,0.7437886,-2.529121,1.082636,-0.6635569,1.151961,-1.140732,3.064471,-1.561875,2.575955,0.1959068,0.5220553,3.422141,-2.965622,3.104224,-3.985684,2.271666,-2.334351,1.942572,-1.765065,-0.3383039,1.83086,-0.8696759,-0.07242045,-1.335331,0.2808434,-1.418158,1.079081,-1.349981,0.8073264,-0.2075732,-0.7099397,-1.429031,-1.999181,1.845841,-0.7533178,-0.9747289,1.305027,-1.212954,0.8257073,1.799208,-1.656495,-0.9574107,0.6769421,1.3782,0.6003682,2.027969,-1.658814,0.9903568,1.319694,-2.150876,2.422828,-1.545477,1.603796,-0.5834962,1.00355,-0.09573726,0.2356002,0.1054393,0.6030163,1.126128,-0.8206041,0.3770918,0.5778117,-1.351241,0.4221507,-0.5416381,-0.3711876,0.899332,-0.4139796,1.099195,1.554223
0.124649,-1.308496,-1.078959,0.0990486,-1.203687,-0.2083736,0.002800539,-0.2511874,0.3860236,1.792356,0.3671988,0.6918439,1.650344,-1.320092,2.161145,1.470065,-1.454059,-0.9727029,-1.645951,0.1931392,-0.9377872,-0.1484001,-0.3556975,1.614912,-0.7213493,-0.7304353,0.7101662,-0.2140084,-0.5138655,-2.258452,-0.3921678,-1.828965,-0.2884319,0.2338356,1.87886,2.449834,0.9536515,1.829535,-0.2731554,0.7992182,0.4418348,0.4032946,-2.45845,-0.1351561,2.35749,0.2096292,-1.921374,-1.145705,0.06932221,1.240462,1.80992,-0.2652584,-0.329466,-0.2080436,-1.779971,0.7335232,-2.374934,-0.8342143,0.398001,-0.820345,-1.483885,-0.9020257,0.406532,-1.335288,-0.8133116,-1.472063,-1.544985,-0.596899,1.514342,-1.617021,3.457874,0.5088162,-0.2548584,1.588899,0.3090587,-0.6676381,-1.301407,0.580968,-1.296882,2.900293,1.730363,1.893262,-0.4665698,0.1422999,-0.8210596,-1.49383,0.1386596,-0.3155314,-0.9864793,1.837778,-0.1037496,0.3995749,-2.761668,0.8520336,0.6639045,0.04672207,1.540848,1.179273,0.40736,1.443331
0.9052874,-0.5348084,0.9682364,-0.6233629,2.261304,-0.8928097,1.372365,0.1604418,-0.3379497,1.116389,-0.4531152,-1.738036,0.6771274,1.082678,-1.86716,0.5451982,-2.281432,1.707086,-3.100131,1.94661,-2.0319,0.8603778,-0.1269068,-1.643285,0.6688256,0.09414607,-0.05941809,1.629388,-1.284052,-0.5736952,-0.2349007,-2.262507,-1.540812,0.254201,-1.020069,-0.5967215,1.401958,-2.087233,1.356749,-1.469655,0.8041097,-0.9248579,1.903442,0.371894,-1.447198,1.199796,0.2515129,0.3347159,-0.2486523,0.4363475,-0.06522716,3.104663,-1.686222,-2.044546,2.179183,-2.421307,1.542842,0.2542352,-0.2442107,-0.9213667,1.360022,-0.5259643,2.074602,-1.757092,-2.317847,0.8049122,-0.2664061,-3.719685,0.05520464,0.5334011,-0.165626,-0.4573594,2.747477,-0.9285529,0.9973482,0.6135381,0.3373668,1.121189,-1.836163,-0.2886249,-1.957521,1.458773,0.1472713,1.831441,1.604438,0.4411943,-1.255321,1.288925,-0.4303256,-0.01797942,0.657432,0.5680623,0.1422239,0.1466769,0.03308847,2.286544,0.2321521,-1.63102,0.3823728,1.062268
-2.823708,0.8714002,-0.6524418,-0.1474926,0.1392375,-0.1301484,-1.98187,0.9909005,-0.9519038,-1.289577,2.308092,-1.893745,2.265467,-1.076255,1.352662,-1.747742,1.990137,-0.6896455,-0.2570964,-2.45559,0.7717475,0.4006288,0.1079978,0.1705886,1.865742,0.05475716,-0.541648,1.193759,0.4568535,0.3924398,-2.150035,-0.1641884,-2.464996,-0.3414291,0.8107802,0.2695078,0.2318707,-2.026271,3.389322,-1.091239,1.965202,-2.55194,1.806057,-2.300546,-0.7601756,3.527492,-2.634831,1.777288,-1.494299,4.250303,-1.368042,3.239229,-3.130968,0.8872483,-1.340038,0.2162101,0.8213545,-0.6178991,-0.905905,2.522001,-0.390413,-0.1907905,0.1144178,0.1512227,0.782694,-2.120052,-1.622191,-1.202092,0.04158912,2.682609,-3.056019,0.5321673,0.576869,0.5306236,0.5953092,-0.3682493,-1.536053,0.460229,-0.1992154,-2.17969,1.550715,0.1983911,1.415633,0.5122005,0.4153499,0.9602824,-2.211752,1.686168,-2.183117,-0.3165977,3.235404,-1.304494,1.321939,-0.9978745,2.473644,-2.597429,0.877852,1.363746,-2.111256,3.043616
-1.465112,-0.2965312,-1.955203,-2.81159,-1.853825,0.25317,0.1751024,2.413707,-0.7880324,-0.2650478,1.894304,-0.2913827,-1.472278,2.877323,-2.46341,0.9096771,-0.4662838,1.82333,-1.729431,0.7158213,1.332937,-1.105688,-0.3430088,2.212641,-0.07074245,0.4113438,-0.2120242,2.427903,1.140648,0.6506206,0.8997328,2.250214,1.04297,0.5740635,1.380966,1.346244,1.54566,0.0968265,1.518631,-0.4443147,3.013578,-0.3317882,-1.163805,1.129211,0.720271,0.1906487,-1.32014,-0.9056031,0.3798741,1.15546,-2.048099,-0.3045017,0.3230159,-1.257042,-0.4181138,-0.9214079,-0.5345924,-1.127071,0.09760568,-1.991873,0.8318895,-0.5544908,-1.648765,0.915827,-0.4151908,0.1527754,1.583688,1.531584,1.394396,1.110021,1.731886,-0.8533138,-0.9825659,0.3845472,-0.4634243,0.6302584,1.66393,-0.5800407,0.8068269,0.9587339,-1.774558,-0.3868458,0.9969709,-1.469087,-0.8376499,-0.2604021,-1.665226,0.5136443,-0.5106816,0.6452137,-0.2548485,-0.6436927,-1.771182,0.2414713,-1.358569,0.02560758,0.2115258,-2.366755,-2.973495,-1.105566
-1.26503,-1.119888,-1.300331,-0.641991,-0.1203012,0.6131042,1.392047,-0.6718917,-1.296307,0.7482216,-0.9787978,-0.149868,-0.8564864,-0.8659059,0.3042381,-0.2254211,0.1729629,0.5524964,0.2329928,0.7545387,0.2711181,-0.5543538,-0.3990345,-0.7245314,1.768462,-2.271324,1.038556,1.191662,0.1544764,-1.319644,1.043013,-0.6797125,-1.485439,-1.302624,-0.9040757,0.6153564,2.081264,-0.7410504,0.03324127,2.072255,-0.1929336,0.1053864,-3.185772,-1.874406,1.024955,-0.3507116,2.018136,0.005222857,-0.3588584,0.4577255,-1.831168,-0.3753997,0.8690596,-0.9606143,-0.2062115,-0.7963252,-0.2198699,0.5091686,0.967873,1.193672,-1.057618,-0.9581131,-0.6365533,0.3838004,-0.3261622,1.232689,0.7177863,1.198421,2.616822,0.1442961,0.6349713,0.9968025,-0.6516736,2.39002,2.12491,0.6408827,0.7056742,1.643483,1.45093,0.1950262,-2.519222,-1.299352,0.06222984,-2.767693,-0.3586206,-0.6102477,0.5906013,0.3347419,0.05406517,1.041928,0.1637633,0.5541572,1.402318,-1.572647,-2.24514,0.4852505,0.2825713,0.276811,1.092629,-0.3794668
-1.141603,-0.1978087,-0.1068471,-2.032136,2.018375,-1.50841,-0.3186713,-1.553696,-1.36547,2.41434,-0.4658807,1.539879,-1.329164,2.307102,0.5923579,-0.05232627,-0.08913412,-0.6431935,-0.7275367,-0.9298547,-0.3407091,-0.375434,1.0545,-2.130355,-1.639919,1.510615,-0.2409934,0.7861865,-0.547197,1.220622,-1.462163,-0.05489358,-0.1362999,-0.1782904,1.336177,2.41079,-0.9507852,1.527335,1.123786,0.6996825,2.163014,-2.370979,-0.2909892,0.02114616,0.2426065,3.833179,-2.278663,0.1022311,-1.56943,1.202636,-1.022508,1.533663,-1.477255,0.4819271,-2.040285,1.399166,-0.6519771,-0.03905999,-0.1635792,-0.5334128,-3.069899,1.102484,-0.5827159,-1.715643,1.626488,-3.132444,0.7015257,0.1400535,1.485907,-2.646062,1.441044,-1.777482,1.011571,1.147283,0.7532496,-0.8547884,0.28314,1.046702,-0.5430884,-0.6812652,0.1977947,0.8662064,-1.041268,1.502168,-1.187493,-0.5447079,1.227257,-0.7466231,0.9772437,-1.016362,0.7304567,0.585022,-0.2758417,-0.6295919,0.8377243,-0.5501031,0.7986307,2.026741,-1.006715,2.948995
-0.5176976,-0.425118,1.803109,-0.7735165,-1.974974,-0.9045932,0.07400159,2.272244,-0.371145,-0.3536223,-0.5579059,0.8630646,-1.203718,0.649439,-2.248989,-2.097556,-3.897962,-1.56469,-1.216486,2.03289,0.9126842,1.727797,-0.7776396,-0.3978744,-1.193307,-1.670307,-1.159652,-0.4753175,-2.718606,-0.6245503,-0.783917,1.244842,2.20436,4.279907,3.65697,0.9886023,2.575325,-0.3452539,1.084013,-0.6018198,-1.225956,0.07798316,0.9778358,3.971871,1.499037,-0.6706696,1.367928,-0.7904626,0.4033251,0.1451933,0.05164681,-0.7478178,2.051675,-1.515359,-1.176224,-2.150546,-0.93898,-1.439792,-3.719676,-2.433352,-1.363368,-1.127919,0.5428583,1.988236,-1.163221,1.464276,-1.552161,-2.323649,-1.259293,-2.99128,-3.733133,-1.150974,1.563956,1.018976,0.3687356,1.494934,-0.1335703,0.498746,0.5887174,-1.264171,-0.6775759,0.7264992,0.5290176,0.1614886,0.4550731,0.9510744,3.444103,0.8988456,0.458555,0.1381905,-0.6694264,0.5367148,-0.113459,-0.3195705,1.621854,2.211603,0.7928818,3.235063,1.68043,1.221248
-2.356258,-1.978977,-2.30566,-1.828387,-0.547441,-0.9688795,-2.44547,-2.595925,1.975323,1.436117,2.736121,1.55473,0.3774683,2.460864,0.6648706,-1.373856,-3.594783,-2.665591,-1.956309,-1.875504,0.3091807,0.3682587,-0.2445188,-3.865559,-1.807809,-0.2588309,-1.348232,1.214033,0.5233327,-2.952462,-2.631413,-1.913546,1.59729,3.360032,5.059335,2.793529,3.167412,3.647592,3.486803,4.137147,2.19709,-0.5260124,-0.2100071,1.646541,1.631022,0.2245531,-1.392016,0.8454292,1.390293,2.298441,-0.5182819,0.2554139,0.2170693,-0.9959417,-1.662405,-1.58814,-1.76874,-1.714134,-1.491146,-3.412615,-3.368788,-1.795495,-1.812923,-2.124795,-1.262028,-2.613265,-0.2689233,0.515671,-0.9893315,1.129494,0.1018145,0.190866,0.5459163,0.8196758,0.1214766,-0.2118857,1.124164,-0.1631766,1.751399,2.24502,1.5849,1.576028,0.8840885,0.7590995,-2.056412,-0.6617349,-0.6520206,0.519202,1.041241,-1.066704,-0.07470594,-0.6843022,-0.09364571,-0.452983,-0.3580865,1.896597,1.883766,2.10314,2.859663,2.277543
2.735867,0.8875764,0.7314483,1.008653,1.112001,1.317491,-0.3865827,-2.154504,-1.012697,0.09311976,-1.39068,-0.1026874,0.233247,1.097593,-0.2584562,1.533671,-0.6379118,-0.7727227,-1.690271,1.837597,-1.380547,-0.553616,-0.3034439,0.8810723,0.2961563,-0.6278336,-0.9095765,1.43372,-0.8718143,-1.335589,1.982267,0.265879,-0.9597803,0.08397171,-0.7110199,0.7242907,-1.19631,-0.4173554,-3.30013,0.1666067,-0.3816941,-1.010308,1.719724,-1.645939,1.60839,-2.224551,1.033797,0.1728365,1.760039,-1.031022,-1.469807,0.6168515,1.78162,1.12563,0.001284331,0.7073658,-0.6072751,2.111724,1.047777,-1.767289,1.764457,0.1415821,-1.315952,-1.996006,0.5067147,-0.09557413,0.2678789,0.2807948,-0.9285627,-2.820138,-1.748711,1.283044,-0.1580074,-0.3482255,1.150111,-1.701994,0.1889922,0.07163663,0.1078976,1.114916,-0.9614378,2.305825,-1.302794,0.3158917,-0.3306273,-0.1807829,-0.2543638,-1.09194,-0.1306975,1.617417,-0.5843284,0.1996164,-1.098929,2.324295,-0.1586648,0.5886692,-0.1339853,-1.101816,2.735793,0.4801493
-0.477046,-0.6191479,0.451283,-0.3944867,-0.2818139,-1.628669,1.216954,-1.430614,1.627202,-0.04525205,2.304106,-0.8257696,1.448749,-0.3860174,-0.2091374,-0.8098401,-1.681647,0.2917956,0.5636504,0.3044212,-1.230789,0.205943,-0.04793187,-1.241531,0.8044909,-0.1673272,-0.3709043,-1.694317,3.092628,-0.2791539,1.445981,0.3867515,-1.804979,-0.5476168,0.1928286,0.7423793,1.205797,-0.5355015,0.7014859,0.4718632,-0.03141239,-0.4723542,1.204441,-0.5272326,-2.399955,0.611221,1.732363,-1.008116,-1.330272,1.746272,-0.2481527,0.7043392,-1.333168,-0.1850301,-0.6541921,-0.182719,0.3101501,2.377135,-1.477496,-1.311341,-0.8342859,1.212393,-0.9757189,-2.136793,1.505409,-0.06873059,0.2439252,0.09221378,-1.756502,1.823793,-0.1165227,-0.4657529,1.580811,-0.2889424,-0.6777607,1.748666,-0.02036592,-1.315139,1.467873,-1.235786,-0.3526606,0.2804242,-1.138886,1.782138,-2.334796,0.6679198,-0.5972934,4.204551,0.07824078,-1.507882,0.7190202,0.09372237,0.3235488,0.5079841,0.03931695,1.251577,-1.651177,0.5970561,-2.035337,1.016455
1.087827,-0.4787129,1.741127,-0.4858131,0.9529908,-1.351417,2.403717,-3.279559,0.5718431,0.3445514,-1.277369,2.39583,-0.7550342,0.4661517,-1.831432,0.5560441,-1.725135,1.052698,-2.489214,1.423746,-1.012315,0.1507361,-1.161317,-0.2224896,-0.3752231,0.1673117,-0.4548196,-1.699894,-0.2678122,-2.461571,0.2696044,-1.621785,1.604027,-2.530989,1.028738,-3.55615,1.317996,-1.988444,2.854922,-0.5540951,-2.187075,3.953468,-1.06228,1.540877,-2.326361,2.02555,1.786334,-5.470863,3.131311,-2.156581,2.531728,-1.707991,2.973455,-2.389718,3.599592,-4.973647,5.402035,-2.971904,1.546659,0.865837,1.179029,-1.476909,3.0884,-1.489808,-0.7056831,0.6151128,-3.038352,1.431894,-2.149828,-0.9476022,-0.02140218,-1.979645,2.067271,-0.2226768,0.7560133,1.634403,-3.082389,-0.06412578,-1.327661,0.06548277,-1.902457,1.620563,0.07797411,1.774152,-1.761348,2.858889,1.357947,-1.80197,3.850739,-3.431414,4.915089,-0.297091,0.7051594,0.6223994,2.126908,0.3645138,-2.619912,4.632373,-1.908302,1.564564
-0.480598,3.613163,1.118858,0.5323533,-0.8656589,-1.436676,0.2497976,-0.501003,-1.143769,-0.1980027,0.3630487,0.4488218,-1.10446,1.117818,1.090232,-1.071288,-1.586349,-0.5842038,0.3916481,0.7334591,0.7773605,-0.1100737,-1.257632,1.007272,0.8154556,2.1209,-1.087903,0.996726,-0.9879035,-1.074902,0.2591237,0.2123781,-0.546928,-1.370282,0.9355286,1.063162,0.507071,0.2656724,-0.8491599,0.5551231,1.439638,-0.6281132,-2.220324,-1.332762,0.8931486,-2.835994,1.145936,0.6002414,1.53257,-0.9698134,0.7251257,0.5022842,0.3360275,1.19969,0.6544757,0.4378719,-0.5599603,2.958607,-1.340117,-0.8862799,-0.3101017,-0.5879015,0.8764583,1.716192,-2.428895,1.266535,1.966482,-0.3628382,-0.4080763,0.3738011,-0.2617336,1.710924,-0.5845735,0.3050449,0.6587903,-0.5168133,0.3615878,-0.006377146,0.3654071,-0.550339,0.5235468,-0.8304976,-1.328174,-1.52617,-1.212008,-0.4253896,-0.5203331,1.290558,-0.1922667,-1.142726,0.5067327,0.5102206,1.618991,-0.3267233,-3.326941,-0.881873,-1.821131,1.453868,0.5917661,-1.115453
0.5894254,-0.6502519,-0.02062485,-0.4561559,1.485819,-1.854267,0.9453813,-1.676696,2.404032,-1.94277,0.1996184,1.241841,-1.350536,2.267061,-0.3563695,0.6422544,0.3189803,-0.5178646,0.949974,-1.63861,2.050151,-2.369082,2.511226,-2.662162,2.619738,-4.622186,5.077566,-4.18776,1.144339,-2.145783,0.5467075,1.115363,1.678849,-0.2046551,1.035478,-1.628691,-0.04445878,0.1186415,-0.1259259,-1.435027,0.811906,-0.8662747,1.909202,-0.9138553,1.306317,-2.210848,1.758522,-0.893001,1.044039,1.032764,-2.854271,1.549293,-1.134365,0.9563952,0.2042847,-0.518187,0.9626369,-0.08658794,1.568172,-1.19744,0.6961228,-2.613799,-0.3172084,2.32053,-3.937084,1.657228,-0.776428,2.34243,-0.08907131,0.09486809,-2.740679,2.297257,-0.4951623,1.794076,0.1800986,1.132263,-0.6687417,-0.1936495,0.3952816,-1.431624,1.995652,-2.036124,0.4517992,-0.06479356,0.886291,-1.595394,-0.8228571,0.1451387,1.832938,1.511762,-3.172088,3.792756,-3.934699,1.427625,-0.5636581,-1.477323,1.552001,-1.947121,2.705237,-1.81512
-0.1385414,-0.04819905,1.095535,-1.115065,1.748224,-0.4563735,-1.229244,0.964711,1.804777,0.4411273,-1.608006,-2.721428,0.6913217,-1.343168,-0.3019679,-0.3266175,-0.3809187,-0.8784978,-1.090936,0.8671959,0.5466842,-2.44708,0.6909786,-0.1512901,2.239993,0.7480729,0.2401271,-0.6000235,2.078482,0.004059233,0.9227939,-0.4050028,-0.8053656,-0.1011665,-0.9466432,-1.408428,0.6786687,0.2845012,0.08226229,-1.184694,0.5653325,-0.3662605,-0.2064424,0.5273568,-0.1238533,-0.6521286,-1.309236,-2.315107,-1.391826,0.1104265,0.4246005,-0.07017142,0.1991014,-0.3293058,-1.502495,2.229606,0.6618341,-0.2416783,0.7855805,0.5567651,0.6759452,-1.732847,0.5653406,-0.3703168,0.9364247,0.618703,1.449835,0.04923817,0.8206049,-1.137068,-0.1674442,0.664169,1.610344,-0.2005833,0.7952844,2.029653,-0.4426583,0.1874072,-1.252783,-2.291968,2.577739,2.211236,0.8208113,-0.583486,-0.9766647,-1.918935,0.49655,0.8678942,0.3630662,-0.1954015,-0.6289819,0.008020438,-0.3089056,-1.037,-0.1841989,0.5964547,-0.4381168,2.471769,-0.661895,-0.2801912
-0.0291192,0.8583221,-1.019623,-1.430232,-1.096233,1.934802,-0.6706339,0.4671004,-1.16918,0.6289298,0.0346304,-0.03934667,-0.1574546,-0.07726134,2.255237,-2.800177,2.045387,-0.8625839,-1.485795,-0.5991325,1.136068,0.4046285,-0.3374856,-0.9295706,0.1928629,-0.6925431,-0.01419656,-0.9587842,0.3904243,0.3364055,-0.1728686,-0.9919978,2.591536,-1.670647,-0.2869028,-0.5620908,1.29398,0.1988956,0.04255037,1.579845,0.2329069,-0.2622402,0.615393,-0.2633773,-0.5878741,1.61549,-1.119478,1.611737,-1.23536,2.147381,-0.7123802,-2.756208,1.421478,1.465895,1.402893,0.2219491,0.6465747,-1.049872,-1.759976,1.172575,-0.05271639,1.37321,-0.7566405,-0.1813266,0.2205354,2.214104,-1.449228,-0.8110683,-2.298531,1.082763,-2.153584,1.977838,1.16894,-1.170313,0.6650423,-0.194833,0.3423452,0.8172482,0.594089,-0.1172029,-1.123364,-1.777688,0.6208351,-0.5385752,0.4784569,-1.134336,-1.281894,3.227798,-0.9244472,0.8348132,0.1994565,-1.782743,1.086468,-0.5343555,0.5909894,-1.938648,1.187289,0.7001894,-1.552165,1.24599
-0.3465686,0.06009383,1.461112,0.4686233,1.530564,-1.585794,0.3643832,-0.333864,-0.003990712,-1.742401,-0.6847058,0.8470668,0.9823797,-3.629815,2.865289,-0.2240915,1.032593,2.041768,1.484557,0.3183564,0.3400427,-0.6123489,1.332294,-0.5322614,0.4648626,-2.660465,-1.167847,0.01349686,1.628589,-1.523049,1.229199,-0.03715435,-0.5493214,2.031224,-0.09008782,0.7250968,1.672782,0.6228238,-0.2747278,-0.2291184,0.009119449,-0.5270212,-1.059326,-0.4064982,0.3489825,-2.11964,-0.8305414,0.7968541,0.4839965,0.6848176,0.9694454,0.6966181,-0.5195881,-0.97343,-0.1867346,1.351737,-1.092246,0.1309333,0.3581449,-1.259397,-0.7413466,-0.2688124,1.559678,-1.414388,-1.788521,0.08431512,0.001114232,0.1367665,-0.1381003,-0.3674803,1.216385,0.04862235,-1.669048,-1.85359,0.1145309,1.562449,-0.4299041,-1.784413,0.3425519,2.250979,-1.014896,-0.8713461,-1.18564,-0.8396251,0.4222062,-1.510705,2.451365,-0.1094089,-1.517597,0.4848281,0.4727261,1.617684,0.2889165,-1.095771,2.457059,0.6894382,-0.7798993,0.7911782,0.5484589,-2.306573
-0.7554795,-0.06524029,-0.8850132,-0.5307127,-0.2336304,-0.8500735,-0.4287706,-1.472177,-1.011979,-2.450262,-0.2839512,0.1604789,0.8418406,2.306715,1.056789,1.952796,-0.1517327,3.47767,0.8157626,-1.332101,0.842482,-0.07763138,2.156758,0.7251225,0.8627393,1.334213,2.835399,1.302477,1.024575,-3.136777,-2.924844,-2.32258,0.2872719,-0.6814344,1.07305,-0.6647842,0.6694592,1.999334,0.7383474,0.436594,0.3475775,0.9983437,1.516235,1.32701,0.2027952,0.5908631,0.3649771,-0.1685144,0.1939904,-0.6377178,1.43217,0.1366667,-2.212351,-1.569687,0.9418443,0.8904341,1.017813,1.245258,-0.464443,1.876206,-0.1553108,0.2397728,2.33519,0.9660071,-1.156391,-2.597686,-1.207098,-0.2911982,-0.4492022,0.1839646,-0.1669917,-2.145864,-2.217475,-0.2058196,-1.897306,0.6455572,0.6078503,1.522963,0.2569222,-0.2115828,-0.9623009,-0.8464249,0.5541359,1.165957,-0.7790434,0.05092499,-0.7510486,0.8572994,-0.04649156,-1.228222,-0.5962666,0.2042833,1.659225,0.0561147,-2.500517,-2.076919,-2.674625,-0.5966694,0.5517867,-0.7676733
-2.501374,-2.168237,-1.558312,-0.623932,-0.4501798,1.628781,1.05066,0.1909467,1.471219,3.284092,1.85494,1.81361,1.202366,1.153048,0.3634721,-0.7030876,-1.371061,-2.05293,-0.1612126,-0.0920936,0.3192847,1.117258,0.6358624,0.9260114,-0.7307518,-0.2873951,-4.226666,-5.395312,-4.106518,-3.696745,-2.240481,-3.629063,0.8707415,-1.473549,3.01763,0.1559138,0.05945884,-1.020847,-0.6327945,-2.195511,-0.05176894,-1.274411,0.9722332,0.8859574,1.286244,0.3316862,1.524207,1.723008,-0.02955551,0.3380939,0.01821104,-0.8942468,-1.792666,-0.32806,1.878996,1.495196,-0.1820488,0.2372542,-1.171593,-2.894899,-0.4728472,0.0717219,-0.8830433,0.5336683,-2.668405,-3.24457,-3.068522,-2.139744,-1.026004,-1.079439,-2.34768,0.9350113,-0.09180476,2.287918,2.127706,1.181509,3.620749,3.424006,2.872346,2.624302,3.648896,2.048905,2.027834,0.3093071,1.421192,0.481398,-0.4239622,0.7320498,1.077484,1.54836,0.3281263,-1.116525,0.8351409,-1.265334,-0.5215747,-0.3953597,-0.2596441,1.02604,0.6034486,3.368256
4.650128,-0.6732513,0.8316458,0.4312454,-0.02617007,0.9823422,-0.2873811,-1.335936,-2.93547,-1.48202,-2.578399,-1.173003,1.055752,-1.612159,-0.09093578,1.135948,2.269984,-0.1490696,2.750713,0.05907096,0.9016287,-0.9471661,0.8771666,0.557793,0.0411184,2.091221,2.080881,4.202825,1.937984,1.261045,0.2841952,-1.911284,1.042663,-0.5167028,0.5505716,-2.446428,-0.8477619,0.4960087,0.6006637,-0.5895132,0.7124516,-0.7896795,-0.7834387,-0.09431717,-0.04468661,0.1865563,-0.4350266,-1.319039,0.3658492,-0.8984429,-1.323997,1.715897,0.6390099,-0.256708,0.008690163,-1.165064,-1.981368,0.7974558,0.8380873,-0.6559777,1.760888,-0.7813341,-0.5039575,1.790817,1.318613,1.104232,-0.02173157,0.1240409,1.625991,0.3713419,0.2039788,0.8814637,-1.39745,-1.636095,-0.04700817,0.03012745,-1.047595,-2.325292,-1.704688,-0.7397321,-0.7870868,-1.741174,-1.646734,0.5785581,-1.863456,-0.2360528,0.03133079,0.6461651,-0.902605,-0.8434754,-0.3766859,-0.1606229,1.969778,-0.06783263,1.654592,-0.1587601,-2.153141,0.2158108,-0.8943443,0.7229293
-0.001459727,1.698361,-2.287282,2.819058,-4.607046,3.121827,-3.344297,1.136123,-1.177693,1.134621,0.3956303,-0.8720641,2.190799,-0.3405788,0.7906986,3.007579,-0.8168423,1.252666,-1.609819,-0.2816904,0.9656436,-1.413942,0.7513161,0.5433843,-0.706361,1.385104,-0.4421257,1.314913,-0.6923809,1.559074,-0.9987665,-1.319813,0.442412,-0.773433,-1.1389,0.8533953,-1.615229,-0.1578825,-2.863037,1.016309,-0.1025824,-0.136147,0.7664331,-0.3839966,-0.7830804,0.2644234,0.3572481,1.258607,-0.6760698,0.1106174,0.5737042,-0.8642569,0.4759933,-0.254966,-0.170279,0.7487333,1.337813,-1.556273,4.203657,-2.879329,0.5749633,-0.4428927,3.112324,-1.977578,1.88134,-0.4323716,-0.5266761,-0.05817456,-0.09681533,1.253812,-0.7407301,1.084311,-0.6564791,-0.6792397,1.146286,0.1053502,0.3007445,-0.7084441,2.008139,-0.735662,0.7806318,-2.105816,-0.4350726,-0.3747778,0.9454827,-1.048386,1.178954,1.904479,-1.84608,-0.5760708,-0.07158571,-0.6227173,1.686721,-0.6094419,-0.3558036,-0.4168357,-1.649608,0.7952219,-0.4004256,-2.399595
0.7446623,-1.455018,1.258033,1.47629,-2.36566,-1.777053,-1.065514,0.4023333,0.4415074,-0.1472616,-0.4795055,0.04348237,1.008685,-0.2900977,0.2803895,1.018303,0.5728764,0.5028051,-0.4622162,-0.4499252,-1.316321,1.996904,-1.082707,0.03922151,-1.461649,0.8690149,0.1390008,0.1093641,-0.08404636,0.7378777,1.065542,-1.060797,-0.8720089,2.441784,-1.406988,-0.07557852,-0.2675589,2.980965,0.631134,-0.7937235,-0.07106397,-1.190216,-0.6353619,-0.4855887,-1.007005,0.07934614,-1.055069,-0.6955779,0.3636295,0.3001452,1.805615,-0.6623492,-0.7041983,-0.528474,-0.1463803,1.320503,0.7367647,-0.01954191,-2.367371,1.537149,0.3737518,-0.2219344,1.026479,2.307274,0.769391,0.2210543,0.1480061,-0.3929584,-0.03237263,-0.714772,-0.6185682,-1.431353,0.8065961,1.67495,-1.014701,1.748633,-1.646773,-1.334373,-0.4756518,0.8807774,0.3838039,-0.04774538,-0.207507,0.5010855,-0.0935472,2.056971,-1.360999,-1.948121,1.299806,-0.7238715,0.4083706,-0.5551218,-0.7880788,1.293424,-1.006248,0.9826959,-2.350326,1.944061,0.9912946,-1.274902
0.8718305,-0.5507774,-1.897657,1.884693,0.005748168,-0.4867809,1.115263,-0.06917101,-1.877335,1.510184,0.3637091,0.9850534,0.1620804,0.3338933,2.200751,-2.862363,2.90957,-1.102709,-0.8281701,-0.5777609,0.2873595,-0.1000838,-0.07544066,-0.3590841,1.17183,0.5399653,3.632547,-2.191291,2.036044,-2.263402,0.8880854,-0.9707334,0.5192725,-2.232454,1.326234,-1.020104,-1.241375,-0.9219166,2.564564,-4.308715,1.97734,-0.6954823,1.671308,-0.1718788,0.8012329,0.9074397,-1.247292,2.061736,-3.406955,2.321745,-1.08619,-1.118571,3.929429,-1.631307,0.2693399,0.3556075,1.027961,-1.286909,3.13186,-0.2150404,-1.004944,0.3771975,-1.165807,-0.4941507,2.497844,-0.3885769,-2.315057,1.878143,-0.977225,2.895316,-3.099295,0.1449817,-1.838845,-0.1151668,2.531809,-1.151501,0.8476094,-1.715533,1.880121,-1.243354,-1.246099,2.516701,1.101951,-1.647143,1.483622,-0.8553035,1.523515,-1.817744,0.03806026,0.9079683,-1.086775,-1.070967,-1.811259,1.121986,-0.09786843,0.344684,-1.278101,-0.9359455,-1.884237,0.1826599
0.3095228,-0.9938167,-1.211805,1.576908,1.154574,0.2351478,0.4835885,0.1877981,1.432003,1.63621,0.228953,-0.5794086,-0.8936285,-0.179805,-1.948679,-1.102354,0.8738286,-0.5383363,1.163108,-0.9857068,0.9906774,-2.530346,1.519935,-0.8003672,1.987,-1.026601,1.655536,-0.8644929,1.894367,1.335023,2.273618,-0.807019,0.196299,-1.069437,1.273801,-0.9837416,-0.7310802,0.8891635,2.903566,-2.567417,1.390167,-1.591751,0.793134,-1.837013,0.1350481,-0.4509808,-2.118988,-0.4144377,-1.83669,1.840841,-0.4216712,0.7447107,-1.264354,-2.253244,0.1192319,-1.391031,3.582383,-2.629929,2.88542,-3.426715,1.882223,0.2953759,0.1593129,1.879023,0.5794972,0.8864218,-0.7139513,0.8956379,-1.118807,2.655153,0.05607805,-0.4381327,-1.220428,-0.8285739,1.464916,-1.895215,3.687471,-1.44343,-0.4093321,-0.9252806,0.3000158,1.895388,-1.100698,-0.5578485,-0.4832967,0.5175414,0.7064825,-1.212746,-3.417073,2.623306,-3.612869,1.734761,0.8134902,-3.562185,2.047703,-3.142149,1.923535,-2.956999,2.943388,0.8515784
1.47483,2.527766,-1.649721,-0.5521141,-0.8659749,-1.257457,-0.57217,-0.3962194,0.7886905,0.6702634,0.3653968,-0.2976863,0.6332101,0.2093015,-0.5017305,-1.314055,-1.236641,0.275254,0.2811398,1.902453,-0.2801538,0.01022553,-0.7973181,0.2327015,1.097925,-3.165043,-0.4934535,-0.07634033,0.6440743,1.134218,2.380394,-1.302009,-1.23751,0.1302679,0.8149793,0.5833285,-0.8748007,-1.92238,1.55929,0.9006563,-0.1756424,0.2798252,-2.57617,0.05292177,-0.08583501,2.219508,-0.9145788,1.420755,-0.8743571,-2.162125,0.2750725,-1.219463,-0.0006585009,1.492633,-1.102062,-0.8033019,0.3832065,-1.228469,-0.8901986,-1.248291,-1.07177,1.224532,-0.9838529,-1.651803,1.152032,1.324115,-0.1289444,0.3647009,-0.8560082,2.320277,0.2772806,0.7902573,1.823267,0.5586089,-0.4498744,0.6564707,1.550409,0.6813514,-1.384539,-0.4982363,-1.485994,-1.62825,-0.9145101,-0.4079169,-0.5693502,0.2131676,0.5596579,0.6602119,-1.503966,1.936121,-0.3158147,2.30946,0.5716891,-1.783394,-2.671409,2.021649,2.879826,-0.2264747,2.101005,-0.1103409
0.8009676,2.19243,-0.04765464,-1.801689,-1.227447,0.4621589,0.6276426,-1.05534,1.648976,-0.2895281,0.371781,0.4835484,-0.4216209,-1.866321,0.6707135,1.016849,1.075834,0.9973254,0.9311035,0.09866901,0.6755176,0.7694829,-1.682428,-2.467729,-0.3616301,0.9947575,1.579617,0.5031092,0.7670831,1.461434,-0.6046121,0.182566,0.3888043,1.849748,-0.05748962,-1.776572,-1.650095,-1.593697,0.05449991,-1.295942,-0.7368486,1.040897,-0.3412,1.426138,-0.3270772,-0.2047954,-0.1003919,-0.2033964,-0.1992039,-0.864513,1.689114,0.1744225,-1.363871,1.667404,-0.0278156,-1.400892,-0.5300397,0.497028,-1.230715,-0.02868788,0.589857,-0.04057194,1.237914,0.03267281,1.86086,0.4590669,1.200638,-1.078939,0.2400367,-3.138822,0.5162229,-2.288641,1.181311,0.9349318,-1.601053,1.4157,1.040896,0.88895,1.018624,0.6013584,-0.8159429,-1.700516,0.2772822,0.6491946,0.6742805,-0.5917836,-1.994406,-0.8344348,2.393487,-0.701842,0.1590144,0.7927107,0.3340561,1.125417,-1.549985,0.2875765,-2.344882,-0.6252077,0.2210479,-2.166461
0.5485508,-1.27721,0.5451139,-0.1372393,-1.075476,0.1566156,-1.289393,0.2184833,-1.055787,0.9909985,0.5143484,0.06917657,-0.09934609,0.2759991,-0.5968146,1.009109,-0.4578956,0.1394345,0.2553861,-1.503754,1.630014,-0.8263444,-0.9844139,1.254203,0.5286558,1.934007,0.5773389,1.747487,-0.5351425,-0.006031084,-0.200128,1.419343,-1.860373,-0.06635778,-1.04652,0.442439,-3.272149,1.397242,0.1508147,-0.5608039,-1.614496,1.349716,-0.7967579,0.5805245,0.5636755,1.159976,0.3586635,0.6978024,-1.23381,0.7455847,-1.760098,1.971123,0.631835,0.1771338,-1.768952,-0.1306621,1.559639,-2.064436,3.500157,0.4332858,1.133588,0.4100084,0.6767964,1.264361,0.6623254,1.02072,-0.2451374,1.9756,-0.7733867,1.069344,-0.85949,-0.2585686,-0.4083326,0.2965252,0.1837917,1.091722,1.480134,-0.7579182,0.241961,0.6623462,-2.917835,1.029109,-0.7174328,1.296731,-1.875493,-1.561704,0.6689612,0.3030364,-1.529404,1.127639,-1.679972,0.6747947,0.251119,-3.971396,0.8761185,-0.3142768,-1.181942,-0.3117447,0.6523804,-2.99856
-1.992874,-1.400783,-2.980871,-1.41487,0.563664,-1.160952,-1.549674,0.05686843,1.109341,0.4733493,0.260236,0.5659577,4.141002,1.446396,4.835021,2.089433,1.953278,1.069025,0.382006,0.5414355,-0.7527871,0.1681942,1.475928,1.476915,3.470607,3.113015,-2.13217,0.07865325,-3.564173,-2.11486,-2.811436,-0.8634405,-1.139536,-0.07031706,-1.906312,-0.2165812,0.3974984,1.161455,2.527825,0.4397947,0.7999954,2.127386,-0.4007255,0.7327562,-1.730665,0.5764797,0.1903149,2.193057,1.184522,2.452035,0.4067461,-1.017808,-0.06989025,0.4562893,0.5328651,2.089963,1.172327,1.275688,0.7504497,0.9396445,0.1723431,-1.54494,-0.4540209,-0.6467613,0.6171424,-2.132598,-0.8602996,-2.150517,0.7372656,-0.01586713,-0.07974716,-2.530135,-0.1605677,-1.471166,-0.005248204,0.94045,0.6223366,-0.9050133,-1.766182,-0.7247998,0.09833156,0.09210888,-0.08660997,-0.4032437,-0.1360514,-0.265556,-0.7821578,0.3486025,-0.1111487,-0.9210745,0.4775782,-0.8792893,-0.09145786,-1.004122,-1.731977,-0.887714,-3.144154,0.6545961,-1.548928,0.2939018
-1.620145,-1.507859,-0.8391787,-3.05411,-3.236644,-2.698759,-1.191774,-1.640589,-0.6067122,0.1839829,1.058631,1.509866,1.019427,2.391952,3.091925,2.11413,2.671645,1.567784,0.06897839,0.9251369,0.538063,-0.1616903,0.6347012,1.228386,3.026389,2.885185,3.118314,2.027592,1.145057,-0.4089263,-0.8094301,-2.503483,-2.55377,-2.475925,-1.657374,-1.969097,-1.447182,-3.340637,-2.973437,1.425288,0.36836,2.194755,1.407742,0.7704722,0.9823031,-0.7922156,2.022055,0.6964547,0.4341507,-0.4051372,0.3363473,0.5568389,-0.353734,-1.989559,0.05790874,1.576846,2.09936,3.048967,2.963544,0.794236,2.288478,2.589277,0.8939227,0.3566457,0.7945545,-0.04008106,-0.112882,0.02770039,0.5547908,-0.5018073,1.666284,0.5357634,-0.6905473,2.186996,3.485618,1.84876,0.7354487,1.345974,1.559947,-0.5254238,-2.881032,-1.145451,0.1655472,-0.5869598,0.2095312,-0.359998,0.79984,-1.911872,-1.307152,-0.8150253,-1.073584,-2.402076,-3.445434,-2.619915,-1.402851,-2.550368,-1.980789,-3.141539,-2.890851,-2.364845
-0.264001,-0.3582778,0.4010415,2.472841,-3.347881,1.239308,0.5142592,1.813139,0.08381939,-0.1469495,-0.9763666,0.00219582,0.6356589,0.8510807,0.4492185,0.01464303,-1.570081,2.540877,0.0834545,-1.550002,-1.776472,0.5201201,-0.4412699,-0.06935497,-0.8057531,-0.2465487,0.5781767,-0.2150036,-0.0299444,0.4059029,-2.278718,-0.400906,1.443811,1.338621,1.682611,-1.497903,-2.223999,2.138408,1.103219,0.2307392,0.1314286,-2.156729,-0.4950164,2.39914,1.971267,-1.046455,0.7069815,-0.8764147,-0.2839129,1.097653,1.576451,-1.947695,-0.2594275,-0.6483803,0.8151147,2.85655,0.06083927,1.376487,-1.521652,-1.998353,2.325365,-1.093055,0.6037931,-0.4539887,1.19137,-0.483452,-0.1552346,0.2345608,1.549837,0.194492,-1.042637,-1.597157,0.000335604,0.3045858,0.5990053,0.9414319,-0.1201196,-0.03288497,-0.4198195,0.4539725,-1.349097,-0.8660558,0.312387,-0.3466749,0.3669775,-0.4403434,0.2594409,-2.112352,1.964116,1.628769,-1.74166,-0.6618912,-2.02915,-2.266201,1.280333,2.370677,-2.131854,1.889056,-1.295707,-1.93276
0.3708546,-1.552756,-1.771977,-0.5755581,0.6497703,-0.7605828,-0.02672521,-1.140045,-0.8935456,1.134129,3.335243,-1.069914,-0.303762,0.9133133,1.628735,-1.004296,0.2296823,-1.646148,-1.187501,-0.6981174,1.290091,-0.4004437,0.6285181,-0.8063389,-0.8144665,0.03671124,0.8993179,0.2067804,0.5884846,-2.27947,0.1033157,0.2637035,-1.248542,1.478668,0.06484326,1.336844,-1.320384,-2.019873,0.689122,-1.309238,0.3007565,-0.6087675,0.1296877,2.292973,2.039176,0.16501,2.671899,0.5334044,-0.1410502,-0.5318496,-0.03064156,-0.3745174,1.632941,-0.6244726,0.5611999,0.1248994,-0.7392913,0.2885209,0.4806145,-0.5001411,-0.7570671,-0.8894097,0.04511332,-1.563961,1.353016,-0.6471242,0.3732392,-0.4432276,-0.4768962,-0.6994236,0.007471852,0.1328657,1.36716,0.6137498,1.230004,-0.6578693,0.5905036,-0.9407701,1.509338,-1.47903,-0.5322607,-0.9004021,2.986267,1.481082,2.171953,-1.649729,0.2351744,0.102476,1.110232,0.7196968,-0.9593316,-1.081548,-1.052336,0.07694159,1.248516,-0.3269546,-1.26735,1.062036,-1.072612,-1.708326
0.80855,1.694852,-2.439618,1.846481,-0.3875951,1.999549,-2.579661,1.159315,-2.646855,1.540956,0.07639179,1.848638,-1.057396,-1.477766,1.653723,-3.357234,2.043474,-0.8438027,1.069678,1.587309,-1.253003,0.4672254,-3.063318,4.061026,-2.762385,4.109626,-6.072029,7.418759,-5.196601,3.349482,-1.341215,2.839234,-0.01179925,-0.8810892,-0.5929926,-1.253736,1.174942,-0.2731672,2.657869,0.7231543,-0.2742858,1.015267,-2.245622,2.297644,-2.631872,2.289056,-1.591659,0.6167732,-0.7586471,0.9096467,0.2502183,-2.330505,2.561238,-0.6409109,-0.626027,-1.414127,-0.06718343,2.328445,-1.139494,4.904193,-3.26165,3.351095,-2.636453,1.580192,-0.5034908,-1.065256,-1.067314,1.333901,2.378845,0.3096639,2.016068,-1.203768,0.7167833,-1.454147,0.05971671,0.05084788,-0.6300536,-2.037462,-0.7468494,-0.8098037,-1.731426,1.346188,0.9715547,-1.3711,0.2504559,-1.640074,0.2703454,-0.6611349,-3.303504,-2.119053,1.813122,-1.75663,4.511945,-4.445774,2.56513,0.0001973175,-1.840504,1.64659,-4.174993,3.19668
-0.6107999,0.1239413,2.637489,-2.444452,-0.1509197,0.5313318,0.4186562,-0.3515949,1.544352,0.4668441,0.08952965,0.6370901,0.9516079,0.8284647,0.6679239,0.1871985,-1.523869,-1.27614,-2.792667,-0.4917193,-0.0007997006,0.8340827,0.387826,-1.233337,0.8379002,-0.5071217,-1.174097,0.07812922,-1.567409,1.64783,-1.336768,1.899472,1.064978,-0.4235142,-1.089563,2.112741,0.6447921,1.493557,-1.458842,0.165821,1.332082,-1.179846,-1.118631,0.7493725,2.400177,-0.8977295,-1.311989,-0.1810684,0.711859,0.4420405,-0.2045699,-0.2998486,0.05619259,0.3100637,1.099241,1.152854,-2.029515,-1.165746,0.4054034,1.698603,0.300818,-1.091015,0.5208516,-1.225409,-2.226082,3.983596,-0.3429397,1.7781,1.054208,-0.5805411,0.5255552,-0.3690536,-1.806378,-0.07427882,-0.06918627,-1.3745,-1.821568,-0.8903294,0.03515072,0.4817532,-1.166052,0.878719,2.131199,-0.4217176,0.2081481,0.002650872,1.255034,0.9319529,-0.3591039,0.2918547,0.08622895,-1.647344,0.8180845,0.3500111,-0.2034706,-1.579133,0.6750787,-2.210368,-0.5394745,-0.09793817
1.151627,-0.07441831,0.914289,-0.05730921,-1.04487,1.35829,-1.02304,0.4273694,0.3339737,1.660287,-0.6324274,-1.043835,1.030853,0.1914158,0.6283816,1.326131,-1.783617,0.4552584,-0.943846,0.7191151,-0.8420793,0.1526255,0.5251209,-1.491738,0.8908647,-0.3945754,-0.4738191,-1.041764,0.05729064,-3.05861,1.734679,-1.747507,1.617525,-1.943386,1.429346,-0.2215596,-1.553121,1.080261,-0.1560982,1.078535,-0.2719284,0.9536843,-1.919442,-0.3905786,-0.09312141,-1.584196,2.235229,-3.518758,3.137331,-2.375651,2.045946,-2.51475,2.186235,-2.079441,2.600184,0.6495101,-1.67847,0.258411,0.4045902,-1.458597,2.49368,0.07792675,-0.5107833,2.079171,-1.764346,0.2072701,0.7170751,-0.05848134,1.787903,-0.437561,-0.3875676,2.320988,-3.197438,3.712142,-2.332036,0.7667347,-0.5582535,1.496931,0.6475558,-2.022686,0.9929614,-0.7781497,0.1871861,2.310654,-0.8682932,-1.276702,-1.469103,-1.010631,-0.3904452,-0.6669208,0.8229727,-1.348975,2.206839,-3.641978,3.512546,0.9220613,-0.8541681,2.127277,-1.233085,-0.4040686
0.5298843,-0.2030847,-0.7325535,0.5104027,0.05877952,0.05315822,-0.6800604,-0.7545947,-1.864508,-0.6719194,-0.8221236,-2.066716,0.6212922,-0.582686,-1.36256,-0.4761831,2.330786,-0.1504689,0.1736985,0.2894114,-1.504705,1.414199,-0.4629923,-0.6896335,0.5904734,-0.6784955,1.035919,1.491144,2.349305,0.05891065,-0.7113698,-0.5062421,-0.3879533,-0.7809108,-0.4913807,-0.7357792,0.05701936,0.8186308,0.04101286,-1.347683,1.742341,0.4381963,0.9563001,-1.283638,0.9094279,1.277962,0.9233338,1.137355,-0.7029195,-0.1002155,-1.054454,0.06705678,1.873519,1.215763,1.802508,2.081223,0.3686908,-0.00111454,-0.07509483,0.3044006,0.02885901,-1.554973,1.208505,0.6575349,-0.4701856,3.452939,-0.03764691,-1.256243,-1.807746,-0.5634458,-0.8925067,-1.179108,-1.269915,-0.9081572,0.3726228,0.1611738,-0.4519723,1.09149,-0.1235547,-0.1491278,-0.7710875,-2.975096,-1.744721,-0.4539596,-0.1974772,0.3568588,0.7666844,-0.2641394,-0.186002,2.332549,-0.1938213,0.1936626,-0.1550014,-0.2628454,-1.469414,1.083426,-1.296283,2.354939,1.700664,-0.7675392
0.1938864,2.100402,-1.905996,2.071886,-1.093126,-0.2564837,-0.2089213,0.9902885,0.4752832,-2.097967,-0.09553624,-0.5398108,0.04072713,0.3133682,0.3415495,-0.5229952,-2.175098,-1.529562,2.577247,0.5184615,-2.058481,0.4688935,-1.428536,1.677046,-0.0751173,-0.4676943,0.8543811,-1.912135,2.355122,-0.2068369,0.1226314,1.417858,-1.657357,3.020728,0.709801,-1.805838,1.1886,0.430057,0.8019735,-0.8622464,-0.3384219,-0.2577912,-1.118681,-0.1831525,-0.3956982,-2.035698,1.148267,-0.5159195,0.4103858,0.3676713,-0.3679146,-0.4519551,-1.273728,-0.8689727,1.235765,-0.1526855,1.383738,0.4106598,-0.6246548,-0.8763962,-0.439912,-0.8835231,-0.2619637,0.8330382,-0.9098396,0.9954181,-0.228203,-0.5498924,-0.1794356,1.291983,-1.477268,0.04902222,0.4212802,1.134972,-1.681093,0.6738841,0.8348412,2.431679,-1.738924,1.784373,-1.126974,0.494064,1.041194,-0.7778931,1.280388,0.8485739,-1.372797,-0.2833612,-0.9575493,-0.3517542,0.9997402,0.7770022,-1.685934,-0.01882691,0.5159297,-0.5871964,1.465524,-1.332085,0.143462,1.562787
0.373107,-0.1124981,-0.4048077,-0.4135161,0.8961348,-0.03340829,1.496015,-1.216195,0.1448424,-0.05477832,0.04888932,0.2810659,-1.019139,1.789728,1.800168,1.766722,1.914896,-2.59359,0.4345809,0.4071478,-3.030091,-1.512256,-0.2077692,-0.3228798,0.5560152,-0.04891587,2.359869,0.33667,-1.125258,0.008874714,-1.225968,-0.8795565,-0.9959355,-0.5146393,1.877925,0.7570841,1.028035,-0.9945944,0.31011,3.715133,-0.007645465,-1.722276,-0.2870457,0.7815601,-0.5521573,0.141422,0.0075581,0.5503293,-0.9016754,-0.06021471,0.1043544,-2.311481,0.04338349,-0.08275782,-0.5694242,-0.583436,1.037324,0.7003223,1.439217,0.1841411,-1.629742,0.8668531,-0.2225744,0.4204809,-2.341842,-0.2982595,-0.4595219,-0.9339986,1.075964,-0.3650001,0.9606777,2.853622,-1.192323,0.5999353,-0.3923377,1.248944,-0.07783215,-0.9986946,0.4463848,0.6582345,-1.586666,0.7346376,0.02892292,-1.591208,0.1663946,-0.06019842,-2.061911,0.1776696,-2.578738,-0.1740008,0.8333781,-0.3120756,2.006382,1.144447,-0.8085831,-0.2680126,-0.6144724,-0.4765042,0.8972499,0.8156009
1.475951,0.8411225,0.8100698,2.31179,-0.4073206,-0.368372,0.7052875,0.07894014,0.1570534,-0.5479472,0.0780815,-0.03973012,0.7242298,-0.3692331,0.2909134,0.8907431,-1.039813,1.303225,1.788468,-0.8716347,1.053815,0.172721,-0.6143532,-0.06965743,1.342459,-0.3675263,-0.2482719,0.3389398,0.04580779,-1.397055,-0.2253139,0.02723933,0.8044081,0.200363,-0.3118503,-1.649523,-2.647789,-1.057724,-0.470374,-0.588303,0.4125898,1.840941,-0.3668996,1.877907,1.297163,2.587178,-1.995587,-1.729416,0.5414801,-0.1981804,0.1218417,-0.5125293,-0.2989894,-2.170458,-0.8879683,-1.915603,0.3575373,-0.1850642,-0.9653835,-0.927788,-0.1894895,-2.740504,0.8273175,0.6407736,-0.7572176,-0.01609485,1.020792,-0.4610071,-0.8711079,0.02391235,1.984239,0.6299257,-0.2967147,2.068473,-0.1134605,-0.1798975,0.4668882,0.4932911,0.7600928,-1.329079,1.84992,-0.1152345,-0.5977355,-0.9142361,0.4666514,2.19498,0.4731939,1.246541,0.199568,-1.294925,1.209657,-0.1520532,1.616725,-1.671467,-1.184269,-1.987295,0.724908,-0.4957507,-0.2738585,-2.289062
1.053153,-1.937415,-0.141239,-1.009323,-0.2249191,1.113647,-0.3874061,1.599959,3.750125,0.09747013,-0.9714576,-0.964819,-2.141778,0.9774115,-0.2442902,0.2614971,0.01408556,-1.885599,-0.8072437,-0.986446,-0.02345881,0.8628951,0.8387117,0.7078354,2.954398,1.702724,2.201985,2.291699,0.9991337,-1.125397,0.2089466,-0.510151,-0.2325549,-0.8426055,-3.046164,-0.3358264,0.1344271,-0.6948919,-2.002471,0.2260979,1.122866,1.573166,1.838118,0.9959556,2.15929,-0.08373681,1.509471,1.85655,2.271265,1.143016,1.629664,0.2056758,1.073276,0.5126059,-1.068937,-1.178101,-1.586968,0.8757825,0.05141938,0.8086118,-0.2428945,-1.527752,-2.080526,-0.5120052,-2.884306,-1.155639,-2.404691,0.3279487,-1.820953,1.198314,-0.2189064,-1.630331,-2.119121,1.778952,0.5300545,-0.5628067,-0.4286188,-1.269066,-0.101267,-1.172456,1.032854,2.578947,0.1398219,-0.7762443,1.267775,-0.5926291,-0.3803413,-3.076085,-2.73559,-1.961192,-0.8296795,-0.3919151,0.03624937,0.2883017,0.7522039,0.6377406,0.8289765,-0.1049342,2.156937,0.2351407
0.1695443,-0.7092377,2.075605,0.4253094,1.003547,1.059812,-1.256584,0.6166826,0.05097869,0.2221958,1.103492,-0.8189436,-0.5626688,-1.19852,-0.8082464,-0.2378103,-0.57389,-0.5626153,-0.5290896,1.538601,0.2032313,1.54795,-1.490016,-1.434929,0.7900842,-1.556849,-1.099699,-0.8361676,-0.3108203,0.4102184,0.536497,-1.134977,1.686177,0.6511785,1.036414,0.6267817,0.7254014,-0.3874704,-0.7798113,0.2420279,-0.9122146,0.4255981,-0.4131863,-1.185671,1.399749,-1.679028,-1.345204,-0.1061888,-0.5149746,0.1159442,-0.02926323,0.02543297,-0.4006569,-0.4908538,-2.081337,0.09592247,-1.450189,1.609491,0.7240373,0.4538148,1.70029,-1.119509,-0.8434043,2.411968,1.332614,-0.501843,0.3843668,1.381624,-2.082187,1.824653,1.73993,-0.7722203,-0.3343743,0.6585711,0.743871,-0.2633316,-0.8831506,-0.4643588,0.8625259,-0.2390837,-2.162398,0.188546,-1.022775,-0.9581492,-0.1260418,0.2199551,1.988018,0.8487681,1.788651,1.037119,0.9951576,1.032091,-0.01245049,0.3088221,-1.5192,-1.050643,0.9562812,-0.3917932,-0.725008,-1.606508
-1.30177,-0.3530557,1.29918,-0.05794813,0.2085685,0.14859,0.2548587,1.305479,0.3682807,1.123134,-0.3836434,0.3256519,0.09793474,1.902427,-1.225427,2.335011,-3.518184,0.2448293,0.0915087,1.415839,-1.750201,2.587078,-1.786049,-0.1133323,-0.194668,-1.165956,0.5243323,-1.116603,-1.478891,-2.147295,0.4040279,-0.4185228,-0.5698409,-0.2219682,1.393778,-2.300974,0.8519005,-2.382295,0.4991708,-0.5139156,-0.8087484,-1.624757,2.062399,-1.448698,-0.4217651,-1.965784,-0.3869984,0.4431732,0.03605445,1.652935,-0.6076928,1.695285,0.1819613,-0.733117,0.3526207,0.9926098,-1.954968,0.9216298,-1.051523,1.738917,0.6742995,1.604433,-0.4583306,-1.600279,-1.418419,2.617107,-2.925947,2.149548,-1.080939,0.1225616,0.3163516,1.61078,1.11176,-0.1765643,2.626921,-1.956107,1.536987,-1.685657,3.627088,-3.781629,3.538388,-1.50786,0.7075805,-0.3796115,1.842297,-0.4070994,2.921749,-1.225858,1.756685,-2.534531,1.658496,-1.4949,1.045772,-0.5515133,-0.2773677,1.134307,-2.029526,2.041646,-3.480795,0.8736054
-1.711173,0.3503662,1.174451,-0.2962034,1.153736,-1.265488,-0.360633,-0.959759,1.617106,1.807229,-1.012513,-0.3402168,-0.2453518,1.498561,-0.3658654,0.7570529,1.178467,-2.141511,-2.037168,1.433488,-0.8857535,0.4293005,-0.1636411,0.4726501,0.4188846,-1.484845,0.9347678,0.7199252,-1.435163,0.4379353,-1.372818,0.3937157,0.3647626,-2.829558,2.283007,-0.2842704,-2.408898,-1.028934,-0.8342452,1.696393,-0.197108,-0.4136696,0.4666903,0.9098579,-0.3246418,0.7026527,-0.1181393,-0.4728131,-2.296051,-1.093568,0.07950598,0.4788266,1.813668,-0.9358298,0.555856,0.4097386,-1.582545,-0.283051,0.3920144,-1.1654,0.08792107,-0.7837543,-0.4281192,1.59846,-0.3585557,-0.97967,1.006202,-0.8281754,-0.2696169,0.4663265,1.778945,0.3008763,-0.3503351,1.131677,0.9802939,-0.5579314,-0.7629163,-0.1579931,2.355235,0.6678416,0.458709,-1.55197,0.08442873,0.4194094,-1.464093,0.1948312,0.06797957,0.2904929,0.9899524,0.3246668,-1.484328,0.1270966,1.680227,-0.6059839,0.9337004,-0.4861196,-0.3604058,1.92149,-0.1873203,1.166746
1.669218,-0.2428975,-0.6242274,1.208672,-1.276624,-0.616978,-0.1405386,-2.261245,2.262367,0.4629647,2.463846,0.09442532,-0.8163285,0.4610749,-0.5483508,-1.764951,1.888931,-0.388446,2.531155,-1.171081,1.653985,0.3478271,1.663669,-0.5643541,-0.01421523,0.5557683,0.6108609,-1.405854,2.498842,-2.93063,-0.8566013,-0.7018571,0.2343014,1.737462,-2.584946,-2.604247,0.5129282,-1.06805,0.1076844,-0.514328,0.01450109,-0.7425435,1.409388,-1.277067,-0.0231206,-0.005856784,2.308997,-1.626236,0.9102983,-0.957185,1.739491,-0.08768305,1.581877,0.319385,0.5673203,-0.2405447,-0.2130574,-0.04882243,0.0695079,-0.2254737,0.2341414,1.579984,-1.164306,1.469666,-1.404467,0.9742478,-0.3656493,-1.118474,0.01771283,-1.180149,1.98271,-0.1699551,-1.442349,0.08007574,-1.825624,1.059018,-0.4560853,-1.190748,1.741671,-2.473567,2.407328,0.5094419,-0.3317328,-1.21931,0.04700661,0.3632014,-1.737358,2.066464,-1.808131,2.235281,-0.8951243,-1.058426,-1.055555,-0.6348376,0.5735736,0.9374718,0.7098042,-2.425418,2.087814,-0.4617538
3.683223,-1.992987,0.5083451,0.5466885,0.1037525,0.7129161,0.8923979,0.2311331,-2.664043,0.4339556,0.9883509,0.08182754,-0.2510764,0.5150503,0.0927349,-0.2451223,1.040874,3.560036,-1.514629,-1.789178,1.163952,-0.5199267,-0.2768951,0.6590905,-2.576654,1.909131,-1.143505,2.268654,0.7747157,-0.09703345,0.6940975,-2.89545,1.589712,-0.07387346,-2.400272,1.830636,-1.114736,0.4755718,-0.3479399,-1.394484,1.634229,0.1800367,-0.2972571,-1.36405,1.295361,1.052276,1.255747,-0.8938227,1.271874,0.07162457,-0.3197316,-1.771078,0.6831065,-0.2363454,0.1474012,1.284691,1.242673,-2.008947,1.55892,0.65166,-1.58598,0.3439028,-0.6466187,1.762404,0.005217224,-1.070374,1.53175,-1.616096,-0.6858466,-0.9560195,-1.712252,1.06626,-1.106438,0.2450195,0.3087646,2.977462,-1.337683,-0.9405791,0.2680958,0.9887263,-0.9189745,0.9937783,-4.079975,-1.308092,-0.3270637,-0.9424319,1.396288,0.2669708,-0.03529958,-0.4401519,3.269995,-3.379648,0.7967574,0.9098374,-2.93207,2.218528,-1.627402,-1.045924,3.628762,-3.181008
0.6887585,1.147352,0.4357538,0.8493131,2.231956,-0.1709409,-1.272474,0.2753108,-0.2750688,-1.520174,-0.4055191,1.041507,-0.4355889,-0.8804643,-0.4003204,-0.9735612,-2.010639,-3.544594,0.5972127,1.040959,-0.1513963,0.5787153,0.7154404,0.4009455,0.1684426,-2.134705,0.06855388,-1.011484,-1.65148,1.915212,1.300699,1.435821,-0.1068773,-0.2797525,3.423316,1.074707,0.9037658,2.458226,-0.572295,0.5699313,-0.5427274,-1.202406,0.6761359,0.3515627,0.5441338,0.1006033,0.5624812,-1.023401,-0.6086199,-0.2168835,-0.6247697,-2.434758,-0.5725728,-1.316891,1.152515,-2.14084,-1.091257,1.308714,-0.5696342,-0.6930012,-1.293186,1.850516,-0.8783159,-1.254209,1.152121,-0.01547109,1.632137,-0.3367605,1.659523,-1.088499,0.3528745,-1.084869,-0.5853949,-0.001905382,1.06733,0.01596072,-0.3581007,0.7296289,-2.021966,-2.598444,-1.150272,0.3882914,1.51277,1.640411,-0.04813398,2.233414,1.573928,0.4551861,-0.1759917,0.8783154,-1.969588,1.562481,2.053566,-1.986012,-1.227922,0.940541,0.2342303,0.2121757,-0.3447204,-0.9085914
-0.2053342,0.7771121,-0.7147043,2.227939,0.01623213,0.3587436,0.06370961,1.684106,1.011499,-0.5018142,-2.558462,-2.165251,-1.873343,0.4443526,-0.1845663,0.05385428,-0.6969796,-2.142892,-0.8400264,0.2901065,-0.0580393,0.5545675,-0.70474,-1.224504,-0.451113,0.3105713,-0.4928268,-0.574727,-0.7345443,1.832604,0.8657631,-1.728619,1.273098,0.3705841,-0.7709861,1.251477,-1.527877,0.07005056,-1.012683,0.4483449,-0.5372522,-0.3880748,1.217207,-0.5175135,3.280912,0.5088277,-1.435428,0.9903073,-0.5103214,-0.3952841,-0.2395558,0.2564439,-0.02433141,1.043444,0.7971457,1.315294,1.426807,-1.186482,-0.1212198,-0.2576475,-0.2495699,0.1272287,-0.8817732,-1.610035,-2.405312,-1.397997,2.079542,-0.2791823,-2.035664,0.9456018,-0.005151637,-0.8245379,1.855486,1.303746,-0.01702685,-1.029797,0.9253243,0.8353884,2.14241,0.2883611,-0.07900322,0.0115177,-1.936867,0.8328173,-1.248721,-0.6746576,0.6114694,-0.6833801,-1.274592,-1.129699,1.647142,3.071914,-0.08429409,0.03175848,1.86431,1.975124,-0.5139722,0.3974958,-2.086781,1.537417
0.3574288,-1.871569,2.591656,-2.485941,1.078655,-0.6879142,0.7009589,-0.5195342,-0.3296774,-1.699645,-0.8106459,-1.461522,-0.995547,0.3730275,1.281759,-0.41783,-0.06056235,-1.036648,1.109176,-0.7192768,0.05025877,-0.9188312,1.394941,-1.157231,-0.4019732,0.1917245,-1.744607,2.109891,-1.377818,0.2417418,0.244076,1.525537,-0.9248807,-1.526999,1.569403,-3.472259,0.9961926,-2.600391,2.57372,0.0913566,-1.837118,1.516926,1.247703,1.50252,-1.416714,0.6959909,2.158323,-0.8985845,-1.967677,2.309444,-0.6838697,0.6098004,-0.2678199,-0.414055,-0.6528957,0.6852217,-1.326113,1.672298,0.155616,-0.8405771,1.74703,-0.8864531,0.4632413,-0.8731762,1.64713,-0.3660008,1.793609,-1.876179,1.407782,-2.548361,0.3408314,-0.3502806,0.2976581,-0.6314227,0.003623866,-0.2647385,-0.06112794,-0.4360463,1.033503,-0.7487883,0.9164427,-2.456089,-0.276454,-1.256915,1.586101,0.3176776,1.151427,-0.4845293,1.394555,0.4790531,2.341549,0.1694619,0.2427824,1.883296,-1.530188,0.2896097,-0.6331139,-0.6899541,2.768434,0.5863975
0.8567564,1.146025,0.7303011,1.469189,-0.9254648,0.1639688,-1.265664,-2.051041,-2.855452,-0.6971154,1.823632,3.496553,3.16985,0.9791617,0.03597774,-0.1800849,1.666586,0.7517818,0.4198035,1.537357,0.3514417,0.2891331,-1.956177,0.2721605,0.2847927,-0.1946708,1.262257,-1.397458,-1.422584,-2.691873,-3.930341,-1.741793,-1.127751,-1.528033,-3.118259,-0.3708755,-0.9057172,1.294748,0.02327688,1.682307,3.380661,-0.2161101,1.362824,-0.711051,0.3075453,-2.857908,-0.4887688,3.850699,-0.7698856,1.865079,0.1641333,0.7786442,-0.63206,-2.305698,-1.647704,-0.7177668,-1.798881,-3.246165,-0.1458109,0.560677,-2.43864,0.6834196,0.427764,-0.5838287,-0.4585236,-0.2892424,-0.9988028,-1.153189,-0.1610687,2.619448,-1.020542,1.45533,4.467356,0.6991175,-0.1204142,-0.3736231,2.732181,1.527366,-0.5157654,0.1071617,-0.7644052,0.9635693,0.8199918,2.381263,1.785557,0.2705845,0.9628798,-0.1729327,-0.6589109,-0.4506047,1.604079,1.880926,-1.297374,0.2151654,-0.137689,0.5497807,-1.743676,-1.874568,-2.278552,-0.7397532
-0.9578056,2.207103,0.04603368,1.098629,0.8364605,-0.3626204,0.4542989,0.2553464,-0.7151971,-1.401055,-1.274002,1.093885,1.042827,2.022649,0.9973667,-1.605963,-1.263651,-1.702307,0.281644,-0.9372421,1.162823,0.3224261,-1.033715,-0.9757317,-0.6134341,-1.792906,-0.243944,-1.180711,-1.277617,-1.39165,-1.345528,-1.798345,-2.422226,-0.7434031,-1.933416,-3.382208,-4.001122,-1.468442,-0.7671055,-1.214752,-1.527323,1.468184,0.3586892,0.6711046,-1.007455,0.3331304,0.2924791,-0.4564962,1.264911,-0.711548,0.418952,0.09316993,0.8426536,0.3296863,-0.8087841,-0.8141239,-0.5927786,0.9198753,-0.4488077,0.07830071,-0.8385376,0.1706846,-1.078059,-0.1978211,0.02905232,1.207914,0.9416599,-1.666899,0.6116275,-0.1860412,1.633234,0.7387058,-0.2415313,2.572215,1.139079,1.658378,-0.7786272,1.282291,0.8366436,0.6372464,0.3845959,0.9728726,1.411402,0.9206154,2.282159,1.919428,1.075335,0.215656,-0.6712025,2.623226,1.328265,1.6385,3.123771,-0.03871101,1.133068,-0.5770286,-0.4026907,-0.2382284,-0.01524824,-0.2762085
0.1255029,0.7142924,1.05811,-2.362092,0.4217454,-1.614428,1.667812,-1.643431,-0.9786925,1.083324,-0.2384949,-0.5819493,-0.2552006,-1.154375,-0.5917478,0.5360935,-1.184558,1.322601,1.228813,-0.8422754,0.08424546,-0.9704446,-1.297117,-1.0483,0.3263707,-1.424269,1.43474,-1.34763,-1.2457,3.430701,1.143872,-1.556198,-0.604573,-0.4445671,2.27615,-1.620196,0.7514827,-2.246964,0.00902532,0.8656159,-1.551429,0.6551468,0.7924089,-2.492005,-0.8782044,0.3613618,-1.278353,-0.1037842,0.6512954,0.7530659,0.219964,0.4506264,0.8839145,1.57022,-0.3964416,0.2553367,1.537769,0.8986079,-0.6680739,-1.213316,0.004516944,-0.9858442,-3.094344,0.5339326,2.774244,0.7938213,-0.8760831,1.683341,0.2344952,0.742875,1.020891,-2.83018,0.07940015,2.044989,2.554904,-1.635035,3.458332,-2.206827,1.523364,-0.7954856,3.540726,-1.420002,2.492188,-0.5131891,-0.5346584,-0.8689792,0.08048852,-3.153462,0.4609528,-2.7193,1.124222,1.50761,-1.085722,-0.8529108,0.8555584,1.279705,-0.2986941,-0.07667057,-0.4877704,1.969206
0.3641892,0.3904966,0.5204424,0.4562252,0.8280483,-1.903759,-0.9934242,-1.050371,0.04614908,0.6218755,-1.874407,0.6502414,0.03964721,1.027363,-1.641058,-0.3843773,0.4302253,-0.7607427,0.2315052,0.3068757,0.6448049,1.273024,1.026217,2.554092,-0.00278978,0.1658631,-1.074918,-0.3897362,-0.05785313,0.1778851,1.573952,1.129844,-0.148597,1.990473,1.009242,0.6322795,-1.509766,0.4794461,1.515493,-1.029738,-1.502302,1.169572,0.7610808,0.04115391,-0.9879541,1.367197,0.8592774,-0.1580642,-0.7559049,-0.2164091,3.651237,-0.9558244,1.131863,0.7987181,-0.8260435,-1.461435,1.09316,-0.3302524,-4.718023,0.2613218,-1.034613,1.309881,0.1504382,-0.7163693,0.3301457,0.8494933,-0.7415882,-0.9923415,2.170998,0.2790536,0.9547436,-1.324659,-2.021274,-0.6401383,-1.059649,-1.274284,-0.1873942,-2.094761,0.3752553,-1.82211,-0.5966679,0.9409457,0.6421572,-1.543641,1.149822,0.009304605,0.6670718,0.354613,-0.04650835,-1.522443,0.7623848,1.011215,0.2106658,1.831565,-2.443858,1.36659,0.08440826,-0.7762223,0.4822731,-1.581232
2.930482,-1.388668,1.36577,1.791309,-3.477721,-0.5489997,-1.231089,0.6855713,-0.8863525,-2.558857,2.974964,-0.01443321,-0.005742759,1.510215,-2.258696,2.80079,-0.6009194,1.178866,1.096864,-3.472276,1.236664,-0.3457547,-1.967396,1.960382,-2.406279,-0.3999884,1.032934,-3.111675,3.307454,-2.381645,-0.4684366,1.147743,-1.024623,-0.421077,-1.398598,0.7538959,-0.4520713,-1.435701,1.924964,-1.132741,1.10712,1.715763,-1.973971,0.4317538,-1.556451,-0.5658871,1.334926,-0.1432346,-3.863952,2.701272,-3.526851,0.7586843,-0.627984,1.883384,-0.2118898,1.885708,0.8528982,-1.130393,1.149804,-0.5358419,-1.959736,1.742338,1.866642,0.633604,1.484219,0.9572108,-2.225744,0.9935312,0.7747548,1.972272,-3.189406,1.521195,0.8558717,-2.46434,-1.173052,-0.3358862,3.047172,-2.243972,1.125069,-0.4087102,-0.004496008,1.984113,-1.891389,0.5350548,0.3849548,0.5477403,-1.769554,1.727816,1.016255,1.765128,1.207601,1.32906,-4.585101,5.166752,-4.121715,1.446642,-0.2458655,-2.979465,1.988427,-0.4689747
0.4658027,0.1218728,-1.421648,0.1272305,2.123711,-0.6454852,-2.378872,0.9910476,-0.2265782,-0.6626967,-0.4456677,0.1903255,0.152316,-1.858298,1.204165,0.5089329,0.9912437,-0.3589191,-0.4538586,-0.4430704,-0.2317611,3.332047,1.399077,1.99372,-0.0975246,0.3876196,1.104436,0.2651464,0.5605817,1.465321,1.481878,-0.5337608,2.020828,0.0766654,-1.282348,-0.1924336,-0.6091154,0.756954,-0.6135426,2.673848,-1.962714,-1.026466,-1.145588,0.9881057,-0.3063192,-1.390864,-0.5344478,-1.264886,1.763586,0.1506612,1.304741,-0.6642713,0.3226725,0.3029257,-3.347328,1.219375,1.044907,-0.8175618,0.1644969,-1.257186,0.4690724,0.001059264,1.40953,0.9572477,-1.499854,-0.4846612,0.1790956,-1.605121,0.7631219,0.551769,-0.4339327,-0.7396299,-0.4121052,1.193238,0.6928623,0.4769638,1.031424,-2.823443,1.853803,-1.43251,-1.28794,0.5156031,-0.6956206,2.670801,-1.541759,-0.454358,0.4059467,0.9250516,-1.754615,0.05153207,0.1492513,-0.3945317,0.3946321,-0.8705187,-0.5411848,-0.5199409,-0.5756167,-0.9818968,0.1542204,-1.280016
-1.308605,0.5835118,-0.455744,2.094656,-2.033217,3.695657,-3.408661,5.027519,-4.380682,4.911478,-4.608079,4.0373,-5.146115,3.81279,-2.09797,1.698745,-0.9211403,0.607215,-2.62365,1.476625,-0.9484917,0.8435414,1.325781,-0.9854188,1.457882,-1.884924,1.859128,-1.227154,0.7202378,-1.084376,2.654329,-2.586936,2.981054,-2.111715,1.657851,-1.563387,2.178405,-3.132017,1.869227,-1.616007,1.599321,0.4841497,2.612427,-3.484461,3.118917,-1.819259,1.41576,-1.620944,1.433368,0.1217013,-0.8400786,2.118861,0.3465226,-0.8518857,-2.275975,-0.2621324,-0.8964691,1.75561,-1.009787,0.5736315,0.7097146,0.2974939,0.6209391,1.342035,-1.282085,-0.9266981,0.5835823,-1.28495,2.418611,-0.3648358,-2.330021,2.013165,-4.753272,2.613103,-2.792774,1.006039,-1.535017,1.278017,-1.3212,1.287086,-1.654527,1.10262,1.777133,0.6403426,-1.043349,0.5795041,-1.228466,0.1719631,-0.1896938,-2.250391,2.14059,-2.824995,0.7204046,-0.6239137,1.759553,-1.798338,1.519979,-0.02064002,-0.3635927,0.1189623
-0.7993894,-0.8740953,-1.39677,-1.640001,0.004162494,-0.8106314,-1.757708,-1.551614,0.2620548,1.633121,-0.1030115,-0.04276354,0.510814,0.4419739,-0.5771155,-1.120512,1.002474,-0.7469802,-0.3302767,-0.3612552,0.1951768,-0.03937226,1.218434,-1.014101,0.7685798,-0.8534248,1.11391,-1.053156,-0.6886954,0.3908468,0.9251292,0.06017217,-0.1264198,-1.637721,-1.935676,-0.5148794,-0.07049477,-0.5723169,-3.015189,0.7342069,-0.4458436,0.2672954,1.163883,0.6814191,0.2330937,-0.1887348,-1.330578,0.1787179,-0.5429856,1.163526,1.415919,0.1798406,-1.359591,1.028216,1.497253,-0.4096971,0.1689602,1.546151,0.9783865,-0.1083926,-1.023051,-1.037762,-0.5225279,1.309865,-0.5258062,-0.2670624,1.447754,-0.3982704,-0.07682197,0.2589228,-0.0008884333,-0.4162733,-0.1538178,-1.236049,2.423885,0.6319647,-1.129582,-0.2017314,-0.5034633,1.040425,2.541897,0.2402153,1.424933,0.7892318,1.550582,0.4306778,-0.7294115,-1.179167,1.227307,0.6474441,-0.2799017,2.202802,0.1734439,-1.114166,0.254837,-0.153019,-0.2845002,1.52436,1.367286,-1.998889
-2.140312,1.79602,-0.1011814,1.146892,-0.4863292,-1.096015,1.579245,0.4189632,-0.4066214,0.07335256,-1.717829,1.306722,-2.259921,1.367251,0.9307607,-1.477898,0.8590816,-1.239529,1.041195,0.3654703,-0.6098019,-0.5850074,0.8980157,-0.1588239,0.4165005,-1.996202,0.8962518,-0.655636,0.8968326,-1.647255,2.298499,-1.409031,-0.9942747,-0.1977964,1.312452,-0.9665003,-0.1517852,0.8751759,-0.04268481,-0.2224118,3.70768,-0.8565767,0.9325395,0.6666199,0.1332441,0.7626415,-1.652593,1.971507,0.5492004,-0.6821557,0.6836838,-0.3262667,-1.436998,-0.2414133,1.401533,0.3636204,0.763227,-0.2004619,0.01130508,1.307209,-0.7765057,0.167453,0.5380294,-0.4403285,1.282242,-2.754249,-1.32004,0.7471911,0.08425973,-1.515885,1.063503,-1.251588,2.815534,-2.537337,1.852656,1.170619,-0.7231069,-0.1416984,0.03179159,-0.1512014,-0.2286191,0.2784145,-1.267272,1.419079,-2.138347,-0.1231869,0.1316509,2.066823,-0.8265253,2.487826,-3.758331,0.2945899,-0.3830894,-0.9664432,1.035234,-2.008178,0.8469892,-0.2099645,-1.029021,0.4636538
0.8703666,-0.6164548,0.7417583,-0.4350502,0.5242677,-5.59669e-05,0.4699128,0.6337496,0.3152886,-2.557395,1.201689,0.2501435,-0.3072806,-0.2175913,0.749862,-0.2924207,-1.088226,0.5958929,-0.8103759,-1.698442,0.3611172,1.639917,2.005392,-1.611889,-0.6768019,-1.139146,0.1963059,0.5132899,1.186051,0.511156,-1.279525,-0.3254775,1.256915,-0.4435365,-0.5414187,1.07115,1.453255,1.711153,-2.02431,-0.001475589,2.208533,0.8199157,-1.739155,0.7675933,-0.6951662,-0.4252465,2.155574,-0.4463376,-0.3104209,-0.9804627,1.101333,-0.2904465,-0.4730243,1.481058,-0.489129,-0.104529,-1.056327,-1.656226,-0.9075718,0.6078029,-1.203567,-0.2041415,0.9058757,-0.1369568,-0.07580746,0.6527349,0.03418685,1.293026,-0.8178284,0.83351,1.871786,-1.878488,1.169803,0.4911776,0.1398946,0.1015078,1.215862,-1.29951,0.1712026,-0.4029199,-0.9667076,-1.170296,-0.4447494,0.3320218,0.7885815,-0.09837194,-0.04088509,-0.5185273,-1.12654,-0.8995894,0.3557356,-0.9590074,0.2193865,0.6798499,-0.4703093,1.121422,-1.4117,0.2118331,-1.420382,1.197358
1.921641,0.3660246,1.807039,2.112417,0.8263435,1.710547,-0.1950202,1.426788,1.71651,0.9330496,-0.2829855,0.7496225,1.416079,1.436719,1.175279,2.401326,0.9769999,1.989002,0.03450909,2.230565,0.9706936,0.6783053,-0.01517036,-0.625365,-1.282333,0.4268417,1.491878,1.462039,1.041191,-1.106966,-0.1496341,-1.868858,-1.573304,-1.846456,-0.9945661,-1.333431,1.159978,1.01837,0.5385268,-0.4851799,-0.08700738,-0.5952232,-0.4752783,-0.6372011,1.162333,2.011121,0.3775082,-0.9676435,-1.277067,-2.016287,-0.4117979,0.1804773,-0.2436935,1.218901,0.7169232,1.374854,1.883143,0.2033896,1.347414,0.4922691,-0.1802115,-0.4902187,0.2015357,-0.2378667,2.901132,0.1756041,0.7805092,0.5853399,-0.5113636,-0.6557763,-0.3257826,1.009441,-0.7016177,-0.1188583,0.2521871,0.8321849,-1.359107,-2.762519,-0.03802351,-2.274823,-1.415334,-0.319929,-1.748485,-0.7961608,-0.477314,-2.881557,-3.049334,-2.092866,1.007304,-0.421399,1.063221,-0.5996762,-0.6115434,-2.001024,-2.178568,-2.224073,-0.7753445,-2.197556,-1.487048,-0.3912331
0.8712186,1.213209,1.80044,4.053706,2.28225,1.36872,1.933147,0.5837326,0.9589436,-0.2535351,-1.267233,-0.7549325,-0.6248602,-2.682805,-2.553216,-2.681195,-1.458689,-3.186193,-1.421762,-2.11329,-2.479667,-1.303982,-2.470229,-1.707178,-4.38607,-3.835222,-4.935651,-3.630557,-2.59985,-3.52536,-1.320423,-0.4794038,-0.2143663,0.5651686,-0.691126,1.408836,-0.7103206,1.75216,0.4993816,1.055355,-1.114027,0.7238034,2.633308,0.3518967,1.505976,0.02309451,-1.326637,-2.534369,-0.687747,-1.663016,-0.4965931,0.04132006,0.2938145,1.595931,2.155048,1.999797,0.7638406,-0.04073435,-0.2500127,-0.2785745,-0.7098908,-0.1699933,1.033085,1.275327,1.085587,0.2254449,0.0006634891,-1.329991,-1.064176,-2.398326,-0.4020863,-0.7130462,-0.6390617,0.7645891,2.152498,1.128543,1.81777,1.761846,2.81718,2.243462,1.159991,0.7039074,1.192343,1.715534,-0.4650563,1.396076,1.080107,0.7378516,-0.449575,0.3986206,0.8372751,-1.334578,-0.3304582,-0.4586004,0.1449182,2.587589,1.883402,2.119488,3.548018,3.898453
1.111369,-0.05984481,-1.262943,0.2055686,-0.6612277,0.07156138,2.451799,-1.560483,-0.09339516,1.557456,0.08046003,1.344188,2.929133,0.311411,3.441822,-0.3406479,1.328867,0.1063386,0.1318459,1.141455,0.8470835,1.139811,-0.7029936,1.932261,-0.529155,1.622256,2.969999,2.997054,1.397696,-0.1796798,0.5410193,-0.6579875,-1.653042,0.5730591,-2.532601,-1.793517,0.489603,1.38692,1.640389,1.977772,-1.158889,1.102826,1.007244,-1.81859,-0.2031228,-0.4200643,1.511483,1.207275,1.671412,0.1388503,0.638281,-0.6092813,-1.387816,-1.53836,0.6772186,0.1427123,-0.6561179,0.1499216,-0.8124135,0.3273102,0.4916664,0.5547414,-1.425071,-0.6262081,-0.8812959,0.3412799,0.1723949,0.5008053,1.73611,-0.4983786,-0.1683901,0.3764921,0.2161337,0.4864606,-0.1791368,-1.514911,1.776891,-1.748209,-2.10417,-1.182787,-3.634243,-0.7096759,-2.669773,-0.2198485,-0.9649969,-1.549891,-1.939501,0.03916247,0.2306298,0.1119648,0.4342486,-0.6901936,-0.404528,0.08525348,-2.170196,-0.06788509,-2.050386,-1.498681,0.3840348,-2.710474
0.4819371,-0.4735249,1.499335,-0.6685172,-1.153167,-0.1302311,-1.021719,1.260688,-0.6655539,0.6161289,-0.3906504,1.788247,-1.744687,0.7461145,-0.05628011,1.279355,-0.2149833,-0.08332891,1.836099,-0.4995235,1.063272,-1.174488,1.286982,-0.128218,0.05306687,-1.055752,-0.4056103,-0.1634391,-0.7369295,2.020463,-0.4884867,-0.2739785,-0.938428,1.124834,-2.741026,0.9338835,-2.073833,-0.04990453,0.657199,1.300195,-1.050315,1.845194,0.1081092,2.570339,-0.3085434,-0.724077,1.233481,-1.632702,0.6455458,-0.8933912,0.7910791,0.7973032,-0.7302045,-0.4538604,-0.8651765,1.064064,-0.03029818,-0.0196915,1.985705,1.455412,-1.116724,1.983102,-1.294162,3.310447,-1.897761,2.045315,0.2593557,2.176203,-3.153115,2.928571,-3.404551,2.394607,-2.540546,0.7203833,0.5930308,-1.759561,1.9644,-1.469815,0.253442,-0.8691408,-0.5095356,-1.107999,-1.468911,-1.117202,0.1122249,-0.3712561,-1.961339,1.325644,-1.020691,0.5630569,0.5051125,0.1883881,-0.3311014,1.514053,-1.398942,0.6077688,-2.383598,1.720399,0.4428807,-2.835944
-1.011076,-1.379864,-0.8912787,-1.499109,1.176118,-0.3859833,-1.361873,-0.2261485,1.033285,0.5011435,1.055167,1.302007,-0.533628,-0.3636808,0.7779351,-0.07263748,-1.057232,0.9563373,0.5293345,0.5912156,2.021771,-1.569519,-0.3799284,-0.2640745,0.2043083,0.6539952,0.5585364,-1.166993,-0.02616432,-0.604265,-1.805563,0.7273968,-0.6053122,-0.8539851,-1.82154,1.204273,0.03142984,0.4883704,1.688253,-2.660022,-0.6268256,1.384283,-1.124097,1.200333,-0.7907102,0.3544832,0.7868568,-1.584539,0.1732626,-0.4877504,0.8856085,-0.8726609,2.580804,0.02145655,-0.8536251,0.9447307,-1.241319,1.325011,-1.471274,1.2574,-0.9564826,1.239518,-1.997444,-0.08786672,1.293795,2.700129,-0.4798952,-0.8787079,2.733793,-0.4610544,-1.57557,0.7945663,1.931103,-1.061966,-0.953283,1.637023,-0.1676071,-1.488332,0.04634054,0.3060823,-2.459152,1.725107,-2.678562,-1.317231,1.06521,-0.2528549,-1.494496,-0.5351751,0.9420798,1.509581,2.48127,-0.2809442,0.9463041,-0.6721442,-0.5460947,0.5598457,-0.8754684,2.56626,0.3549476,-0.4350497
-2.525985,-0.2572888,-2.004965,0.7360334,-0.2020996,0.5129031,2.153752,-1.576341,-0.9312673,1.02188,1.414613,0.5247399,-0.2710862,1.014725,-1.55662,-0.5262803,1.294633,-0.676914,0.1406291,-1.01463,-0.1316145,-1.515547,1.475938,-1.014361,1.484865,0.4707985,-0.02067718,-2.1729,1.264817,-0.9962417,-0.1081858,-0.6020843,0.4853548,1.97355,-1.224341,1.721992,-0.7317392,1.958265,-2.597153,1.993001,0.2303052,-4.290294,1.570764,-0.4726322,0.1514156,1.916472,-2.268849,0.5826898,-0.6598915,0.233757,0.1377656,-1.233646,1.479154,-0.6602249,-0.4930065,0.004514515,0.1195883,0.4887712,0.4789805,-0.4343988,-0.1035169,1.08637,-1.056823,0.1687221,0.3348025,-2.104281,2.521089,-1.209485,3.16796,-1.216043,3.622315,-1.252882,0.9425015,-1.697448,1.838806,-1.582572,-0.8848221,-0.2189251,0.03736544,-0.3258496,1.129825,0.9970995,-0.4408348,2.411289,-1.147633,0.01264656,0.4047766,-0.1700955,0.4890655,-0.6920313,-0.6414957,-0.135121,0.2926236,-0.5642173,-0.5168558,-0.540367,1.717159,-1.12916,-0.791052,1.381694
2.332209,0.4752217,-2.034034,-0.2154623,-1.075582,0.9812149,-1.838237,-0.7720852,-2.265753,1.768411,-0.456979,3.606414,-0.7828205,0.6727505,-1.975057,0.05204327,0.2805043,-0.7618306,0.5108629,1.550377,0.236701,0.5053368,-0.5670639,1.734971,-1.113033,0.5605626,-1.585023,0.2516442,-0.08766846,-2.41849,2.262829,-3.138264,2.753111,-1.963646,0.4585376,-2.589287,1.240404,-0.3646702,-0.4657678,-0.9649355,0.7374904,-3.359399,4.690135,-2.213017,0.6153612,0.6748102,0.7805967,0.880047,-2.660059,0.4654564,-2.117078,0.2427527,-3.031095,3.607649,-0.327203,-0.9750825,-0.07478362,-0.6659456,1.383759,-1.455212,0.725784,-1.410898,-0.3670129,1.258664,1.596784,-1.024925,2.32555,-1.805636,-0.9364555,3.13047,-2.629841,1.500508,0.8290203,-1.011931,0.1100695,-1.033172,0.6238069,-0.2295876,-0.3601189,-0.4071321,3.323116,-0.6584675,-0.07195305,-0.6184635,0.598066,1.674213,0.1229875,-2.637745,1.711243,-1.214108,0.7557551,1.783219,0.4376063,-1.352684,0.465239,0.7165034,-1.450169,1.955305,0.02246072,1.556328
1.043599,-0.659111,-0.9929275,0.6214647,1.493864,-1.460252,-1.501743,0.4863806,-1.013929,-0.5266793,-0.0344196,-1.532831,-0.3656751,-0.3813831,-1.283807,1.871401,0.3946327,-0.8444166,-0.8046408,0.8075733,2.918815,1.313566,0.06257695,0.058108,1.27142,1.321562,2.170033,0.4878446,0.9866785,1.972177,1.028639,0.9690034,0.4035457,0.5751417,-2.042386,-0.2992847,-0.4586872,-1.24027,1.845454,-0.8965727,0.03348333,-1.350635,-0.702363,-1.554122,-0.6098087,-0.0681926,-1.395201,1.699519,-0.6505278,1.388325,-0.09529662,0.8283216,0.9879928,-0.7049448,-1.038679,-0.8560927,0.1050388,-0.41965,0.7495747,-0.04784477,0.7194951,0.1141176,0.8851651,-0.1382383,0.1795422,-1.58323,0.9768344,-0.9983084,0.3445161,-0.5544123,-0.2815209,-0.4470708,0.9651426,-0.1232125,1.165325,1.255151,-2.583603,1.529498,-0.8998916,-0.7896783,1.622242,-1.579586,1.248422,-2.864056,0.156626,0.05795243,-0.01216573,-0.4398791,2.35841,-1.315284,-0.7259318,0.8467375,-1.316149,-0.02223384,0.09693968,-1.807982,0.007853314,-0.4209579,-0.1687964,0.4788541
0.9012781,-0.3328511,-1.09903,-1.81471,-0.0974215,-0.4593344,-1.842257,-0.1439857,1.51313,-1.467051,-1.944986,1.482371,0.2902384,-1.055539,-0.3806024,0.7728171,-0.6300207,1.809579,-0.3344345,1.262334,-0.1354735,-2.000101,0.04420009,0.1220995,0.05391762,-1.331303,-2.532102,-0.2975647,-0.4615783,2.246011,0.3253578,1.485818,0.9515214,-0.1358619,-1.18003,-1.352436,-0.3995731,-0.1133269,-0.1711587,1.437415,-0.4539077,1.324099,-2.370266,0.6103566,2.811067,-0.7812145,0.6194297,-1.358082,-1.131507,2.106198,0.2407511,-0.2962614,1.109393,-0.7160628,-1.744441,2.146741,-0.1756293,0.6718779,-0.8831725,1.139904,0.6497295,0.2246373,0.2097088,-1.065117,-1.589498,-1.497809,-0.02513442,-0.5786794,1.244554,-1.397599,-1.45002,0.8330522,-0.5022651,0.3115407,-0.7456365,0.05566265,1.871892,-0.7352857,-1.429242,0.3701282,-0.5239846,3.256112,-0.2156395,0.01842483,0.7904764,-1.035844,-1.168383,-1.408884,-0.2762297,2.867916,1.189981,1.582567,-0.1087266,0.6388338,0.0430868,0.6085438,0.637722,-1.401938,2.649552,1.247164
-1.719576,1.242916,-2.339753,0.5317407,-0.622007,-0.3388621,-1.044134,-0.1100774,-1.491946,0.2771484,4.09755,-2.16077,-0.5296414,0.6291672,1.85731,-0.490636,0.8838441,0.6287737,0.07839464,2.144701,-4.505083,5.137237,-2.491976,-0.03660278,0.1194838,-0.881196,-1.8142,0.9522244,-1.028207,1.467827,-0.6961983,0.530189,-0.1622349,1.246492,-1.533482,-1.874611,0.2644009,0.3877872,-1.116683,0.8806356,2.396188,-1.336123,1.840225,-0.3803074,-0.4406183,1.476025,-0.08969496,-0.5849323,-2.468989,-0.3645348,0.02991255,3.660423,-0.277199,-2.496598,0.02454598,-0.8788778,1.586258,-1.618057,1.845367,-0.690461,3.540222,-1.870215,-0.1297564,-0.06919651,0.9425623,0.3134438,-0.01881866,1.886172,-2.160185,0.297453,0.09284218,1.307586,-0.9518362,0.306788,1.641328,-0.1015891,0.2288574,-1.691236,0.3688838,-3.12323,2.656675,-2.58656,-0.7505011,1.237583,-0.6233134,-2.864324,-0.7555425,-2.432315,1.684259,-0.9984305,1.025746,-0.7437024,0.3094972,0.4881303,-0.3686399,2.319119,-0.5155458,2.759918,-0.07106428,1.816435
0.8065915,-0.03067368,0.8717885,0.6329405,1.390232,-0.7363592,0.2182681,-0.9850876,3.108367,-0.9736618,1.476411,1.36244,2.246511,-2.788727,0.8084401,-0.4521846,1.997103,-0.8961426,0.002570719,-0.2923115,-0.4582967,-0.5463624,-0.8337008,-3.122981,-0.831924,-0.6943533,0.8780485,1.415424,-0.8866781,-0.5824115,-2.029318,-0.8432715,-2.596888,-1.738623,0.09285912,3.551023,1.130237,1.741685,0.05745667,3.598991,-0.492964,1.743248,-0.4449391,0.5212233,-0.1626166,-1.252019,-2.421635,1.027245,-0.6411183,0.4887824,-1.082542,-1.653822,-0.4530425,1.337886,0.999699,0.725515,2.319298,0.9362112,0.3400004,-0.7405826,-0.9055533,0.652999,1.149948,1.588026,0.9420406,1.809495,-0.4298662,-0.9327263,0.5502512,0.7446206,1.234755,0.7897378,0.1719225,-1.292808,0.7756348,-2.109583,-2.546999,-0.4604595,0.1286776,1.135506,-1.714273,-3.684244,-1.449718,-1.730021,-1.625702,-1.598375,0.5439718,1.834123,0.8599043,0.2886346,-1.676162,0.6107962,-2.228884,0.05641082,0.1974669,1.730972,-1.090436,-0.2020062,1.086665,0.6340039
0.4846062,0.148158,0.006380886,-0.4979525,-0.6453212,-1.091724,-0.1045808,-2.342789,-2.319503,1.862174,0.675513,-1.26661,-0.1878468,2.182417,0.8902369,0.7250779,1.258891,2.121472,1.093996,-1.042614,0.8964416,-0.2044682,-1.057736,-1.413127,-1.552936,-0.2924467,-0.1850677,-0.6928253,-0.4322443,-0.7619534,-2.030908,-1.723168,-2.870761,-3.239811,-3.052361,-2.033658,1.09294,0.6896235,1.856473,2.557611,3.094119,2.272049,2.638007,2.032259,1.578845,0.7624202,-1.561476,-4.396905,-0.9667562,0.5684541,2.537455,1.239231,-1.835699,-0.9372765,-0.2252125,0.1199983,0.9727319,1.634802,2.266182,2.558904,2.155631,1.098283,3.383602,1.251415,2.079282,2.57297,2.385153,-0.7696587,-0.937134,-0.2874663,-0.3544701,-0.6692269,-0.07474965,0.2749993,0.5311685,1.683581,-0.09976701,-1.042033,-1.373101,0.0107978,-0.922585,-2.292096,-2.266826,-0.7635348,-3.566088,-3.263994,-2.401452,-0.6462983,0.1391306,0.9653254,0.6295817,-0.4872355,2.025867,-1.31477,0.06346035,-0.817545,0.7637583,1.161215,-0.6522551,-0.02466226
-0.9872164,-1.24184,-0.2242225,1.043847,0.358045,-0.4992684,1.346978,0.8934647,-1.289199,-0.128609,-0.53094,0.5124062,-0.3457243,0.767676,-0.1358951,1.553487,-3.230764,0.03179155,-0.5069748,-0.3978968,-0.5699297,-0.7615604,-0.006453782,-0.8989327,-1.366402,0.9971173,-0.01890771,1.690617,0.739625,-0.4246257,-2.474642,-0.7400414,-2.123717,-0.4831718,0.4179417,1.013392,-0.7688166,-0.652634,1.266915,-1.235332,0.8136662,2.942744,-1.443886,0.6150798,-0.002046585,0.7999135,0.02558751,-0.8179629,1.31752,0.7521382,-0.07598795,-0.7793533,-0.1241435,1.711708,-1.764869,1.64538,-0.3917893,0.2485635,0.4945243,-0.5318747,-0.07770462,0.3778463,1.439626,-0.03972273,-2.437462,1.535444,-1.788992,-0.5584904,-1.204726,2.671366,-0.827989,0.8537021,-1.156231,1.206434,-1.274182,-1.071813,-0.1277965,0.2608874,-0.06085408,1.402397,-0.199929,-1.214262,0.7176586,1.343035,2.268904,-0.7953793,-1.406986,2.241705,-0.1821026,-1.948204,2.704757,-2.258086,0.8016607,2.708955,-1.436656,1.078011,-0.3625625,3.235792,-3.330679,0.8881261
-1.126938,-1.136623,1.342797,-0.8803892,1.900694,0.8817046,0.9607509,-0.3420884,-0.8369113,0.1663254,-0.002105571,-2.17483,1.59836,-0.6901788,0.02980009,-0.8709949,0.3498134,0.01454639,-0.3303912,-0.1380042,1.06635,-1.981079,-1.708428,0.2690621,-0.901311,1.551511,0.334205,-1.284467,-0.9956969,-0.8311477,0.3404332,-0.3315721,1.85107,-0.7963761,0.7140559,0.4338267,-0.627982,-1.189583,0.5721391,0.006237052,0.4727636,-1.652755,-0.7883563,0.9316769,0.2188277,-0.6630954,-0.63991,-0.1407976,0.8969228,1.618808,2.228438,0.602275,-2.565971,-0.5182822,-0.372002,-1.388214,0.3850128,0.02787491,1.845789,0.809541,-0.4759895,0.8273612,0.5947543,-0.1136588,0.2500437,-1.085212,0.5986063,1.147389,-0.1447439,-0.332597,1.87957,-0.1583745,0.5958496,-1.647807,1.399055,0.5751939,-0.9820393,0.4851395,-0.005751945,-0.2522904,-0.7758147,0.5614112,0.949141,-1.232439,1.036957,-1.589394,0.9416792,0.5870484,1.832944,-0.4433382,0.05492484,-1.512804,1.281209,-1.75594,-2.635366,1.117267,-1.536506,1.567918,-0.3908243,2.272297
0.4956931,-1.312541,0.0402135,0.2641816,-0.6580623,-2.154865,1.597386,-5.232637,4.298761,-7.200981,5.717771,-2.583571,3.58699,-4.421584,3.562547,-2.885319,2.819582,-1.063683,0.306105,-0.7324604,2.11915,-0.08198547,3.112209,-0.8674889,2.251261,0.1639717,2.459527,3.247306,-0.1224248,1.840393,0.3812672,0.2800139,-0.7484014,3.222315,-2.888848,2.762112,-2.987406,2.779874,-5.673572,3.263349,-2.474539,0.4589375,0.8864441,1.296936,-2.961286,1.124142,-0.9310002,2.498909,-0.9210882,-0.1308818,-0.6880987,-0.1520468,1.997296,-1.916453,2.914008,-4.635376,1.224417,-3.568566,1.047771,1.206148,-1.522866,1.392287,-2.529363,0.8981224,0.9363711,-1.529542,1.63531,1.103287,-2.140301,2.39674,1.188226,-0.4426608,2.429071,-3.878204,3.227814,-5.180551,2.835645,-1.992158,2.665922,-2.786071,0.6347481,1.117096,-1.717347,0.6051431,-0.8155204,0.009304136,0.4900752,-0.6528027,-1.433346,1.857158,-4.290416,3.269791,-1.624706,1.624943,0.5085374,1.412342,-2.622937,-0.3139615,0.2001618,-2.197167
0.7443929,0.9105499,0.1206199,0.5074283,-0.8905027,-2.492657,0.9077762,0.4229161,-0.5078288,2.958395,-0.8471464,1.576076,-0.3666277,0.02902236,-0.4921333,0.1253667,-0.2580614,0.04367924,0.6890525,-0.5011889,0.623127,-0.9586487,-0.8482696,0.8319232,-2.263452,0.9152899,0.236393,1.934304,0.1956623,-0.05131522,-0.02926695,0.9703223,-1.799326,-0.4527162,-0.6276708,0.4046822,1.092614,-0.255367,-0.9573672,0.2160366,-0.4935802,-0.7746763,1.190808,-0.6615161,-1.040042,0.7740027,1.140246,0.3550263,-0.8724629,-1.279094,-1.879019,-0.1749229,-0.6666139,1.347424,-0.2708467,1.861888,-2.35462,-0.7321913,1.775573,0.6077853,0.8980234,-0.1449672,-1.412193,0.2642805,0.1739344,-0.9791741,-0.5198106,2.393162,-0.08995962,0.494589,-0.3843517,0.6690216,0.5066734,-0.9815172,0.4688516,-1.498314,1.431322,-0.8512144,0.4785646,-1.120045,1.815499,-0.9554915,0.8093157,1.096064,2.410875,-0.5661905,1.185998,-1.178597,-0.2705437,-0.7482431,-0.5071872,-0.1480122,0.2129758,-1.002399,-0.05451186,-1.244107,0.2875433,-0.5857661,0.3547815,-0.4181322
0.652939,0.1765042,-3.37376,2.276875,-3.801707,2.299604,-1.157122,2.035904,-0.3008389,1.716894,-3.838382,3.358005,-2.099938,3.28073,-2.694234,2.348812,-1.392942,1.602854,-3.321295,2.362397,-1.104282,0.06499235,1.041443,-1.497905,-0.6096537,2.757139,-1.994268,1.148778,-3.102349,4.061434,-3.818171,6.511493,-5.651455,4.285461,-3.923754,1.731557,0.334363,-0.8746381,1.752286,0.07407312,-0.09017824,1.438494,-2.102909,1.073788,0.268392,1.486546,-1.594419,2.444721,-2.078246,0.6244525,-2.033215,0.2893959,-0.299022,2.460863,-3.093272,0.4819745,1.631332,0.9177638,1.305068,0.4975218,-0.6107626,0.1224099,-0.9395387,-0.02759875,-0.3229142,0.7210052,2.149693,-2.228512,2.116567,-0.5721921,1.36302,-4.007099,3.064097,-2.934096,2.354862,-0.408175,-0.5321611,1.988123,-1.978763,0.8502216,2.089814,-2.242595,-0.2748571,-0.3209882,0.4226968,-2.111371,-0.04091431,-0.3364967,0.4424656,0.2833789,-1.047138,1.636931,-1.593403,2.733456,-1.740051,-0.3221373,-3.571688,3.042141,-1.190432,-0.973889
2.458019,1.927541,-0.3298228,-0.9053971,-0.3919601,0.04526498,-0.1778627,-1.685572,-0.6993188,1.987492,1.13296,-0.2359574,-0.3587016,-2.007498,1.221148,-0.1747377,1.229279,0.7585828,1.361708,-1.199073,-0.905145,-0.9577513,0.6115254,-1.362519,-1.103116,-0.3981131,0.9402583,0.7884189,0.2951767,2.974196,-0.6862826,-0.3541952,-0.7094403,0.4023589,1.157771,3.069758,0.6286981,-1.931588,-1.04421,-0.646512,-0.9914812,-0.4155767,-0.7839307,0.6301003,0.4681067,-1.008765,-0.9731431,0.2402451,1.88399,0.6749924,1.139791,-1.581779,-0.6313043,0.9800798,-0.4253071,-1.620875,-2.056859,-2.627508,-0.8555205,2.623269,1.490459,-0.5108516,0.4476114,0.7539023,-0.9383167,-0.6973079,0.03498202,-0.4095336,-0.8450379,1.324638,-1.284196,0.5627923,0.2483759,-1.20396,-0.8577062,-0.5320352,-1.184977,-1.08454,-1.793108,-0.9681679,1.652484,1.422233,0.3962197,-0.4597404,0.289358,0.8433707,-1.192715,0.2628582,1.416363,-0.5505152,-0.494821,-0.3622963,-0.2710297,-0.247073,2.761631,2.085063,-1.153627,0.9648485,0.3574538,0.3330075
-1.048901,-0.3137909,-0.1897743,0.744965,-1.415221,1.411842,2.214583,-1.393464,-0.1023876,-0.4147409,1.103542,0.5098407,-0.7941244,0.8743824,-3.14776,3.276102,-1.502588,0.2495232,0.3637654,-1.751915,-0.3798404,2.472111,-1.415064,1.328064,-0.5646081,1.407252,-2.265535,1.531416,-0.7323354,2.558444,-0.5965545,-2.182996,1.455209,-1.381972,0.1940181,0.2058486,1.126921,-1.449389,0.1457306,-1.360827,0.08853577,0.8919591,-2.094335,0.09664564,0.4425624,-0.7594178,-2.715841,-0.6142343,-1.273118,2.535275,-2.209623,1.727316,0.3741621,-0.7953455,0.09477805,2.790982,-1.965357,0.5276717,0.9347168,1.501244,0.512404,-0.202267,2.09972,-0.4600376,-0.3267795,1.440797,-0.3523834,-0.5011486,1.93119,-2.676557,1.656906,0.6338503,0.1049994,0.3917158,-0.5326834,-0.6152176,0.77492,-1.626738,-0.6580005,0.4019042,1.558395,-1.822847,0.3538696,-0.9397553,2.363679,-1.686724,-1.021308,1.953467,-1.376768,-1.604896,0.849786,0.7284117,0.3659099,0.6746018,-0.5297799,-0.5871801,0.305581,-0.5106369,0.142901,0.4383496
0.7359157,0.3957664,1.344967,0.2982768,0.3120697,1.243692,-1.113548,-0.3732565,-1.258749,0.9160697,0.2093468,2.145054,-0.1326736,-0.9351009,0.4183745,-0.1311769,-2.118478,0.2171718,0.03078124,0.6946787,0.6702981,1.448538,-0.07687214,-1.132653,1.543853,0.05351311,-0.312211,-0.3942256,-1.692417,-1.478459,0.3274581,-0.1444221,-0.7141288,0.2823379,-2.096275,-1.150972,-0.5571901,-1.087346,-0.3881961,-1.427876,-0.4086921,0.9703187,-1.16901,-0.1069443,-0.8113472,0.1945631,-0.5222846,1.007509,0.6744117,-0.7094693,0.7168522,-0.4374993,-0.191411,0.6202568,0.09620595,2.309642,1.543128,-1.019811,0.3487747,0.1145584,-0.5920158,-0.2018944,0.2469601,0.4617895,-1.46453,0.06682646,-0.7251416,-1.483418,-1.360185,0.3190372,1.377937,0.6241463,0.09454383,2.328774,-0.4018043,0.4699377,1.817841,-1.188478,1.644621,2.104188,1.039721,-0.6356304,-1.198741,-0.06880019,0.6022616,-0.7122948,0.479849,0.1531558,0.5573271,1.621784,-0.7880859,-1.295743,1.036593,0.4665359,0.06723919,-0.4647109,-1.889608,1.347997,-1.89065,-0.3590217
-0.09405249,-0.01186505,-0.9447936,-0.06046116,-1.182193,-0.5787735,1.57633,1.199729,-1.591566,1.481394,0.1659304,0.4173374,-1.597376,0.01674125,-1.744589,-0.4532248,-0.8472673,-1.272666,-1.147172,-2.163924,-2.221002,-0.7677025,-0.1673728,3.030063,1.079775,0.9545649,0.1688774,1.495925,1.094732,1.38752,1.500337,1.321169,2.257078,3.446074,1.267996,0.5024461,0.5151363,-1.876138,-1.624848,0.1704965,1.126007,1.120898,3.143358,0.58953,-0.6433384,-1.614794,-1.374139,-0.869831,-1.04048,-1.382226,-1.884164,-2.590998,-3.767347,-0.3166429,-0.1241978,-0.1680586,1.67503,2.172992,-0.1570033,-0.1698031,1.838596,0.8517813,0.698778,1.211765,0.4061255,2.184028,-0.3927613,-0.1049212,-1.021927,-0.9048505,-0.3709846,-1.545741,-1.83339,-3.498337,-2.082949,-1.146934,-0.7054239,1.263792,1.686433,-0.3356432,0.2301917,-1.396653,0.3433895,0.2818018,0.03707238,0.3313956,2.722975,0.7839637,-0.5004387,0.6905143,1.245656,-0.4701404,-0.3634498,-0.04260844,0.224539,2.116846,-0.4019338,-0.7865322,0.8081829,-0.4796672
-1.198648,-1.242836,-2.091408,-1.97403,-0.845845,-0.3022096,1.081979,3.562519,1.056747,1.605983,1.53389,1.718064,-0.9169908,0.3074446,-0.2570403,1.467942,0.6424111,-0.7499679,-1.754764,-0.7128457,-1.973735,-0.2431533,-1.54686,-0.04345568,-2.172929,-0.5432379,-1.629094,-2.61892,-4.216042,-2.431889,-2.54321,-2.357489,-2.704807,0.520895,0.1801429,-1.57572,-0.2274678,0.4070082,-1.456153,0.8725904,1.152247,0.1223632,-0.5924282,-1.386642,1.450071,2.374061,2.696413,1.836746,2.706944,2.413852,1.080803,1.375211,-1.400433,3.326752,-0.203529,-2.138475,-0.715384,-0.9596558,0.7653022,0.127709,-1.060461,0.2197318,-0.1134199,-0.2363659,0.4897042,-1.842955,1.721542,2.45913,0.9788136,0.8117808,0.328911,1.287481,0.8007157,2.013064,0.9918436,0.3309141,-0.7683264,-0.619912,-0.7909353,-0.3152956,1.526571,-0.1134436,-0.2956686,-1.237351,-1.466191,-3.20032,-3.815506,-1.077038,1.155902,0.7581632,3.473425,1.141176,3.303702,1.140025,1.742504,0.8038797,1.252908,-0.02362815,-0.339233,-0.07463512
0.7276962,-0.3477011,0.51028,0.3746519,-1.40258,-0.21551,-0.8209171,0.7876642,-0.6849983,-0.07500108,-0.7864318,1.636398,-0.6526008,0.2137717,-0.1208599,0.3617921,0.8369994,-0.5869445,-0.8799493,0.1043032,-1.221592,0.5923797,1.6005,0.5083816,2.291166,2.201206,1.379351,1.476083,2.241261,0.3197541,1.292547,1.238887,-1.040792,0.4044373,0.7161927,-0.8155744,-0.5163046,-0.3203828,-2.286764,-0.2946358,-0.6950425,1.543197,0.2085222,2.600102,0.647312,-2.487431,-1.354036,-1.626433,-0.7376425,-1.125798,-1.996305,-1.177565,-2.863824,-0.05012281,-0.6535085,-0.6514364,1.203841,1.784483,2.069963,-1.434512,0.4433416,1.206717,0.3588769,0.05854593,1.581963,-0.6663859,0.2851652,-1.428284,-0.9010711,-0.4993384,-0.823506,0.3300257,0.6422004,0.09759079,-1.612739,-1.241824,-1.028561,0.4954336,0.02975093,0.8486999,2.019544,0.01242544,0.06207497,1.41734,1.846902,0.4502903,1.681775,1.422168,0.6157796,-0.1439122,-0.5466554,-1.009044,-1.59236,-2.621369,-0.3298158,-0.3465794,-0.45072,-2.32898,0.5829634,-0.8683589
0.3594635,-0.1049812,-1.043731,0.6120365,-0.480204,-0.4321731,0.6666451,-1.766065,1.603501,-0.333674,-0.4164751,-1.398871,1.514044,-1.733464,1.654843,-1.537149,1.541879,0.1816925,-0.6712843,0.01620318,-1.401486,-0.7781433,-0.544968,-0.3571997,1.116001,-0.1597832,-1.78701,-0.1149987,0.3775485,-1.081098,2.07114,-2.454104,-0.49052,0.5814844,0.1984814,0.9332399,-2.801794,1.900456,-0.1080312,-0.7370341,-0.9404621,2.062406,1.653669,0.7112097,-0.5365596,3.264587,-2.026175,1.853,-2.428688,1.824275,-2.887024,0.6790782,-2.375312,0.4573359,0.2404596,0.7344302,0.9889504,-0.5123309,0.881511,-0.7475172,0.008015198,-0.606108,-0.1349098,1.987686,-1.500607,0.1048187,-0.2933954,-0.6265247,0.4671612,-0.09256305,0.6517887,-0.2471152,0.9211889,-0.6766074,-1.279626,0.09536643,-0.8170044,0.02872742,-0.03049818,1.939676,-0.2968827,-1.57872,1.712495,-0.0715536,0.2444693,2.52055,-1.998231,2.339787,-2.191211,1.737303,0.239617,-0.7732307,0.5276058,-0.8991932,1.185053,-1.012764,1.127632,1.454531,-0.8732689,1.215278
0.8151127,-2.201304,0.3684492,1.515643,0.6014998,-1.438471,1.084536,-0.4082991,-0.3986648,-0.6642761,-0.2457596,1.027649,-1.1447,1.631276,0.3501366,-0.8436744,2.251251,-0.3478186,1.079871,0.8330426,-0.7678943,0.03290276,0.918794,0.217159,-0.7000062,0.3735588,-0.388979,0.5280859,-0.3357213,-0.777585,-0.05685569,-1.030359,-0.9965881,0.6394151,-4.432425,0.1634305,0.300399,0.6703715,1.260316,-0.3169621,-1.436608,-1.679385,2.269696,-2.750376,-0.7970262,2.164362,0.1512388,0.161922,0.2743316,0.1428782,3.023,-0.2000765,2.709224,2.812623,-1.984205,1.835336,0.9437935,-0.06501283,-0.5279335,-0.4948242,0.9806607,-0.9487981,-0.4635915,1.516857,-1.251611,-0.9435323,0.2908694,0.4303453,0.4497074,0.8523068,-1.273115,-0.01043154,-0.1035385,0.5409265,2.732224,-3.025725,1.158501,1.028519,0.1123214,-1.113389,0.8345915,0.2559924,-1.75942,-2.569997,0.4347523,2.165627,-1.553176,-1.59983,2.066962,-0.444818,-2.759772,0.08045018,-0.2677673,-0.7017267,0.3820504,-0.1398804,-1.70091,1.482999,-0.6816521,-0.2034975
-2.429972,-0.1165487,0.5392796,-1.271425,0.6636093,-0.9960048,-1.196017,2.0273,-1.161092,0.6241301,0.2416085,-0.385283,0.9976346,-0.1495098,-1.085299,0.2860735,-0.8515269,2.78052,-0.6991016,-0.5272766,-1.231002,1.860449,-2.99209,1.632226,1.642531,-2.418347,-0.05626941,1.114999,-1.498465,1.081668,-1.182733,0.5244019,1.125618,-1.712383,3.286167,-0.2716803,-0.7467856,1.409021,0.7862656,0.3094611,0.02303141,-0.1598753,-0.9175013,0.07977441,-0.7746406,0.2500609,-1.197843,2.668482,0.7151941,-0.1682023,-0.6957477,3.434386,-2.180331,0.560447,1.310143,-1.019103,0.9832567,-2.773527,0.3730654,-0.6529425,-3.307083,-0.1516943,1.866024,-2.48734,4.296765,-1.187588,-2.57398,2.732932,-0.627151,0.01152664,-1.041358,-0.7109756,-0.1533739,0.2321538,-0.6623344,3.444893,-2.945203,1.78177,-0.0867562,-0.5372032,0.1274871,-0.6588191,1.544296,-0.2896551,-2.022081,1.322433,-0.2502114,0.3437651,-0.5686944,-0.5365096,1.257501,-2.105919,1.471148,-0.5403376,0.119675,0.4281936,-0.7187518,0.5518913,-0.410996,3.229284
-0.4215037,1.71724,-2.495406,2.244472,-0.7749158,2.165116,-1.799832,1.35846,-2.103958,1.104736,-1.519384,-0.8782212,-1.068824,0.211118,-0.8952184,2.511323,-4.342654,3.676781,-2.749182,0.6295242,0.2563086,-1.658098,-1.276402,1.981339,-2.225383,1.626555,-0.853457,1.374927,-1.288857,0.593872,-3.90164,2.865535,-2.871913,1.991655,-0.3023255,0.6011508,0.7112969,0.5188394,-0.08056524,-0.08931166,-0.2952869,-0.1884317,-0.4096777,0.9385051,-1.725452,-0.1530436,-0.06151319,0.2515694,0.06141341,3.736446,-0.830793,2.869463,-3.503756,3.394352,0.246079,-1.571993,-0.4466969,-0.6982546,-2.053897,-2.586947,0.2372385,2.136995,-1.316792,0.464967,1.063401,-1.99306,-0.1450745,0.09743828,2.09642,-0.9143673,4.539616,-2.724091,2.806735,0.2544784,-1.797064,1.690037,-2.016361,1.262682,1.153025,-2.29091,0.0547948,1.808322,1.025448,-1.604337,0.875851,-0.3004243,2.038812,-0.7668474,-1.355527,4.525505,-2.960897,0.1221899,-2.424914,1.325467,0.8594272,1.181031,0.7783172,-2.451417,2.296934,-1.148339
2.049235,-0.1034248,0.1141765,-1.292508,0.4456801,-0.4624444,-0.647875,-0.73674,1.754212,-0.8225077,0.7742567,0.2605996,0.07992332,1.385682,1.47321,-0.05716006,-1.682693,-1.977046,-1.95112,1.059018,0.8889632,-1.207132,0.5725082,0.08433191,0.6791947,0.554401,2.068947,0.08554374,0.9227863,-0.5560762,0.851617,0.9409466,1.390482,-0.7575557,0.5713502,0.7490276,0.1799811,-0.01252431,0.6165017,1.016763,-0.4671766,-0.8556816,1.817357,0.4681357,1.593675,0.1596861,-0.8544942,-2.602868,-1.009652,0.3981433,-0.9279634,-2.113537,-0.693235,-2.307808,-0.462071,-2.314413,-0.3064792,2.920423,1.135821,1.507178,-0.9192438,0.5900862,-0.2163528,-0.9063731,0.4083089,0.6510605,-0.5466237,0.5206901,-1.149312,0.9675103,-0.4005132,-0.8475347,0.2094396,-1.160466,-0.6276843,0.8580018,-1.508778,-0.2262479,-0.685016,0.7874529,0.6585788,0.3731661,1.416746,2.071608,-0.7085485,0.006622478,1.079382,-0.8023872,-0.9568182,-0.323527,1.126124,-0.121007,-1.737511,-0.8637888,-1.45335,0.9181027,0.6780696,-1.348747,-0.9796665,0.7809761
0.7398674,1.098417,2.722667,2.704003,-1.332578,-0.5526156,0.1422955,1.369597,-2.251655,-0.2106744,0.04543068,0.3963358,-0.2294556,0.5633152,0.4541636,-0.7452366,3.613516,0.3605748,2.21233,0.5181633,-1.091146,-1.979183,0.4651716,0.2750562,2.196838,-1.239351,1.255788,-0.8852193,-0.009044267,-0.416657,0.8638276,1.319721,-0.9369087,-0.3878642,-2.487423,1.803832,1.187921,0.9096595,-1.222664,1.478429,-0.7671787,0.6218963,0.8600918,-0.4891524,0.7677061,-0.1912294,-1.465038,0.01359531,-0.4456993,-1.576589,0.1385078,-0.2906793,0.1382413,-0.7050832,-0.4004995,-0.6008788,1.99876,-1.901313,-1.815268,0.0387642,0.7566296,0.968502,0.9519897,2.69408,-1.678095,0.8228454,-0.6672469,-0.7130392,-1.297358,0.7900295,-0.08553735,2.237594,0.3953147,0.4151005,-0.1442589,-1.308929,0.3617133,0.772264,-1.658151,-1.286618,-0.3715671,-0.3357182,-0.9394839,-0.7351317,-1.285959,1.199703,0.6639594,-2.198697,2.038752,0.3548664,0.4003871,-0.6988249,0.2479835,-2.664737,-3.469171,-0.8788769,-2.273913,0.2887782,1.339869,0.3427538
1.128056,0.1895362,1.971741,-3.081979,1.416162,-0.3912478,-0.05552645,-1.264122,-0.1707813,-0.5455762,-0.8452953,1.185305,-0.9835225,0.1534011,-0.9492503,0.5203601,0.2009223,3.299969,-1.656877,-1.264692,-0.7740349,-0.2673242,-2.035149,2.346484,-3.060852,1.147487,-2.673272,0.8751876,2.10839,-0.4832307,3.327761,-0.3912652,-0.7587761,-0.9359683,1.956774,0.3015557,0.2762158,0.1827519,-1.350718,-1.224726,1.50226,0.1006774,1.695746,0.5956308,1.923092,-2.123816,1.746019,-1.283312,0.822608,0.9048226,0.4245937,0.9560708,-2.575669,0.1009281,-1.158582,1.949216,-0.8717834,-1.641446,-0.1291723,-0.3683224,3.21123,-1.098271,1.711117,-1.690497,1.542645,-1.224003,-0.5949006,-1.245059,-0.07720725,0.311289,1.605943,-0.5849101,0.2707619,-0.2988791,-2.364183,0.6405608,-2.110257,-1.815639,-0.1710848,1.091949,-1.583516,0.5215672,-0.1158888,-0.2551043,0.4012096,1.670648,-1.478371,1.396175,-0.1881057,0.9682929,-2.435244,0.829496,0.5848936,0.229218,0.04250328,-0.101782,1.229944,1.948893,-1.6649,0.8960356
0.07435887,-0.7019164,-3.01816,-1.989918,-1.63388,-1.209163,1.23843,-0.7361051,-0.1393076,2.646429,-0.06974025,-3.401958,-0.3221909,-0.2388498,1.76508,-1.038073,0.5556374,-3.803265,-0.9366767,-3.177528,-0.7745716,0.6830687,3.3188,1.525155,0.5210115,-1.003768,1.34857,-1.456295,-0.4455224,-0.6526831,0.5095043,-1.05157,1.249106,-1.044764,1.653694,-1.823863,-1.377639,0.8701442,0.194982,1.877649,2.534685,0.8964314,1.015718,0.3608192,0.187753,1.443424,0.6027599,0.8904755,0.1509393,-0.8502123,0.260924,-2.085418,0.5864629,2.035294,2.513785,0.3249321,1.191716,0.664297,2.275985,2.523577,0.2879544,-0.07082559,0.3754774,-1.488007,-2.219545,0.01512963,-0.02935331,-0.7420644,-1.170366,1.240232,-0.3318582,-0.9980053,-5.144697,-0.3764055,-0.8591924,-0.7193237,1.133583,2.300264,2.245138,1.371686,1.866072,-0.6091411,-1.714006,-0.8416457,-0.313071,1.924572,0.445761,-0.7582532,-0.08143349,-2.24806,-0.7745675,-1.216104,0.2388879,0.3073682,2.523337,1.822089,0.5919618,-0.5950686,0.2160614,-1.113144
0.7380313,0.8171658,-0.3680521,-1.266022,-1.889843,-0.2688243,-1.146104,-0.5307124,-0.5305735,-1.218536,-2.120324,-1.663347,-2.231246,-0.5115365,0.3680561,0.7658867,0.9263547,0.1410579,-2.152353,-2.409319,-2.627939,-1.181156,-0.9055593,0.7697944,-0.0882208,-1.157173,-1.615082,0.6926379,0.0471801,1.722079,-0.5475535,-1.673029,-1.815511,1.374264,0.3933277,-0.2685808,-0.7461999,-1.202951,-0.4612061,-1.084317,3.174424,2.724552,3.887825,2.971527,1.9413,1.25852,1.675798,0.9193652,0.9020635,1.099881,0.6731464,-1.194061,-1.619978,-1.60853,0.3373925,1.899209,1.943565,0.3235367,0.7739365,0.7402166,0.2437716,0.1575206,-0.4471799,0.09059067,-1.627058,-2.543105,-1.104094,0.2899146,1.495888,0.4860515,0.2463378,-1.667069,-0.4893776,-2.727749,-2.759849,-0.7040734,-1.516085,0.5684657,3.963756,2.837942,-0.3005589,1.914596,1.863951,0.8743216,1.993728,0.3623968,0.9120637,0.6727261,-0.9887717,0.7108436,-2.938887,-0.2699322,-0.1425562,-0.4753046,-1.990622,0.3147242,1.820509,1.686388,0.8311993,0.4563399
0.6914766,-2.031297,0.3997658,1.211087,0.7886431,0.775519,1.418036,1.451395,0.0162704,-1.545124,-1.630799,0.0332166,0.5271991,-1.367775,0.5888221,-3.753055,2.577198,-0.5306408,-0.08579433,1.552476,-3.406424,1.411298,1.802627,0.8892227,0.9885345,-1.643938,1.340342,-2.191069,-0.6014811,-0.8750449,0.7173714,-1.263614,-0.2302817,1.2206,-1.58584,-0.7407453,-0.6090413,0.9862072,0.02445763,0.2996628,-2.423114,1.810526,-0.999945,-1.479004,-0.5205069,-0.6048923,-3.542857,0.8024241,-0.05588073,0.2626445,0.2031588,2.404762,1.269769,-0.5995536,0.4473848,-1.85597,0.4643044,-0.2182202,-1.091784,-1.561338,0.03263348,0.452023,-0.579384,1.311651,-1.121694,1.42934,0.956997,1.235673,-2.607853,1.162016,-0.5022035,-1.004417,0.3155292,0.5598859,1.56918,1.059385,0.9415798,1.511674,0.321981,-0.4644303,-1.406099,0.3278878,-1.424308,-0.1986608,1.537157,-0.276441,-0.5272682,1.396363,-0.4068114,-0.1273468,-0.7721599,-0.7019576,1.057742,2.211366,0.7935892,1.454707,-0.4935699,0.1020295,-0.2434791,0.7863249
0.9433186,0.3022401,-0.3423058,1.032297,0.6706879,-1.376311,-1.279482,1.530526,-0.9462315,0.5845316,-0.5166685,0.484486,-0.9653907,-1.314625,0.04514427,-0.4409297,0.08139057,1.385751,-0.5374287,-0.3914521,-0.7830189,0.02381068,0.2361671,1.630616,0.2051251,0.07843057,-1.608185,-0.003163554,-0.1699034,1.944543,0.9904791,0.1662373,-0.7577437,0.7815707,-1.0891,0.1308146,1.040257,0.404255,1.34184,1.334179,-2.444399,-0.929457,1.768903,1.484536,0.2202046,2.100877,-2.046546,-0.9047059,-0.6912834,-1.598623,0.2170488,0.2128709,-0.5857339,0.6401528,1.126046,1.217583,-0.3716184,-1.50154,2.548831,-0.9863594,-0.1621716,-0.8616116,-0.560629,-0.4263766,0.8428935,0.975358,2.261805,0.7822719,-0.960402,-0.5770576,-2.698945,-1.03303,-0.8141546,1.906802,-0.1019448,1.422305,-0.8907579,-1.16435,0.1339822,0.7168061,-0.7799056,-0.174001,-0.8584303,0.9746414,-0.7116005,0.2805953,0.6412759,-0.0231558,-1.175609,0.9326117,-0.02926978,0.5118903,1.42441,-2.337343,-1.82645,1.572228,0.9443836,-0.4749477,-1.043338,-0.9623318
-3.651638,3.58468,-2.050096,-0.9159217,2.156474,-1.264732,1.880055,-4.360425,1.70923,-1.785712,1.711807,-4.605937,1.796066,-1.840731,-0.3787762,0.7235644,-0.692276,-1.533954,4.878756,-5.623098,5.759045,-2.287608,0.2852275,1.117058,-2.649824,-0.9863544,1.404273,0.001669407,2.253988,-1.104207,1.829009,-2.589685,8.457964,-6.622482,7.680536,-4.393308,1.693961,-1.465102,0.08587807,2.630741,-0.6812806,1.061476,0.3743984,-1.339457,2.131733,-1.930028,-0.4980658,0.2381696,1.33843,-3.081304,3.428522,-2.218081,-0.2059788,-1.687811,1.697919,-1.613785,1.139929,2.25304,-0.3081737,-0.06571721,-2.59997,-0.4303184,1.630923,-1.40755,-0.4827286,-0.03208321,0.4487077,1.226182,-1.770907,2.349303,-0.8821104,0.6817189,-4.218689,4.008961,-4.241076,0.2669246,1.67426,-3.067046,3.359536,-2.258445,1.163809,-1.102555,1.306081,0.4473549,1.995989,-1.053463,0.4885194,2.979452,-0.9693012,0.7409061,2.597888,-5.571213,3.47662,-6.414414,5.970058,-2.208788,1.901537,-1.829268,0.1046744,0.8484714
