"","V1","V2","V3","V4","V5","V6","V7","V8","V9","V10","V11","V12","V13","V14","V15","V16","V17","V18","V19","V20","V21","V22","V23","V24","V25","V26","V27","V28","V29","V30","V31","V32","V33","V34","V35","V36","V37","V38","V39","V40","V41","V42","V43","V44","V45","V46","V47","V48","V49","V50","V51","V52","V53","V54","V55","V56","V57","V58","V59","V60","V61","V62","V63","V64","V65","V66","V67","V68","V69","V70","V71","V72","V73","V74","V75","V76","V77","V78","V79","V80","V81","V82","V83","V84","V85","V86","V87","V88","V89","V90","V91","V92","V93","V94","V95","V96","V97","V98","V99","V100"
"1",0.786683360316202,-0.289329684370402,0.306315483715532,1.07594340149779,0.3278917704961,-0.252056443619202,0.993479250792185,0.90016096633103,-0.639434316296566,0.233529332850861,-1.0118626695668,-1.56198991875374,-2.01984668436152,-0.898751190999387,-0.285557957376672,-0.315604153700307,-0.122478970210531,-0.487532974025949,0.723636722057784,0.400736386737511,-0.540263523029677,0.14203300162948,0.263461572327635,-0.2112596157101,0.101220386445548,0.587287735304418,0.508452691909971,0.155685920095182,-0.648647267614525,-0.456862660160227,0.224714585845018,0.448995349395861,-1.14747218733454,0.11975705176127,-0.405694879882915,-0.611834524472061,-1.41052760816172,-0.531102652634997,-0.147317866130154,0.665065829780253,0.428400313071521,0.234904190206854,0.499141268619477,0.416286808490835,-0.282676681042415,0.0847238748379274,0.837568421366515,0.0556729485355993,0.0266053414927991,1.92302684382128,0.0974433441665452,0.78536215981756,-0.706338019187279,-0.169988405889618,0.61164639316737,-0.367882870978709,-1.40655382311141,0.619290359140167,0.597576779950897,0.418994408851811,1.86036101569338,1.91154025034274,1.10157012213862,0.861290902457809,1.14352334722815,0.923167026531398,0.341781278268173,0.476729405044434,0.838913652129914,0.606942596052635,0.301898117396603,-0.419062386728532,-0.544163236195409,-0.187550343019229,-0.287441218456464,0.238489363288163,-0.53486094011845,-0.789012875498028,-0.353692791814355,1.02941636854058,0.305561817039512,-0.567654362263821,0.361220283868571,0.212440734909115,0.444517063052729,1.03241529504626,-0.105073742112688,-0.32114393791866,-1.05380871488065,-0.0564500746661977,0.450842099940956,1.59591786325182,0.794463401119158,1.03067333413513,0.740478398887972,-0.0203181824493671,0.13341129888254,-0.0110502561992047,-0.0728935618245525,-0.193256808891609
"2",-0.228803977060806,-0.88247444867663,-1.3853959431983,-1.13843816681322,-0.679869809505335,-1.19612043089939,-2.07170704638377,-1.40426861461617,-0.495019023800837,-1.50545150748233,-1.39156424744966,-0.911975475558048,-0.938062866900266,-1.35384711715101,-0.0700054642574978,0.494370924557187,0.48396358897815,0.151093882286304,0.399629982572314,-0.343539331395676,-0.374556123615116,-0.754260213287811,-0.391859848822802,-0.440480073301792,-0.304462927152435,-0.858320241971025,-1.25550883102614,-1.67417088748951,-0.570908298148226,-0.486565257149526,0.316735065467308,-0.0740135130112564,0.320362491630677,0.0173319332489148,0.143420794864085,-0.232524279311105,0.687614138329963,0.159113735432621,0.432976308373548,-0.200039840706726,-0.710951895382441,-0.479986453961672,-1.05189895193612,0.171611376004126,-0.29673803739976,-0.135955615913275,0.600974167238235,0.23107230459985,0.0569465761001225,0.401205882265191,0.0496125926027239,-0.480955730116857,-0.0902486439233306,-0.332276671284499,-0.0448610482949294,0.359018741361798,0.0654776488509673,0.601780133312826,0.258599187887839,-0.704416547916173,-1.13156884047179,-0.689645274060854,-1.00293027090831,-0.238113320839751,-0.664869101544708,-0.768608859689314,-0.0966434119268493,0.964721564258394,1.57881795787158,0.895983031964056,0.908772325298282,0.323258943679021,0.54758335148286,0.218260556891591,1.29565011347663,0.748162191346551,1.04706704500539,0.20355494787863,0.250770766109891,-0.565770657328094,-0.392828640327455,-0.125434597812612,0.345484964997584,-0.712578508733141,-0.815337438773892,-0.66229798203397,-0.52763032755258,-0.437834431974591,-0.564868299126754,0.426803536452717,-0.336617629188401,-0.478217392175,0.0644887564065532,0.404751794606194,-0.837275825670409,-0.88844951291108,-1.17397476320554,-1.056129533174,-0.0279160963406213,0.74919369680239
"3",0.00540149274426083,0.218199449275498,0.124339867486372,0.174617790489417,-0.523360143748449,-0.425597518737244,-0.467004289463723,-0.648185778004751,-0.845962152733444,-1.13017642233595,-0.711051040652181,-0.809096873426114,-1.44993696992076,-1.97691689245065,-2.20041045811785,-1.35743706225218,-1.27064500099758,-0.521246184133915,0.157212148966521,0.806097637030747,0.434537695811618,0.841558767433606,-0.26824920517204,-1.07574259176871,-1.46724723772367,-2.43577368128047,-2.80457233288713,-3.90084012087458,-2.2388738044881,-1.46702385004133,-1.4290893330125,-1.28570120739738,-2.48661362914979,-2.19972045921375,-1.27487724683493,-1.6072237434436,-1.23213044247504,-1.2037093865384,-1.31253648729244,-0.36549624408209,-0.18999197417324,1.05447352548088,2.79752228928563,2.22389808592841,2.62585313603076,1.65648031217499,1.83895449891307,1.5857630802754,0.919595238210896,1.8671501383515,1.39520780801205,1.11083298954693,0.159342375807196,0.295871628118361,0.836463656146007,0.946277902458555,-1.09049427596031,-1.36520832190792,-0.513915868347757,1.02112857088827,0.486240406626805,-0.542346605165382,-0.345327015086713,-0.915578649894408,-1.52256550379686,-1.09529186700102,-0.719427053944086,0.866389540048978,0.999150664872366,1.01351148554602,1.9137874562741,1.94434771455781,1.67751295181148,0.780905910320968,-0.456257009692794,1.01746009606211,1.71429083671049,2.4287510736923,2.97385208548941,1.71635614601361,2.02153634589646,1.9665528028859,0.105181195548486,0.232024227205281,-0.471812600373884,-1.46424580230768,-2.00199973963986,-1.70972401491095,-0.820686087193891,0.388314959438406,1.23347556448315,-0.71148412882456,-0.390804570966198,1.29779200730868,0.5920931282658,0.18058120157728,-0.186540997449021,-1.46991174524578,-1.21271181065488,-0.788274484598006
"4",0.411578073935402,-0.0847521153745036,-0.86235266668771,-1.28539507373955,-1.86445125475339,-2.20476920484811,-1.8969123762987,-1.02489871499277,-2.49345501958458,-4.51437310789552,-3.65775883158808,-3.17057412029644,-2.56798540399484,-3.10162389843177,-3.58909812092669,-1.21928698509539,-0.787375791641427,0.037825951368731,2.02593762940568,1.88830954610822,2.36321703901611,1.60121546526263,1.16852684052025,-0.629944966030119,-1.43778446617012,-1.73245751666836,-0.792231651718257,-0.312041964068977,-0.36034110375011,-1.62770224690006,-2.39616064903663,-1.66851656402706,-3.08334720905135,-1.04236169479115,-0.225553214974686,0.399788497496678,-0.785110098832228,0.0294045146718137,1.89198539854936,1.43031953505371,1.52785682440936,2.49669076568398,3.30541901419904,1.70867780874178,-0.737586235793584,-2.31049143270443,-2.89865332652753,-1.42557828587429,0.268953337067901,-0.953647750006933,-0.559723999723084,-0.470857745768257,0.178037128799731,-1.41739739365948,-0.484378730595443,-1.57662011051004,-0.193551276145383,0.548810933022448,-0.52113449605005,-0.29675890345321,-0.928238933782793,-1.28729176227241,-1.63156380729182,-1.81257867613108,-2.37404128412009,-2.36428333302549,-1.66668978943885,-0.914285480728925,-0.131899192858662,0.478628814039043,2.26941592543332,2.96956675655315,3.23983157908822,2.72295331157705,2.97581756663566,2.47024787909117,2.02309636052786,2.34852594325077,3.234826150763,3.80719613992645,2.08607900912759,3.67360193046296,3.82497597184612,1.31030641179074,0.33862066298091,-0.802521761490386,-1.40114933290751,-1.50568810008893,-3.30898195935747,-4.56684462500828,-3.67296238357317,-4.60275775126812,-4.93639653371901,-4.18779580240036,-2.3815098390848,-0.199836971131573,-0.953105580642611,-1.59703667890747,-1.48646217233712,-0.717105293580583
"5",0.968669381316793,1.36364483408951,1.79319332345304,0.808053643906714,0.707957566080086,0.252519596149947,0.0233866860785,1.01616113367224,0.904833859543769,0.526439072337489,0.816910376895499,0.925238269927981,0.201576834750177,0.618981051396007,-0.635868091981496,-0.255182589862323,-1.36485664105003,-0.992150754332767,-0.965244079224387,-0.355615995047193,-0.591070556018018,-0.959138492135823,-1.19342148066806,-0.629031780208796,-0.0877048720327364,0.122862196344313,0.564532022676688,0.959234321526036,0.398853304603278,0.0148949273304862,-0.634393241400569,-1.39273750479413,-0.453023726258186,-0.381953033607901,-1.03942811666355,-0.00843861438780813,-0.356453755600052,-1.00043056112391,-1.30141566046431,-1.31636569675919,-0.303259992195704,0.447368473666334,-0.514508829993228,0.651686971151721,0.818997174307257,-0.176933298639653,-0.113665451040873,-1.17137322818399,-1.16308250215532,-1.03599809390437,0.283320771621353,1.13526449109877,0.50474400095324,0.873485313893521,1.09070610257522,0.30122307238255,0.215541135327793,0.115522084658056,0.211314677886066,-1.67552536377999,-1.42221854075355,-2.7798269756894,-0.554024017838824,-0.209357504647435,-0.487195711458773,0.0373306636122223,-0.288684162626244,0.0757476753825003,0.0627562795248255,0.454843453197509,0.447708034082445,-0.264482054170018,0.101366659901922,0.0672891679699599,1.59991400133287,0.00620182051733731,0.215927559267965,-0.111492864324722,-1.04299343328205,-0.492788130420628,0.134653423842265,0.35257424846786,-0.34707458070222,1.12060309941321,0.668621535837668,1.41430319580662,2.3739010881459,1.76880701841622,0.921928685823284,0.457499859388346,0.373293872778226,0.142194541962865,0.197862960234746,1.55415205955139,0.457795694167503,-0.129767216943035,0.25754431571477,-0.585097907395379,0.017860961679261,0.0999356474592765
"6",-0.159794187525798,-0.195548977773566,0.610664001647816,0.263960248567466,0.32553800107815,0.746335616272208,0.974780976382481,0.684714508562151,0.723101284644398,0.162363582366387,-0.562332889314663,0.65530352836448,-0.746640179080812,-1.27633372840105,-0.58944982215698,-0.785860267651016,0.082295474691482,0.183741184894712,0.290514521116224,0.81500094976497,0.185279015878009,-0.00891870668438892,-0.501117466458324,-0.878602225151634,-1.06389346606958,-0.9947502839234,-1.14278975033928,-0.0767222121632397,-0.105430992216777,-0.698897869611394,-1.6379668093571,-1.99320450495802,-0.536752798495369,0.0970936156760622,-0.24763346758668,0.723167481077953,-0.0745116323502434,-0.377900496142314,0.255798384357049,0.86677224837134,2.40197367992114,1.82325360084046,0.879795854891458,0.132876640552598,1.80780707953188,0.900120055817526,-0.18569483075483,-0.504657049387461,0.250452004416183,0.316154153061471,0.473477864822843,0.254403720242408,-0.223176765946392,0.43679151956858,0.174097895293708,-1.36431061053244,-0.996574655776289,-0.138999785875585,1.33384869661263,0.790058701330699,-0.187694539016957,-0.55691559199883,-0.480461101512665,0.0665112542596671,-0.188383516974681,0.389375698740186,0.938052738270363,0.299727220924174,0.108221910277383,-0.249724758391468,0.677244660702352,-0.0250528356962591,-0.806484734631681,-0.961797101051726,-0.887663334905095,0.191363087027822,0.845959583002681,0.800036205109016,1.17594675693238,0.976135846107441,1.04806119102615,-0.102435178982628,0.297375158187513,-0.308411258688472,-0.650711780380709,-0.744779016622004,-1.26516428313937,-0.0451672823260023,0.46356395387422,-0.38985234257413,-0.409432679481968,-0.154341682875811,0.493118703495999,0.46854235642229,0.655140084086484,-0.621088547191855,0.411307800054054,0.894534653849796,-0.168642045669018,-0.634637931269608
"7",2.06645594985819,2.36192658077394,0.137318468380091,-1.25611689202167,-2.13635067202773,-4.23313454060924,-3.3391788949849,-3.72624677077022,-4.05092079254299,-3.94332461195106,-6.57215604858237,-7.60889268068877,-7.0135060547675,-6.47153778201505,-5.5878025689167,-5.78834621067497,-4.73642086159421,-3.31825463535961,-1.95098702349391,0.198857346393393,1.0529221223657,0.90680877941039,-0.285487343951157,0.206121879538148,-0.587702514557401,-1.46373621967745,-2.94630102758262,-2.86989375053871,-2.92085435161624,-2.28510236468496,-3.35949817315595,-2.49128247697655,-1.97570220508143,-3.61709492990519,-3.83238354980664,-2.25893200975289,-1.35301976281749,-0.242568752603782,0.69922930043867,0.956402067946267,1.10693249693526,0.905017177373379,1.63370346883789,3.0190953232028,2.25059801122682,1.00335090322758,-1.27560844445114,-1.89164102622776,-1.78562010998178,-0.590092671181727,-1.24016751610913,-1.09427704213578,-2.31388179874127,-1.5285011568492,-0.603939888047175,0.315111997015989,-1.51197609843747,-0.879499839141386,0.573030838431147,-0.577744882648389,-2.47809960372066,-2.83469452207543,-2.43614482015552,-2.10747045425402,-2.04746867557218,-3.49121996987039,-3.51523006152749,-2.79353565593143,-2.48537672495288,-1.78221899425771,-0.486159066614447,0.702846802749692,1.68883106942939,4.00254387121166,3.61865499103743,5.19541580747102,4.65726492349832,3.37960631410865,2.67132339815069,3.74849607414041,3.69133176113979,5.01197775372136,4.82497928727715,6.15958998150585,4.9376539097744,2.5683066484101,-0.575534028713583,-2.12031273792765,-1.80175877633197,-2.78765209080047,-4.31463076550393,-6.02727719554444,-7.37281360757339,-6.29647763825499,-6.80464739694246,-5.67011544783968,-4.69790574646423,-4.17341240794251,-3.95707055260131,-3.54978886839556
"8",0.423787613282032,-0.311946655388945,-0.486064197739908,-0.4212074138956,0.437671333141961,0.407536484342156,-1.00723831897311,0.0523535193017982,-0.502478627492061,-0.0378629769196783,-0.133380604753979,-0.238706778357706,-0.803960714518548,0.212386919209488,1.21014178185467,1.40014194996521,1.71628073713722,1.92222260909147,0.903632709649162,1.19734172518459,1.40260728530017,0.576996106116676,0.0813465485374554,0.195941090216209,0.119272520112431,0.629820865661454,-0.490970248777677,-0.217018800843854,-0.556381946384189,-1.34717486194722,-1.41586383100063,-1.20214701801518,0.526819694629748,0.0469404952002498,-0.451539159118586,0.605466216193606,0.690338865347762,1.59799331400092,1.63600945098805,1.12355245589588,0.220848398192072,-0.0906149725383117,0.941583111488936,0.0654299667178603,0.035796683844362,-0.486408388037663,1.23663249694469,0.916594681408541,0.0983569721507807,-0.13549995019408,0.113693721437045,-0.736962484677812,-0.704671515968104,-0.83799573086485,-1.52461548424571,0.393511144095254,-0.505169879981939,-0.762918609284494,-0.218340921627352,-0.565861922020614,-0.384759900257884,-0.537513744628204,-0.778431929392068,0.149684622535025,-0.19173837824256,-0.242859989479224,0.055395534584034,1.03615762214933,1.47665902889049,0.732464431508916,1.36928593378103,-0.0690061838541343,0.69397981896852,0.394449754092026,0.516883880528752,-0.358372437204369,-0.134634184677089,1.14170775479463,1.0913034267997,0.534042845430953,0.67468652462716,0.270310264044902,-0.735905829387003,-1.27406909983844,-0.294859752117259,0.21167637114836,0.0928013869281344,-1.10416192859903,-0.168491740336328,-0.489492998935456,-0.934274990739245,-1.18918143906722,-1.1147549065176,-0.0494674941811657,0.500716034185251,-0.0224445057007513,-0.561757428278344,-0.179124148743376,0.278347451724418,-0.76865588082116
"9",-0.152823830294822,-0.163478010223408,0.0172886359969322,-0.317785739324844,-0.153501459592593,-0.700631479803158,-0.871348654437908,-1.14400036638505,-0.851931708647581,-1.32022003003333,-0.927413052697956,-0.085848023785533,0.117144213838964,0.353347915176107,0.0053774601973583,0.372740616823101,0.423533453656265,0.434226213002429,-0.0339901925341281,-0.553923738210916,-0.190179276679612,-1.05030279927202,0.153753012953239,0.806749092935854,0.397797448955881,0.0547366436226604,-0.398476589305179,0.017133500058674,-0.817886689423173,-0.0384909400407895,0.0596205452835882,0.212621193250935,-0.202765499258837,-0.120802936021018,0.441810091465046,-0.639247591625834,0.356796560836142,0.573338107182291,0.230597072445951,0.780072307442356,0.91722471593471,0.981389959741382,1.12259829934773,0.173223195693113,-0.692918555830856,-0.282486926155597,-0.700572126380742,-0.439691270409093,-0.30783296928489,0.640283703995685,-0.0651390676910499,0.643005418360356,-0.227707910299864,1.01437828292943,-0.242130210507092,-0.0113714108012778,0.218981728501068,0.662521263718356,0.498169878335654,-0.590019936500654,-0.572402701045795,0.355541387196094,1.00748669750881,-0.137188404235551,-0.372745825602559,-0.212927119342596,-0.0174459896549337,-0.346360225977932,-0.329346643878589,0.0502411494866365,-0.471706991688292,0.0379645774084612,-0.35844897989242,-0.0232827888482077,-0.144514744709985,0.279652713981362,-0.056409946150781,0.491733842705225,0.0263222403514087,0.0265468245490673,0.375582934887273,0.095880110070748,0.075383825982255,0.864026243268828,-0.253725580358232,-0.0446522121786702,0.555126800417669,-0.920886674134958,-1.00614480387079,-0.845412074194278,-0.276848882974953,-0.747893030222412,-0.339024164217727,-0.573183883444624,0.490244104188148,-0.755924909638791,0.610562778252547,0.253964820063516,-0.342520150209696,-0.171163617402189
"10",-0.374879246253611,-0.524881371162745,-0.14802795738691,-0.621665686092615,-1.56970960553299,-0.598087933960035,-0.886111347588703,-1.40658843770857,-1.95918006175996,-0.683570506385881,-1.30325493359063,-1.90076810022957,-2.15868547091803,-1.95587781154474,-2.07543573389831,-0.770942384132404,-0.796014916400879,0.276609618111066,0.225335247606857,0.725648048011037,-0.559406107505627,-0.0413294967275785,-1.14850211542228,-1.39145054341976,-0.913310520622291,-0.870189627765677,-0.112356671094365,0.55459353490609,-1.03356006744049,0.789486352330585,1.16253647230843,-0.13995538797948,0.560162654997618,0.747317385772369,0.0745431896959308,-0.304363760889092,-0.848167572652456,0.241231387077831,-0.429567362536885,0.000219385874984893,0.264867303088598,-0.215571482179704,-1.2482119913269,-1.13474494818674,-1.21165141405567,-1.68080786815151,-1.49273874371012,-0.377758258648495,-0.854477466505096,-0.792786489472666,0.908346773135705,1.29662351270605,0.444910807656906,0.167519025524155,-1.01399390579479,-0.918089656952133,0.517731042550319,0.302604477836782,-0.215566657558411,0.419497344702345,0.669537702571857,-0.207913459163381,-1.32306260376336,-1.46466141490329,-0.795558264345288,-0.844206391364176,-0.405294131455398,-0.0484920157790029,0.119636357230438,1.62538164489304,1.65409665171239,1.78034199821432,1.59653693580186,1.63251359857535,1.59244158549231,2.30301266173636,0.265249717648044,0.741632683105985,1.65138809540303,1.09653962533158,1.29612328328585,1.47055722939401,0.715868533291403,0.283499384818888,-0.631853397159572,-1.21458359808256,-1.16840463113398,-1.11578567315279,-1.83418172633064,0.331057866020013,-0.842209579057346,-0.259168858515091,-0.208241759857871,0.0932873086295772,-0.420142284708606,-0.570710160391493,-0.997334599646716,-0.304359337220308,-0.869879197618265,-0.683264804039798
"11",-3.04733961693876,-2.15282033407775,-2.78404381068288,-3.02501602047769,-3.52883412583919,-4.89925051926765,-2.92888886866403,-1.66516871323543,-3.10804932040479,-2.37232800435196,-3.29071124216534,-3.04234136373751,-3.16204302534284,-3.22042873065455,-2.72998236826567,-2.53084553131865,-2.30874472277828,-1.2315645768903,0.953682076106112,2.03127120671285,3.3576347533798,4.73561422199086,3.22136732416582,1.93773265269017,0.84625804729,0.556070855243205,0.263800066554112,0.294874707512347,-0.591597587347,-2.40738571957601,-2.41669699033821,-1.79466455047339,-1.23134215191825,-0.389174185027989,-0.452538953151541,-0.717358034962513,-2.33163803586417,-3.74141038898062,-3.03247791645875,-1.14285282862495,0.356229947521976,1.39898153431331,2.45413475959084,3.9248161937818,4.13308157776534,4.01347074214847,5.65585998843639,4.77457799313026,3.27795711334562,2.91701972323081,2.55826243790486,2.65551935763601,3.74728203870544,4.05837468375527,5.26475051515627,3.55390069223029,3.32569381749888,4.03126512551327,2.67842983756499,1.32042721141996,0.0448335940546828,0.755616064984337,1.00092867268217,0.985110955325871,1.93022036204255,1.67665149157162,2.7171701871781,4.28169897133921,3.09812790355944,3.05800076947591,2.43275353495806,2.82126790932728,2.99147631758925,3.1657741721477,2.58147325442691,2.0806867115271,0.337700817923864,-0.0619834776608219,1.21249069798558,-0.217381869637634,-2.16499192513696,-3.15109927874258,-2.45822326844877,-2.95590869073479,-3.26825433120331,-3.25313117401533,-1.58431010997456,-1.47018117399365,-1.38655247721447,0.231264474614976,0.0497406708685637,-0.078941454116173,0.375682512551417,0.533131743935578,0.393358829011656,0.235644706344455,1.07489624911654,2.0130752319801,2.49387767450622,2.4067559572769
"12",0.967637673407132,1.88266333077747,1.84096911831395,0.239638000963678,0.0846664311101026,1.3288353049677,1.41292747715217,1.19368760928388,-0.0276434772398887,0.986272544176234,1.35194031883797,0.98646814644122,0.612317503306366,-0.171136703178523,0.190625216411845,-1.23176413637586,-0.846401517298202,-0.78590912669802,-0.682396517520702,0.823699663808397,1.45441406191562,1.11372806533945,0.894043105682165,0.139596296628979,0.423130049303558,1.00412261124972,0.593391746293004,0.0680799322931334,0.321754412569688,0.240891304729963,0.0514809649082729,0.48047727857804,0.854010313249125,0.885638962626464,0.60249650519965,0.400718716021992,-0.15413535839279,-0.536539318697682,-1.3706088338931,-0.649287814528991,-0.321329221393619,0.383794247753634,0.423482125995546,0.400956542718996,0.514010585800755,-0.159395041896511,-0.320622878847189,-0.705212127231501,-0.80040716815977,-0.612294939182763,-0.212378908105917,0.163266663250174,-0.293244549181791,-0.00775634152507687,-0.50997078181742,0.804809081701856,-0.576219167374428,-1.63478600960383,-0.849166452551963,-0.00676513045239124,-1.35147891168837,-0.336525353037608,-1.08663956078848,-1.22607345681899,-0.373107581581862,-0.291846788112271,0.84666438677149,0.016314686729767,-1.41014168418408,-0.196205028891153,-0.059912518975046,0.196276292118713,-0.316844574429893,-1.41767025563007,-1.03784490723881,-1.24541157308796,0.22346969533521,0.446510278449399,1.41972353644989,1.17671979494409,0.564260280463969,0.162023256414583,0.490979299030764,-0.530490328531396,-0.280007536065118,-0.355749230698857,-1.46151071711951,-1.02812066824238,0.23717958749219,0.281717664019592,0.24674823309362,-0.1395452210105,0.19887098441089,0.11529052867648,-0.337580375549676,-0.467321248068474,-0.757863105988449,-0.963923757594259,-1.40148250667684,-1.20175349121316
"13",0.772067130943891,1.47141555338071,1.92269192357508,2.43940833509734,2.14083281608155,2.67469793273176,1.86959154517979,1.73029809605536,0.777134917519941,1.13667105620005,1.03374605327752,0.0880518414639269,-0.798216599396289,-0.502861840959377,-1.04501342991179,-0.399024330264,-1.18754813599331,-1.11412387031716,-1.99456679949245,-0.544295607532053,-0.0134482243426998,1.39424680905001,1.90689581556264,0.911374559625085,0.463118429507377,0.640582398038594,1.81938571188445,0.36052670634191,-0.521157641875653,0.993144422861861,-0.0337328311402112,0.213435586705131,0.486666630335361,-0.121911211520429,0.964362459386499,1.53515049464805,0.796395619744873,0.450314171812259,1.42663708100111,0.357085771059291,-0.614099715280599,-1.42856819442492,-0.318076805023673,-0.334170192836024,0.351861205708584,-0.00784170750108837,0.343893633499547,-0.0472243429424757,-0.877749176103716,-0.425838714714457,-0.176628527548729,-1.2434392494223,0.595712354407589,0.325614529087139,0.346565395850842,-0.966311378386873,-0.554457156834386,-1.73864843140376,-1.13769249546164,-1.27072554873296,-1.78899328557813,-1.34149901426615,-1.26490139572138,-1.75218842648914,-1.75261727293616,-2.03812205569717,-1.39540169208952,-0.722639584065016,0.244097873892304,-0.732881249030734,-1.63409616076453,-1.21667747193136,0.0679680727174258,0.134860154592915,-0.984817913288664,-1.15267852456374,-0.880262764126485,-1.20499123228462,-0.992892083354205,-0.17085347337652,1.23712225685369,0.589496920180272,1.24315201114202,2.15976668542985,1.76959638339247,1.70122232716707,0.830620771170987,0.823117072451545,0.758166266977614,1.49290362228687,0.361931982141014,-0.0519167555367378,0.217338029518747,-0.494694254356028,0.0500771116855026,-0.0865796547216563,-0.92746128004747,-1.31012576374001,-2.19408096993276,-1.32609107804585
"14",0.395293430366658,2.15919067461328,1.2441426268596,2.98403864779397,3.56328429783591,1.95551174473296,1.12046872629918,2.697433734542,2.70168729630109,2.29624310856105,2.8034633945079,1.96452201089482,1.93986089476213,1.79959272390443,0.578225467697064,0.500779176952218,-0.0755027471954979,-0.900940336274187,-2.70467275590078,-2.15436605316086,-3.71344827684044,-2.04007169743578,-0.436472926186315,-0.0319029726313385,0.627149914456938,0.285280773262475,-0.736670420516661,-0.412318445254877,1.4608895712319,0.700200176382367,0.376914628163452,-0.847122026779685,0.538276052682779,1.19329238792564,2.61368121418068,3.19901573528658,2.61134119613779,2.5885233319754,1.2355405063424,-0.861555339849447,-2.16570578149009,-3.24917365265066,-3.27375798412176,-2.22720023379686,-3.24354692745427,-3.55724624295549,-2.24822722852206,-1.4223814894696,-1.61570192296317,-1.04183343185918,-1.81465365805585,-3.60885961865717,-2.64109997315028,-4.09745318932259,-2.78984588590103,-1.63069927511915,-0.902718938070353,-0.719287225192369,0.269274205026838,0.338158863972186,0.0110858965068747,0.00334633229822767,-0.541310617542807,-0.17128454188828,-1.25777415339934,-2.9574462588388,-2.53428282018674,-1.63961726859628,-1.12117710986116,-2.23180289664402,-2.21015326867053,-2.80101370958769,-2.17766371119493,-1.50811999811277,-1.03853707706611,-0.258936362314814,-0.115691912757886,-0.285905369419507,0.453553277752256,1.31496135700067,1.85902192702249,2.87565906107099,2.19470019148724,1.74181902652383,1.31368273953139,1.42590971479527,1.8567419426724,2.03805506572419,0.0750522547728963,-0.740731452509813,-0.374011726562437,-1.52985265566179,-0.699514104463669,-1.1358227509385,-0.925464744238012,-1.04262167460634,-0.520888006572766,-0.788173051417514,-0.649374665715055,-0.913316919060999
"15",-1.50358751934605,-1.97964760573065,-0.291720958191565,0.109347133126498,0.86466830936885,0.344628333543746,0.628560994223424,0.518776668003608,0.186723161316553,0.319990064114817,-0.146930151989464,-0.620571061954493,-0.634792406638108,-0.955664784793062,-1.23128022274013,-1.08672585368683,-0.224847380706474,-0.293142819386815,-0.712416079679818,0.116479064283069,-0.082447390142073,-0.330726648346669,-0.865051354198237,0.392969694631057,0.0175397544014317,-0.57089029352306,-0.736295845607104,-0.266718732557922,-0.89658864845618,-0.261755717960359,-0.749697029640629,-0.78306354188727,-0.888163401626503,-0.0473202421903163,-0.197065538603167,-0.235151675188315,0.492150248348589,-0.368184158239005,0.0560931046951673,0.80845998561263,0.726622568203762,-0.198192470097868,0.0308179445232095,0.683331085543075,0.0743454137340548,-0.712977616034396,-0.364788904956366,-0.274790572561127,0.247492665298564,0.606311765394887,1.02509754649073,0.347492395925873,0.01672709504582,0.902501817980732,1.33905890099675,0.766903305609501,0.744827017594253,-0.650617461302228,-0.689659339375165,-1.1098534114109,-0.587052635094805,-1.09616699995229,-0.916111635752088,-0.706382760374606,-0.985117384975169,-0.525504911127511,-1.16365150890036,-0.18714521079042,-0.222693562590433,0.0836016330560836,-1.29375220573584,-0.921217894308814,0.266098391024949,-0.330977697348738,-0.878483492494185,-0.538052612218915,0.19244868955967,0.52027115111946,-0.716951171220283,0.34472805731219,0.861547401439741,0.695047743405205,1.62952085657224,1.0448961467085,0.369083261108548,0.392450163533023,0.15923916095494,-0.140096049936565,-0.104418891707409,0.616390282080955,0.330090967676819,0.204974444654589,0.637622180225649,0.0663423675920956,-0.305588245008026,0.7541259823448,1.59049150701421,0.87076426718738,1.32703779487213,1.4603755403238
"16",-0.895460469515947,-1.2731405556952,-2.14785904818593,-1.635904424493,-1.44116695560207,-0.755942099583756,-2.11145648148943,-0.982006585276986,-2.01377599466748,-1.19256648095594,-1.06071365449322,-2.0214204349372,-1.89840523985037,-0.830409751045551,-0.877710469477935,-1.53369260625746,-0.416903768379816,0.607584505028778,2.21399779361659,1.55613850017913,1.43246090193294,1.09520810264059,-0.275799320301969,0.190513956660954,0.132902498132161,-0.422395457773725,-1.00933080688658,-0.943950193510878,-0.300807817752779,-0.590712080403745,0.303309273359203,1.14360130525721,0.415934054362864,-0.090215543379871,-0.499641849306061,-0.175927707127249,-0.817485779673643,-0.0663262665146449,0.889140314627144,1.05475708510824,2.33727029623402,1.58545439357448,0.106587832282175,-0.510109145381294,-0.577866000026476,-0.660163246073678,-0.675897021801339,-1.24629082405785,0.155271339173374,1.13265873614258,0.237390659093439,0.09478412001166,0.181499071969707,-0.54109975874553,-0.0274461054557965,-0.195113845143435,-1.25775750999975,-0.286308341813556,0.584285645031415,1.0935045674358,1.14562111628777,1.24989119337268,0.990206396447504,0.602832001701676,1.70126382316312,1.01955174184885,1.16925386965464,-0.258030657416237,-0.828769665308229,-0.263192890009177,0.418923107613605,-0.425176518737751,-0.31120500083509,-0.441451642413546,0.636323367971101,0.633683160763357,1.04207120427208,1.80372195697098,1.0593241958825,-0.791874283431678,-1.89990683482375,-2.43530912207717,-1.50672148053432,-0.644865280577342,0.524617512765518,0.714951426539848,0.0668972172413252,1.14682434576318,0.957260890024527,-0.383263524998848,0.274393165822357,-1.0817127235995,-0.11620750823701,-0.977632082364429,-0.647703025006561,-0.546446163406739,-0.107179967336089,-0.295564847299319,0.465777076225879,0.896536995434308
"17",-1.94460044849363,-0.524138902434812,-0.901406296851721,-0.391760330033401,-0.608440792364791,-2.76470604412157,-1.49533611712667,-0.487421337440461,-1.51816759346308,-3.23013068498517,-2.65662476953818,-2.60403717131198,-2.41063625423065,-2.02298633009543,-2.49792510469745,-2.34304580091143,-2.89030073863845,-2.4475822416778,-1.70847675859601,0.270378669501357,2.44562851035522,3.78030805058593,3.04138055633919,3.2716636147334,1.4006685077383,0.809422405637765,0.0423492565298973,0.369950407007585,0.705252406818825,-0.498067779965156,-0.791820856359167,-1.15604623622812,-0.185121124937974,0.652667383929536,0.183665109050801,-1.54298576425485,-1.64054553304174,-3.33239964808076,-3.95513320846469,-3.85504686175791,-1.0116543081784,-0.876179485200623,1.09546307593361,2.77047276434414,2.66972955306752,3.20433701523354,3.97316423096758,3.43228741551739,2.20701938520058,1.28437102052302,0.274698119087546,0.615654950557535,3.19572665991951,2.54783980342589,4.33584727479228,3.31001044842533,2.87324642696963,1.88696013069512,-0.0137885597447654,-0.13025848996714,-0.267781916800307,-1.42317092669015,-1.29327762022681,-0.282800159047846,-0.666173677786011,0.0558370826362625,1.11497155666729,1.78724420988466,2.58143928992201,1.13367374027013,0.90608183001763,0.00151023618370938,2.20775326016117,3.25244880146383,1.51733646064269,0.25901217390943,-1.12272141971046,-0.180792368888846,-0.129856470653191,1.18762216618098,1.19400849561415,-0.307675764697346,-2.01058657199759,-2.50633098221825,-3.0854127804051,-1.81029220903943,-3.44191243463171,-2.97314799159528,-4.65469328016398,-4.08210313082982,-1.69168003400585,-1.49949891921692,-0.832498404409584,-0.469024640954448,-0.0924552431050241,-0.595458694942684,-0.508542541985263,-1.24858485797731,-1.33776100501713,-1.09353832980189
"18",-0.175974790046224,-0.110028011205419,-0.16540721475621,0.533986181414102,1.10569062973674,0.447381386140751,-0.112129805532287,-0.199498322864495,-0.395708933208136,0.161786367519548,0.163160765525359,-0.523512210060535,-0.419395123358727,-0.276494741043309,-0.829554832191963,-1.13733118631878,-1.78085672525354,-0.878256934266885,-0.28314032422458,-0.275414775591414,-0.584057895303515,-0.440053560980072,-0.950359081309838,0.120046948969723,-0.399803055363529,0.152691158847793,-1.13256451729157,-1.68455992238079,-1.47861113570603,-2.18047314328751,-1.93687091675284,-1.99747110599823,-2.11111547817405,-2.16775491797667,-1.33429532393426,-1.03731881392603,-0.00753456888986881,0.79804718526847,-0.0732475839132353,0.406991390910182,-0.426393603772022,-0.152805138354926,0.546996211656997,0.678936357679623,0.338998288963275,0.650169957847351,1.13921818863672,0.246515742383441,-0.0377102266428976,0.292629333078744,-0.323721265538752,0.498468341898295,-0.457645737616266,-0.372046593995002,-0.417605264201952,-0.795481991948039,-0.576213591873442,-0.544067820864924,0.423050655108331,1.00762687749742,0.494745202395418,0.580262261879776,0.241500439897887,0.133052428662,-0.231231350225206,-0.123807967117165,-0.161265035631801,-1.15075441563262,-1.3728267874698,-0.965838246259496,-1.11073898774063,-0.272672140245661,0.882670250334008,-0.13239708704569,-0.16010609858563,0.623398673110046,-0.452575428560629,1.08277208817781,1.21449023317147,-0.165306293717395,0.138184840212532,-0.942200931707213,-0.986523599369703,-0.864636314178543,-0.059085624095208,0.349561449911267,-0.412761329946621,0.557681233559455,0.430765502394812,1.630823786754,2.14179416878331,1.12719310295174,0.252232906898874,-0.105361816200728,0.0105464543287745,0.269283173922347,-0.670598593365721,-0.417938487361167,0.118657861824593,-0.643088184456152
"19",-0.460721967866054,-0.172330594704365,-0.455256765312913,-1.26704572853319,-0.75872918064321,0.141772529102257,0.34992723842957,0.811206605192711,-0.247844219543153,1.25225078155634,0.358078929099857,-0.706927998706048,-0.137857607010218,-0.330660209070596,-0.4283865879965,0.0581104209314954,-0.33776984009142,-0.758672477129106,-0.0666731037269189,-1.09543088064713,-0.545434500470074,0.417552007319435,0.564883805946657,0.311265356010983,-0.328518938006456,-1.0060194203942,-0.773961686063227,-0.358202941452519,-0.130227590961581,-0.268627615637832,-1.43715108565472,-0.256470287986613,0.701740950077028,0.919485640466925,0.267185747999503,0.689972793761791,0.470067448684989,-0.0307325055952686,-0.580015281381134,-0.505233792683858,-0.0936336396927072,0.638242574327385,-0.756382749044626,-1.05118564501127,-0.0293651642567195,0.0705045724698726,0.28694979856407,-1.13398703969626,0.0276127803140426,0.0346265632968784,-0.065008221977242,1.50539747616134,0.810529611712852,1.12416129055246,1.18046611046118,1.04147979183443,0.464884221188053,1.20117772879982,0.447257884743531,0.110997931685003,0.718060811138063,-0.707897044993178,-0.123774803614673,-0.274281606313107,-0.500822703388419,-0.202808073942875,0.358588566828028,0.482058730078859,-0.0890156226089249,0.0417256503327753,-0.600301085498782,0.382302912108794,0.714142924007348,0.503694165987114,-0.209241717408814,-0.127832965012363,0.654401645889761,1.23702888167277,0.707507262679372,0.404021855365228,-0.171644370670761,-0.347306699453515,-0.436652946294824,-0.248620274905231,0.442076875529705,1.03825188965493,1.42344262604929,0.859811458637117,0.12313362303173,0.995565616439021,-0.528686423180483,0.88355366337672,-0.886351332470556,-0.693633915839608,-0.511468325973121,0.49344792601802,0.213706850925498,1.05220898574062,0.327598486616666,0.4828630196156
"20",1.43111131167218,0.909460911086454,1.41674110358525,2.48154416673654,0.443595930418476,0.254850341610743,1.11533665685631,0.778865399366323,1.70029309938122,1.05261394107595,1.42204426591271,1.11997329656623,0.202378918574794,0.159731639183511,-0.269424370256554,-1.34888928402969,-2.14956141629578,-1.33219351838689,-1.21366305041995,-2.61746671549051,-1.07018890011279,0.660893857894736,0.779333174673482,0.820757334889002,1.87899118797269,1.43852144761168,1.94936121177876,1.0525345376151,0.525854366570636,0.814106250410428,1.09825815792856,0.517547260548654,0.500246376640081,1.07634680810553,1.30458353825522,1.28452502800407,1.47209079278886,-0.109039757149155,-0.220942850789613,-1.17483592156968,-2.50969521537483,-1.74620880724799,-1.03845496398168,-1.38491435973232,-0.493847583848717,-0.225556196598406,0.184915337810092,-0.489893693671709,-1.20101372701296,-2.06801127048399,-2.60774648427371,-1.85824198398789,-1.94092693746626,-1.3921893592176,-1.7031880531897,-1.32658936556584,-0.608699757271401,-0.34253425663488,-1.27154593251716,-0.462515835344258,0.17980356138168,-0.543888436771671,-0.78168925880382,-1.66469517036357,-1.31649986975881,-1.13642637720564,-1.05987310548291,-0.504677094580847,-1.0469869104187,-1.99867506630278,-1.22968170229371,-0.970635097544649,0.5058006610621,-0.520860551626273,-1.00369560612666,0.183130870323583,-1.11338471155441,-1.29757568242556,0.724128153774572,1.71056126093486,1.41090494315628,1.41586588148712,0.587627957644744,0.550968523745731,-0.382842345917813,-0.765644306832482,-0.562415581702912,-1.64727611870948,-2.71316168379081,-1.92477324483335,-0.820823007450641,0.488231867071712,0.240980789287433,0.808971378442015,-0.754421592510585,-0.859688028025279,-1.33126706377731,-1.21657309535579,-1.62435557958693,-1.92686968250296
"21",0.819889996584532,1.46904510088043,1.25902258877734,0.398278764500584,0.299503007756472,0.718098780031837,0.049229914648398,-0.399859677122511,0.191724618773461,0.0750997864991817,-0.443434952049588,0.377235705445871,-0.0842003299283784,-0.329499631850653,0.623276323904377,1.39015651720641,0.962944433247483,1.18826878073484,0.405506655069946,-0.798319024541672,-0.29782244488025,-0.0734769623418702,-0.506640342968278,0.362911806309328,-0.697298003076437,-0.843160178383814,-0.512007312969237,-0.355580162571192,-0.112100753247507,-0.445755621473618,-0.0505598919339349,-0.159353041097749,0.545885354105564,0.489417501103113,-0.277346574345639,0.275624010272942,-0.32359289606033,-2.05720230550056,-1.46748444573749,-0.957076083157985,-0.790751995934284,-1.10313168685432,-1.36190689917769,-0.554087787031871,0.147653503785426,0.767167405190211,0.5407932399253,0.895669392082984,1.1821266114833,-0.335995062525368,-0.0151165733113111,-0.153227568274799,0.280204959708266,0.530673106957391,1.18950725017772,0.795612376728649,0.74874451375398,-0.236752858298882,-0.115024207670294,-1.00713418881068,-1.12875576944051,-0.159641683742668,-1.40450742331848,-1.6131106943068,-1.64650869538307,-1.23470050950103,-0.30961418150429,-0.0786651854084528,-0.250017464683572,0.739789826068457,1.00851683089609,-0.154999816792203,0.818749143082948,1.63888607423617,1.40691487596243,0.659243364547139,-0.82415094160935,-0.0883085277910596,0.245337472573873,-0.728057116242623,0.179974045683646,0.467677748221212,0.837711897297872,0.392761992395726,-0.499056272712139,-0.923983484030612,-0.628329267049648,-0.725159452631926,-1.59782443758974,-0.439113131869676,-0.258158763730088,0.226824313072162,0.278464076199051,0.387115825563096,0.423899998409199,0.825009772917371,1.63213097103905,1.37555759356982,1.11262890634829,1.3069997545436
"22",-0.00840550254461003,0.190942149772339,-0.253559216782551,-0.0434038269926263,0.19868004124322,0.571320060494939,-0.00615172202726472,0.738923438773335,0.127532409726721,-0.167671615557502,-0.332739744642928,-1.13802343855634,-0.668044479123285,0.539968360882281,-0.97439143002698,-0.369910989338952,0.155200160085688,-0.889366901135708,-1.20511648054382,-1.08284107444921,-1.03188695362029,-1.01473912482125,0.357246375195626,0.194253209367612,0.17794445394811,0.335231688667886,-0.0392939109521048,0.626768770699387,0.678416486647983,-0.863891858865111,0.0297189047653057,-1.44532002130132,-0.767073279954516,-0.597747460693492,-0.225134234875697,-0.359929250000725,-0.924570366730171,-1.36869186701697,-0.449333422339095,0.3920347909846,0.670101639993967,1.31260279309976,1.10591726367794,0.227739290491606,0.908003967784022,0.537488314934969,0.293298019280201,-0.424294481990045,-0.182729668526611,-0.427536582070397,-0.484947118253736,-0.854732083705751,-0.220944742133418,-0.272572295835113,0.0668684129337065,-0.420593310101112,-0.143286184724761,0.304958367347951,0.451569809736555,0.672642088970566,0.198164079182994,0.165798882333795,-0.788284965496313,0.2017297268063,0.111899809133409,0.297858081616602,0.235189838388566,1.09324884829252,1.08113032081742,2.11590443104171,0.576924630366021,1.03271371675357,0.802327758437165,0.831786430522502,1.50142165691908,0.25184617395213,0.215165671391331,-1.3490570918996,0.0621104994393045,0.00796628486226498,0.854391237980463,0.602474403410678,1.37282882859948,-0.228055347681111,0.589357623173989,1.1908695325261,1.09027509337157,0.328573031378536,-0.164173467526544,0.286801797152029,0.375748665043363,-0.197452087736705,-0.0504214299089523,0.47073516155956,-0.107501771211096,0.357001913764332,0.808004816620218,0.772224329359473,-0.0259565303102822,-1.02111173121424
"23",0.875978559110443,1.84845669133209,2.01807376356864,1.06531843216017,-0.464014271821186,-0.0492916003272092,0.101160863446658,-0.664651370721767,0.1490638220642,-0.474927356099556,0.166060992695817,0.0183781548716779,-0.99248948637325,-0.288167944408292,1.15922186378197,-0.524349049201606,0.382666173945608,-0.177850382281426,-0.904427539345516,-1.52070880314096,-1.61880069453576,-0.583262563277485,-0.805137689272841,0.118713216771948,0.566614279518028,0.60642097068605,1.37822125689869,0.0589259342101769,0.823478664833172,1.25641697113281,0.535279556020047,0.5732411255033,-0.27440222910599,-0.112058504720709,-1.00971332298431,-0.292526208279035,-0.464349096639329,-0.627241142045466,-2.07675950407435,-1.22440539554812,-0.700978602055306,-0.280477092949212,0.696980951655371,1.34206027463255,1.23056708404152,1.05728746868307,0.488979041945734,0.385555215682077,1.08497881405934,-0.859204969467587,-1.33515817831025,-1.18133233867552,-1.56803453906603,-1.33282594732559,-2.07647121141073,-1.11055199338841,-0.505931587177964,0.219115019733931,0.106144565555373,-0.594356386855867,-0.120799973556912,0.832112413709595,0.367574169563542,-0.809166752708919,0.254688626104293,0.323208784008719,0.557637363324781,1.1053191559245,2.8970406218974,2.18331747737752,3.72483335203093,2.03555153971989,2.47119706522824,1.54881682112739,0.660562972388211,1.44157188749187,0.736221989296062,0.393792725975524,-0.375985944245789,-0.427774282425885,0.0724089999796689,1.22353585709818,0.702453050880589,1.06227075155441,-0.138400535645555,0.0826207256898188,1.08872149222444,0.924492645758533,0.428053116493802,0.535702939801265,1.73887406469958,1.3139963236947,0.771404361575749,0.190511464507359,0.0404625961295303,-0.381450549288255,0.65124093341343,1.53709462330184,0.758349140215739,0.363847205276809
"24",1.56243988986668,2.59539146351277,3.61746635648057,4.32562676376693,4.25483347597698,4.18174617757115,3.11648929655255,3.54972246982288,2.3356057676881,2.92748928559819,3.8514331787481,2.95825913532303,1.49697512592282,0.0529921502012207,0.55104079301114,1.09545742988886,0.680072238367824,-0.395346093749744,0.759109816556466,1.79439543651531,2.30034000612763,1.20781678810372,0.0131540786423756,0.358403528344738,-0.296504770921294,-1.02437861145325,-0.219295837805061,-0.53226903038353,1.37658500718664,0.000210824810674581,-0.789190516896157,-0.677669060898631,-1.07233854923089,-1.5482401791208,-1.36281073251728,-1.60921312182728,-1.86390867644452,-1.51227070001351,-0.7556906902095,-2.29143188728776,-3.14234636837959,-3.7249715544678,-3.66377385014994,-2.12135211319232,-1.39859272387606,-1.24929633916892,-0.892264154533773,0.240281138631545,1.08589337716484,1.29360975800338,1.04015363545723,1.91607264778703,1.76193508883002,-0.096723106417087,-0.832848000194649,-0.211722519420284,0.109024750631361,0.993559064790616,1.09426323779108,1.47108988009315,0.924020497871515,2.30449203466866,1.37989449756822,1.40943102043557,1.65153046796162,0.40343810917047,-0.644816069237804,0.328558599192322,-0.720126443196028,-1.46948420587209,-1.20470744748304,0.17734143014124,0.300221682152676,-0.444922568900745,-0.611984908022541,1.33910552344855,4.4329380847783,3.95087341942075,4.12205504681974,3.5518906816445,0.18947544705314,-1.92858418374631,-1.76020827897231,-1.30033472454138,-0.228015736953062,0.621326355263141,0.519803216393874,1.49182062893,-0.0441451074985575,-0.304929763359081,-1.07232012591982,-1.88055459706764,-1.91435752133809,-0.614579946021452,-0.623776464534227,0.406268715333867,3.28310250470962,2.69285778296633,3.7917850808977,3.68327545824523
"25",-1.09583372972666,-0.994602142783006,0.314218845178041,0.544752177764755,0.0730684655350655,0.0995330155115917,0.750023320658138,0.369293399976432,0.273742816308303,0.135722948199552,-0.0921642640177717,0.522985898019195,-0.255447866081561,0.187318697001489,0.516025054760244,-0.0742272678570779,-0.198115457426814,0.374381483338238,0.69058543733405,0.769476953207607,0.970806020089335,1.64689264765341,0.862713008759454,-0.101456585783357,-0.3438582150085,-0.494066037044298,0.0568267268494791,-0.600527499508008,0.575888084641877,1.40184850710414,0.326512632273929,-0.841745956123224,0.50791707443297,-0.239588664948702,-0.693788636377773,0.166860722448806,0.465236937154496,0.974024354895245,0.717113145047585,1.45770565934893,1.25017442550378,0.429933484487314,0.0668572908185615,-0.572375405183764,0.784297421029759,0.827746222966333,0.815379884467055,-0.0328987801142047,0.322502441040845,-0.452238555159207,-0.542168547182934,0.272582513642178,-0.0129650539396578,-1.35329531423824,0.245545323287799,1.92023747154367,0.83846546131973,0.233326636344123,-0.423174489380179,0.0392823767964687,0.107744955272196,0.225567043948271,0.73484176594838,0.428991284551578,0.106580976120949,0.325959518925979,0.101428969591866,1.0231073994941,0.799328666711524,-0.0116904501354306,-0.181813213845766,0.370334432841834,0.0115232120728757,0.195787637942705,0.29138052610154,0.881083961526673,0.365089858116308,0.122550912340104,0.41364710167189,0.297044589786744,-0.836368406782817,0.102538291552909,0.122077453652594,0.220677802262347,-0.978539315789776,-1.96910697885539,-0.402918556876599,0.896802861484241,0.999134075453055,0.38507317432483,1.18592283505675,0.9590790609212,1.70638443389627,0.392420623545449,-0.283776736671037,0.31828580899902,0.657836755135446,1.0379027127062,1.84017136421631,1.20367252813879
"26",1.39989805763868,0.638005639149955,0.907427458782236,1.33932865140395,0.908840847985808,0.953814814919213,1.20969003933287,0.10740618716307,-0.790780085607294,0.130706333277749,-0.129222452659057,-0.498283071972148,-1.85932495782321,-0.452727653644162,-1.39667562397086,-0.834796772795846,-0.710036800862976,1.11034197684469,1.80748560702215,0.951649867758537,-0.872803534030942,-0.33732959848311,0.241187899212517,-0.610612138798938,-0.815371729837917,-0.320408426370541,0.392159249958438,0.110654999436786,0.719765689810928,0.150472854360569,-0.422060054214243,-0.975295767042443,-1.13988428761921,-0.15351506861673,-0.266526923772139,-0.186532251451661,0.127421667666438,1.12158488073056,0.127525302113417,-0.97087609984648,-1.16719494163296,-1.49381029237365,-1.85470524356778,-1.14933239061408,-0.839612853767528,0.495625967240848,0.258004491149218,1.3151248499818,0.825397625937865,0.060466545400188,-0.0121432119275313,-0.197434152227943,-0.264013156795664,-0.226011272016528,-0.778499962803944,-0.331873411795853,-0.0952536807797401,0.999472838998093,0.76141054298448,-0.43186116171748,-1.02552121955645,-0.534970396014884,0.339038521680834,-0.813168589081007,-1.8018461069346,-0.441346884164304,-1.06071684463385,-0.41733454593979,0.428569693782714,0.246028133663073,2.16903974987934,1.59348760857938,0.984814317664576,0.487855192065829,1.92741727273844,1.59610212303476,0.156514021543075,-0.658078375557359,-0.146420085514014,-0.0886374586722672,-0.190913814448808,0.25093876350554,1.02795480225577,1.25312860366897,1.21068724328752,0.945640828365141,-0.256310962844568,-0.78565433133953,-2.0211518822265,-0.786031421217349,-1.133544901046,-0.398805338155513,0.418631361071983,0.814577061174402,1.94235043250124,0.759277356126749,1.03477736826085,1.62902455445246,1.95644463021119,3.1170544489254
"27",0.379140371852268,-0.241369954087043,0.576219027116506,-0.0573121797376217,-0.198832442601682,0.0430409979688603,0.856656528075149,0.45883655880745,0.371259093614028,0.868985869347109,0.390478988501924,-0.414967994069293,-0.693229139724975,-0.360482375868884,0.970271785588067,-0.506630627490939,-0.577463406018302,-0.904485539104253,-0.94607191664153,-1.69773689242288,-2.69856500000658,-2.8281078140115,-3.15993997490611,-1.4932152225689,-1.08189443762733,0.0151059159916385,0.0902385452340385,0.440093301052524,0.560836168191014,1.93026335428457,0.848924782564981,0.426784067793839,-2.0729275281678,-1.10080668625302,-0.309112472204715,0.408705477707639,0.623660766326602,-0.00631450970944225,0.238349433613226,-0.668253779044418,-0.842994911897259,-0.396996910347555,-0.252906327229629,0.186734392100831,0.678392846344897,1.65333605140385,1.53225802774508,1.33651003175924,0.840926505491083,0.115000443246408,0.611581804833613,1.20094017802835,0.410882495276385,-0.659379665436042,0.701300301710152,1.12673548725801,0.841242836394619,1.21740579921178,1.04616768602933,0.8854081936698,2.06755416320825,1.03833570439815,0.827016020397911,1.23004121589572,1.30586529229301,0.356346751976638,-0.131754556964533,0.77577772311255,0.800298910445391,2.41843586686604,1.9421336830393,1.44054472003743,1.20559813891686,0.347762769767985,0.933017016320482,1.69324269637978,1.18983693680881,1.16623933093087,-1.31849093609996,-0.11743130546636,0.786822413987872,0.251656540324921,0.362684076733994,1.16722485049011,-0.846984654122667,-0.515956358086176,0.719937649916039,1.86576215893066,1.37909794871339,0.0221204113780783,-0.585681298954968,-0.60219825443145,0.255700125286909,0.118704859890419,0.167188971718886,0.96881170624834,1.12179060150454,1.67009177264444,1.12049702755285,1.69434152493382
"28",-1.07323737273212,-0.609195908867314,-0.200087276376238,-0.938121571723999,-1.32033325332773,-0.935004431716271,-0.573269325103807,-1.96854451157998,-1.33240595390884,-1.09230450137945,-0.528839385146536,-1.04523818389422,-0.948114116283093,-1.28970277913554,-1.90913108421286,-2.16071250212758,-2.06727943174214,-0.790352083265122,-2.2275051716015,-1.26115800645536,-2.36423767796911,-0.70265164432609,-1.04834268743839,-0.726480477332843,0.0284498887563884,0.163130534661328,0.218686644775665,0.347749146405499,1.73331415805855,1.36658913545806,-0.0154792548464602,0.161421077190044,-0.541306741747133,-1.66261015029513,-1.842211466777,-1.24982178147902,-1.43815983668928,-1.23154721152037,-0.900918024285346,-0.476360209335975,0.594667988140826,0.0870623846523049,1.47797344816952,1.60312741853558,1.86916943742743,1.35652402651483,1.38297739389691,1.405673977816,1.6836582219075,0.759579617339972,0.413391570323492,-0.421197027055846,-0.936405090258932,-1.12528600600938,-0.82985381734033,-0.440655319011035,-0.562416489998718,-1.1857056458375,-0.125592143368802,0.419902243561315,0.435895637921558,0.183418894485001,-0.178933327328969,-0.265600326089808,0.549273028729052,0.977789939474371,0.913942626400476,0.925906020433109,1.00590382269432,-0.202838424657028,0.942332911400793,0.72026784338277,0.784911039433403,0.918701442462741,0.025853512108867,0.707984086436017,1.17279142299118,1.78512931052156,0.534789830238924,0.326692243519724,-0.0601325938244928,1.0613260959819,1.38521425328596,1.53694744939707,0.0752335270749721,-0.39857469040444,0.464981568355497,0.364420419495445,0.864183414875391,-0.0522287462400071,0.0979913299336134,-0.237574965378713,-0.741027032169466,-0.586427905033828,0.00989212342287778,0.0250085344965848,0.656163512600695,1.20040768905378,1.06262428131958,0.291540938312575
"29",1.12668046672718,1.12782907716279,2.75342744752837,2.56377212841846,1.99900882240919,1.99906157041846,2.18824358406447,1.38681287596658,1.05890864992747,0.876245299505239,0.0626747920292077,0.492778125381192,0.620507080048353,0.378327445350741,0.174115258616662,0.728776658841422,0.921023435012103,1.29579276777602,2.98265347686482,1.82758104665179,0.672392959443514,0.809563058787259,0.963148351560008,0.443847248083858,-0.386122181556519,-1.16087557885722,-0.837906029203191,0.177343559337274,-0.218212385193373,-0.585523126944831,-0.38893948657241,-0.643190560859189,0.280597640500634,0.0667563379486367,-0.0057048849273596,-1.02335573065895,-0.740456986068533,-0.127998618124068,-1.32340991402134,-1.85895046958534,-1.40420675638656,-0.884363398526805,-1.34271250007955,-1.92136033059789,-0.708176194707987,0.481629647174852,1.68304541042992,2.04769262330492,1.51532820727607,0.447766593647204,0.658893596798808,0.481875053474449,-0.841507882690242,-0.395814413508988,0.455258816185718,1.89013436845514,0.308703535130315,0.77806555236118,0.735596346646847,0.667611332669923,0.134761853973834,-0.915914309811395,-1.16568892229679,-0.0976294600109648,-0.971228919123455,-2.06962051818721,-1.43074511919033,-0.51396171365255,-0.279457434828532,-1.24983269596812,0.474466390625036,1.24585159993681,-0.353156679200482,-0.695970367135221,0.421306027698794,1.47676012454024,1.30574906529376,0.323593312882208,-0.851675067307659,-1.65661250710764,-2.2924652154801,-0.648358693527998,-2.01596817289754,-1.05906373290075,-0.874076052696508,-0.0915861460049879,-0.84454751355746,-0.758832910456145,-0.381848552356124,-1.95866308224206,-1.05132151588404,-0.15262477960102,0.692423559266,0.752595242349765,0.793593119354894,1.27202851290008,1.08861526968862,2.04654460386169,2.17244191650453,1.84151021685362
"30",2.03608000048556,1.66935197667812,1.34472594827502,0.918967377778942,-0.207631447982915,-0.719214737656639,0.681346872820391,0.457011592828225,1.20021125727445,2.13203073649515,1.1428462691353,-0.145770157673717,-1.30006171584026,-1.54698217189209,-0.342054880836205,-0.8484806198615,-0.761914612785243,-0.696337161996085,-1.26603862142434,-1.33955175859753,-2.10655686803494,-1.0536074811133,-0.602725447878268,0.272780280037713,1.1973118912821,1.09841626210565,1.46162969078325,1.33839341464628,0.121772078133482,-0.287466382666323,-0.973550321246067,0.134213017874088,-1.277232595239,-1.52772120157475,-1.2835554294832,-0.314970352051979,-0.30576612240602,-0.288838821675704,-1.42077339245311,-2.03477146556693,-1.19658544246777,-0.28201984467981,0.976337339990721,1.11454869901651,0.554168143848669,1.16852733973799,0.611485378961544,0.54718474212291,0.115016903250769,0.270571522480338,-0.193097435894484,0.0612563069728808,-0.51928037561608,-1.2108292857964,-1.18022727543789,-0.316315811907727,0.152451141940546,0.828987683657344,0.604850063109937,0.409705784266987,1.6962428418233,1.23927054638193,1.07372767791737,0.0768211918347271,0.390923680751662,1.32468701782774,0.996989769217534,-0.386421024588276,-0.034179911829982,-0.886275491889592,0.387899479033493,-0.482565372909159,0.382622227395905,0.738652138299459,1.804734239744,2.51396738250978,2.642239258619,2.15883808628122,0.990298824252876,-0.873093313369801,-1.12148209702364,-0.197144066359024,1.22437130067462,1.17340932366376,1.47953174902808,1.49920906507516,1.79218340139902,0.876788660072612,0.823633816375852,0.447213762055461,0.690121485052918,0.658713721266347,0.063450807788509,0.486834938915106,0.896966809443052,1.53896064665573,0.724061301028361,1.7762287330518,1.05226581873806,1.54668052017545
