-0.122381,-1.206683,-0.7055406,1.511307,-0.2397256,1.746506,1.739054,2.559104,-0.6189771,-0.7101348,-0.112369,0.9045975,0.6767986,-1.727153,-0.4064019,-0.645903,2.244569,1.937892,0.7490266,-1.037032,0.3876021,1.541131,-0.8406664,0.6661467,2.694419,2.341838,-0.1473604,1.288173,-0.9853702,-0.5059852,-2.0246,1.640134,1.069092,0.08131187,1.99089,1.110686,-3.006197,-0.8296357,0.5393372,-0.09827959,0.07936253,-1.556225,0.1360919,-0.1192891,-0.9086102,0.8001935,0.2642316,0.06518059,0.9780354,-0.7663345,-2.411832,0.1449992,-0.5597416,0.4443801,-2.609001,0.1554193,-0.4415651,-1.513317,-0.6978728,0.3870123,-2.478002,-0.9910074,1.25431,0.3460633,2.999673,-0.7946402,-0.988041,0.02554507,1.254653,-0.5133944,-0.105432,0.3601165,0.07827086,-1.871655,-2.302437,-1.126874,0.106912,-0.1410476,0.1837564,-1.562325,-1.299867,0.4361546,0.2552618,-0.1916419,-1.349303,1.902643,2.036874,0.1179364,1.970773,-0.8068751,-2.115189,-0.6686863,0.1543902,2.199487,0.8452598,0.3512343,-1.367366,-0.8258079,-1.625215,0.9251519
1.25786,0.8874988,2.022449,0.1278168,-0.861109,-2.3627,-5.009093,-4.383016,-4.358559,-4.101167,-2.17432,-2.012699,-1.950116,-2.711326,-2.690955,-0.019244,1.257763,1.275503,-0.01394916,-1.533133,-2.625354,-1.194522,0.3008074,1.954949,3.1083,3.990628,6.017564,5.523556,5.885172,4.768155,2.069942,0.04575321,0.0806369,0.1889454,2.554337,0.1951342,0.8540339,0.2267733,1.305235,0.4183525,2.464111,2.566954,1.346596,0.5182892,-2.361494,-1.800121,-2.07899,-0.3901674,-0.2104326,-0.9617915,-0.5043253,4.550485,2.774224,0.4343812,0.8102866,0.008535281,-2.168575,-0.07151072,-1.066134,-0.4844858,0.1440395,0.5513192,0.5131024,0.736842,-0.03235881,0.5637924,2.018047,1.311402,1.254896,0.8741781,0.7192563,-1.204962,-0.9298493,-1.479721,-1.262661,-2.259544,-3.328134,-1.969506,0.5308425,0.7048303,2.01134,2.346572,0.2032263,0.6761158,-1.181466,-3.05807,-2.876018,-2.440655,-2.783558,-0.3264046,0.5125859,-0.02283822,1.643619,1.323904,0.1879664,-1.55568,-1.638606,-1.556411,-1.453658,0.8404897
2.383502,0.983548,0.06203996,1.096949,-1.235375,-2.17714,-2.180823,-0.2668216,-0.2871844,-1.035951,0.1456706,-0.6300569,1.546638,1.098346,0.161036,0.7420144,-0.4460888,-0.5480845,1.104906,-0.9630978,-0.8984897,-1.378419,0.1492593,-3.181062,-0.04508147,-0.6956987,-0.6554167,2.466393,2.031641,2.011896,-1.112526,0.9200183,0.8274449,-1.822793,-0.2474121,1.524754,0.4984614,-0.4491832,-2.182564,0.08992606,-2.748332,-1.458955,-0.8953429,1.51865,-0.945925,-0.2398557,-1.115402,-1.904802,-0.3788313,0.0650247,-0.6095552,-1.241238,0.3372366,1.698712,-1.053704,2.346963,1.123343,-0.2188454,0.9840236,0.2391198,-0.5653038,-0.1055195,-1.476328,-0.3297398,0.5265266,-0.3241686,0.55752,-0.1832634,-0.00918708,-0.008036368,0.4546076,0.5425913,-0.8606983,1.491955,-0.5891821,1.242288,-1.850769,1.346456,-2.364251,-0.1729537,0.0264863,0.7616171,0.7675312,3.440557,0.9151238,0.74223,1.513453,-3.53806,-1.478006,0.6395099,-0.1502104,0.3880489,-1.150215,2.489606,-0.5857607,4.081331,-2.513846,3.190078,-2.436996,2.667514
-1.850508,-1.461039,-0.07314202,-1.237986,0.8746216,0.3076681,2.548584,-2.247064,0.4381359,-3.91404,-3.640121,-0.9498743,-2.939464,-3.297483,-6.720549,-3.183763,-3.049799,0.009144176,0.801799,0.1985767,-1.058537,-1.503276,0.5760286,-0.2591527,-0.4305387,0.428352,-3.213814,4.655454,0.2170112,1.890584,1.910361,1.937303,2.655543,4.04118,-2.995166,4.91133,0.03019588,0.8717961,-1.294931,2.460962,3.088793,0.4318449,3.895281,1.612061,2.456807,0.05452399,3.886035,-2.231465,-2.209995,-1.047323,-0.7032448,-5.502483,0.6195682,0.3716894,2.27654,-2.332579,1.961471,-1.632303,0.4447482,0.1915573,1.179428,-1.140032,1.0428,-0.08778046,2.040007,-1.957309,1.959194,0.9348993,4.889413,1.964607,3.519732,1.43855,2.865809,-0.3259797,-2.028205,-2.867269,-0.4016299,-2.257499,0.7077058,-0.8920292,0.1796558,-3.260979,1.119767,-3.916602,2.483483,1.361362,1.381354,1.353439,0.5383666,-1.660401,2.748112,-0.8041265,3.766791,-0.860653,5.009828,-1.517202,-1.009453,-6.092056,0.3096893,-3.790698
-0.1115227,0.5416465,0.5157287,0.329672,0.9315586,0.3934412,1.782348,1.561575,2.120998,-0.06002608,0.1195095,-0.2383732,1.351694,-0.4865688,1.635278,2.887771,0.3775885,1.17345,-0.2027842,-0.4818732,1.164475,0.9311371,-0.2536784,0.3296974,1.28881,-0.7045445,-2.159324,-1.094458,-1.188507,-1.23079,-1.932165,-0.8438684,-2.844595,-3.510376,2.410069,-0.5715582,-3.135253,-1.159391,0.7345325,0.2925994,-1.323663,-0.7640097,-1.252082,-0.7896511,-3.090674,3.158654,-1.701738,2.620073,0.9859557,0.07306945,-1.164699,1.337677,0.2011114,-0.4515672,-2.445569,2.631619,-2.16046,0.8249328,0.9252645,0.06183368,-1.830343,2.19765,1.020125,-0.1030872,-1.122311,-1.831628,-1.414981,-0.9036914,0.822229,0.5825343,-1.196152,-1.293982,1.439202,1.054801,-0.6422008,1.126482,0.2984326,0.8476259,0.7790308,0.09479296,-2.082483,0.5295685,-2.500537,0.3653344,-1.651438,0.7216171,0.4953917,-0.4984567,1.533493,1.768924,1.458702,-1.305504,0.7781404,-0.5109204,-0.9550939,-0.1511395,-0.1207277,3.004044,-0.4132883,1.269844
1.000786,-0.3456982,1.616756,-1.213074,3.275591,-2.001307,6.359619,-4.958635,5.037097,-5.394024,0.8741593,-0.8847829,2.282687,-0.8565767,-0.5082412,-0.1677019,0.3166374,0.4561808,-0.2474716,1.08721,-1.421987,0.4608898,0.2353962,2.346121,-3.721335,2.563871,-4.821738,3.188375,-2.314735,0.6062004,-1.324543,2.500098,-3.463976,4.181614,-2.841037,1.523347,-0.5493492,-1.556317,1.129112,-2.30466,2.849587,-2.547845,1.212074,-4.629164,4.456034,-2.031482,3.878122,-2.470608,1.352965,-0.9166672,0.1517248,1.312817,-3.002368,2.720933,-1.251348,1.961649,-1.087497,0.7644183,0.4577411,0.7704017,-1.018946,-0.05415815,0.2803513,-2.583465,0.6252492,-1.548911,1.144101,-1.489078,1.980249,-0.9645948,-0.2695979,0.2821633,0.8266685,-1.733858,0.6310816,-1.645209,-0.8597509,3.403852,-0.3452542,0.630791,0.8683981,-0.6226684,0.9305398,-2.399981,-0.3312612,1.45261,-1.626914,3.517578,0.3636917,-2.309138,1.662093,-2.559331,1.756421,-1.915545,4.359028,-4.412849,4.51108,-5.213479,4.613423,-4.031425
2.176059,0.6856128,-0.80173,-0.4346135,-1.464631,-1.545943,-2.607529,-0.3221477,1.575522,1.858945,0.8530964,0.8072183,0.7106266,0.7511712,0.9012144,-1.298733,-2.534202,-0.8621881,0.5684511,-1.539004,0.3912688,-1.095689,0.08390589,0.6652629,0.8942285,3.216461,1.265246,1.22888,2.177902,-0.3463402,0.001457408,-1.249829,-0.6568571,0.9159555,0.1444338,-0.4620238,-1.319548,-0.9462738,0.1590998,0.7059528,-0.4506384,-3.131266,-1.712062,-0.154399,-0.5190333,-0.2401641,-0.3447272,0.5300943,-1.10008,-0.8622214,0.4911862,0.1146747,0.1665147,2.602405,0.6306511,1.104657,-0.8108293,-0.5033032,-1.548659,-1.269606,-3.037714,0.6258457,-1.10522,0.01944445,1.601606,0.2400474,-0.6449136,0.3498195,0.4535137,0.9748729,0.53549,-0.2919358,-0.8883126,0.08563708,0.3077549,0.1420832,-1.535309,-1.087822,-0.3446042,1.357901,2.057527,2.167963,0.02659775,0.8669654,-0.1422823,-3.242718,-2.534436,0.4249556,-1.452883,-0.6390058,-0.337088,2.786016,1.786856,1.603113,1.123426,-0.009370297,0.4781784,1.097103,0.8846725,-0.9476616
0.9142233,1.992905,0.2638497,1.604629,0.8388694,1.198835,-1.217864,-1.594826,-3.506623,0.06055778,0.8300822,0.2186909,-0.4512392,2.257374,0.796432,2.729843,1.755948,0.520209,-0.7936373,-1.536436,-0.7289022,-3.09423,-0.8385242,-3.063019,1.63145,-3.208004,-0.1198493,-0.5690943,0.9417983,1.843195,0.6507017,0.8820518,-0.7640231,-1.066982,1.537376,0.01880211,-0.7835588,0.8609579,-1.901995,0.09307173,-1.165513,-0.3553393,-1.004349,-0.5946055,-0.6939927,-0.3274718,-0.7041429,-0.2993999,-2.94843,-1.820228,-3.115271,-0.3099299,1.548021,-1.636942,3.905805,1.411889,2.997361,0.5945896,-0.05301577,-2.379741,-2.309275,-1.623633,-0.3748689,-0.09414309,-0.736363,-1.333694,1.064463,1.505418,1.427737,-0.4291945,2.508983,-0.3922743,1.575479,0.2228725,1.728429,1.560113,-0.1951651,-0.02777582,-1.217867,-1.105085,2.159918,1.824522,3.477865,2.690827,1.728266,1.149646,-1.879138,-4.994576,-1.567447,-2.251579,-0.233484,0.3613364,1.46831,0.948947,0.3388459,1.2254,0.03209199,-0.7711955,-0.8167897,1.101736
-2.558114,1.231479,0.1584765,-1.54386,1.437774,0.9878823,-0.6062813,1.119051,2.474925,0.2010663,0.909552,0.6740373,0.7956342,-0.2925364,0.2690126,-0.5797392,1.366209,-0.2172073,0.4598598,-0.8347728,-1.397199,1.629295,-1.530995,0.8190953,-0.8111228,0.8536273,0.3040636,-1.912257,0.9446133,-1.802615,-0.3369259,-0.9467672,0.5251243,-0.6217007,-0.9506369,0.7808852,-0.4270248,-2.189969,0.3384705,-0.05929713,-0.5464662,0.1550454,1.521356,-0.189314,-0.9920431,-0.4541395,1.301516,-0.9109884,2.797197,-1.389123,1.851289,0.8456731,-0.6745229,0.5178091,0.1439071,-2.401718,2.812261,-3.9816,2.821754,-0.5169257,1.010185,-0.3797875,-0.8286439,-0.3060122,0.4139563,-0.07530086,0.3498439,-1.477653,0.03831835,0.9919443,-0.05623163,-1.432418,-0.6166947,0.2204584,0.006511703,-1.341039,3.572582,-3.917812,2.119834,0.5488638,0.6598798,-0.9973955,0.5613999,-1.15276,0.6934921,-1.91003,2.332161,-0.2481756,-0.01247032,1.014608,-3.023335,3.475801,-2.247346,1.642966,0.05820973,-0.07984711,0.1655237,-1.214675,1.568454,-1.499437
2.687876,-0.1091487,1.26073,-0.6509507,0.1207228,1.852702,0.2730293,0.7952397,0.4480743,-0.6735879,-0.237774,-0.6096061,-0.5025542,-1.692957,0.7844216,-0.06350407,-1.211903,-0.8364044,-0.1592862,0.8467168,0.1437849,1.453359,-1.076293,1.241049,0.7000268,-0.9408827,-1.157871,-0.19084,-0.7700584,-0.948041,-0.9795753,1.040337,-0.6781264,1.890163,0.610508,-1.342565,1.103483,1.625453,-0.2667018,-1.203919,0.2782134,-0.3807834,0.14476,-2.224163,3.068051,-0.4355602,2.044997,0.6964935,-2.815871,-0.8660633,0.5553995,-0.1055323,-0.2018211,-1.160768,-0.4238883,0.8891052,-3.854354,0.0989739,-0.09594817,0.4609197,1.592352,1.947704,-1.676473,0.9664607,-1.080637,0.8170153,0.5739868,-0.3655154,0.5265849,-0.4828285,-2.564263,1.070394,-0.9325356,-1.823285,-0.8580448,1.669566,-0.4046807,0.7329333,-1.009249,0.5935,-0.4454026,-3.281964,-1.863493,2.070676,1.260543,1.031051,0.7008975,0.2273965,2.666773,0.1455043,-0.4208209,-1.555041,0.452085,1.114731,-0.8252435,1.070107,-0.1893043,0.2417391,-0.8603411,0.9198363
0.4293681,2.674221,2.844715,2.419738,3.385741,2.344892,1.891242,-0.5964477,-1.223696,-1.152026,1.372762,0.03637505,-0.5568045,-2.291922,2.167995,-0.2249035,2.739557,1.680232,3.597716,3.016886,-0.6956362,0.1547431,-1.981576,-1.552467,-4.405875,1.493074,-3.11978,-1.918143,-1.699618,0.3933517,-0.3292596,1.327578,-0.6215273,0.6679927,-0.1875507,0.7781695,0.3616007,-0.5778837,2.071934,-0.7215064,2.574372,-0.9285405,0.8549753,0.2783673,-0.05441593,-1.112616,-0.7812872,-0.5873139,-1.674904,-2.437252,-2.268257,-1.414524,-2.379993,2.872349,-3.137799,1.183587,2.192808,3.855895,0.8937588,0.7850611,-2.697113,-0.9779729,-1.556676,-1.091082,0.4977247,0.1767161,-2.210473,-0.8587585,-0.1272298,0.4999348,-0.591716,1.628039,-0.7163721,0.5662612,-0.7596708,0.9377546,1.982047,-0.672855,-2.173748,-2.831247,-2.454952,0.7332425,0.7312012,4.035661,2.432435,3.392637,2.525407,3.99241,-1.475247,-3.349041,-4.086997,-2.151075,-2.911577,-1.632982,0.8531275,-1.064576,-0.09172802,-1.894357,0.08296729,0.6023526
-0.288562,0.744352,1.288858,0.8488708,1.298996,1.610951,-0.1889278,1.516058,-1.806128,-1.660738,-0.8779206,0.7490532,-1.737061,2.567734,-1.02444,2.748923,0.9286804,1.089701,1.578145,-0.3345485,0.6187673,-0.9438782,0.5202801,-2.399995,-1.722134,1.301056,-1.771667,-1.343682,0.01671162,-0.7846683,2.153066,-0.2641835,-0.569986,1.760897,-2.122517,1.857862,-1.424291,1.283251,-1.420171,1.027667,-0.7474092,-0.7140894,-0.579063,-0.2084097,-0.2942298,-0.2698783,-1.09299,0.484971,0.06411538,-1.856679,0.881004,-3.766272,0.6416069,-1.483576,1.129293,-2.291791,1.890386,1.35578,0.7692577,-0.3224137,-0.1714012,-1.210383,1.437572,-1.315083,0.8314469,0.9151227,-0.5728316,-0.1938192,2.095704,-0.9039237,0.80483,1.610448,-2.351383,3.032277,-2.571258,0.9811627,1.900868,-1.809987,1.855568,-3.224242,0.2692307,-0.3131566,1.244573,-0.8146544,2.712349,-0.09362429,1.48281,-0.02529714,-0.7116331,0.7503443,-1.925232,-0.2416309,1.375074,-1.389897,-1.485135,1.176898,-1.869206,0.9225991,-0.6188935,-0.0001988402
1.936369,-0.6696287,-0.3268983,2.388632,-2.962837,2.645882,-4.39988,1.121462,-1.562427,2.267776,-0.2312001,1.951758,-3.000802,4.802243,-2.14523,2.51353,-0.7008609,0.5666381,0.0511853,-1.661451,3.949467,-3.635566,4.29733,-5.997596,5.938075,-4.220448,2.043744,-2.29749,-0.7328704,-2.068073,1.875877,-1.55926,0.7215791,-1.808312,0.003295682,-0.1323813,-2.201885,3.737711,-1.805066,1.596333,-5.742129,3.423112,-1.353514,1.426533,-2.039166,0.01601543,-1.810677,1.633102,-1.034285,1.533644,0.6738987,-1.265146,7.00872,-5.37263,2.892861,-1.826428,2.397438,-2.38924,2.695554,-1.993484,2.125327,-1.335068,-0.9594119,-1.20754,2.515709,-4.32481,2.397461,-2.713412,1.19914,-3.704891,1.251524,-2.407848,0.6862092,0.2647066,0.4455874,1.531782,0.6624974,-0.3436725,1.089759,-2.786643,2.853464,-4.076749,1.666777,-0.7270776,2.396757,-2.746395,5.368834,-3.841093,1.516404,-0.6763325,0.8463804,-0.6096618,-1.061152,0.6430643,-1.895626,1.771755,-0.9927529,2.509083,-0.7189573,4.223972
1.273459,2.290422,0.3346506,0.807591,2.526516,-0.8714203,1.935977,-1.921511,-1.320819,-4.22218,2.088818,-2.278442,-0.1836754,-2.051635,0.8367693,-1.042993,2.047659,-0.3141854,2.013297,0.5291459,-1.267994,2.145265,-2.543135,2.916654,-3.838254,1.649174,-0.1493407,2.69021,-0.8784118,0.263495,3.350264,2.344834,-2.07637,1.480318,2.582247,0.9711075,0.3793469,-0.3581011,1.631557,1.006814,-0.2492699,-1.996692,2.96805,-2.822667,2.417491,-2.939937,0.4891718,-1.293954,1.557115,-2.657979,0.2469601,-1.064076,0.7012677,2.753012,-1.916932,-0.7979382,1.513201,-2.47862,2.383888,-2.379063,0.2193123,-0.3886077,-0.2946969,0.1109876,-0.4784365,-0.1457791,0.1132876,-0.419448,0.1180785,0.7144251,-2.770291,1.528302,-2.56949,0.1277183,0.2057329,-1.024378,-0.7169486,-0.36632,0.5709658,-1.832804,-1.49042,0.6704358,-0.3286123,1.535677,0.2026717,-0.9054139,0.1884729,3.896878,-1.136154,-2.615181,-1.183916,1.465722,-1.810611,0.18019,0.03144533,0.7181124,0.1476862,-2.612141,1.521351,-0.3879594
1.041735,-0.109585,1.433023,-2.230271,2.412494,-3.376957,1.547119,-2.422959,0.8184741,0.1339856,0.008722318,0.09386884,-0.5621133,0.6761194,-0.009990918,-0.3942043,-0.6393379,0.3557857,-0.7422491,1.361977,-1.601899,0.5526518,-3.929318,3.042146,-3.888775,4.000276,-1.300643,0.576911,1.589177,1.441936,-0.6280163,1.3771,-4.141087,2.982023,-3.141897,0.4751512,1.304303,-1.489564,1.049005,-2.178704,1.382488,-3.25002,0.771537,-0.9241894,1.817109,-4.059277,-0.3668269,-0.9511064,0.907115,-0.06817895,-0.247558,0.1258594,0.1211262,0.4320275,2.06938,-1.307149,1.264502,0.5315021,0.1851729,0.009750394,0.3259028,-2.31542,0.3297601,0.8234193,0.552581,0.6635026,-0.4521464,-0.06372482,0.2019249,-1.065796,1.382375,-0.6035264,0.9598497,0.9287162,1.310973,-0.1246209,0.07461257,-2.647218,1.304679,-2.45682,1.414636,-0.2840068,2.928323,0.07965483,-0.4332877,1.645651,-1.994619,-1.111642,1.135999,-2.360227,0.08457686,-1.274433,4.913566,-3.299618,4.299872,-2.292284,3.949615,-1.70039,2.068649,-0.8287345
-0.9651689,-0.0926702,-0.3517866,-2.873767,-2.879721,-3.468154,-5.466863,-2.58774,-1.368006,1.657023,-0.3719732,1.390057,1.638448,1.96655,0.5586489,2.279253,-0.5467525,-1.859081,-1.405041,-0.9861358,0.539226,1.852149,2.048051,3.883255,5.474492,4.808294,2.286045,3.924034,1.324199,-0.057585,-2.609288,-1.261545,-1.731201,3.002764,0.1629374,2.413504,0.234925,1.883239,-1.219887,0.7318292,4.353397,-2.193594,-0.7585634,-1.481753,-1.353849,-3.444798,2.990216,1.270043,-0.4397365,2.423587,7.397944,4.481111,2.916136,2.016168,0.5675032,-1.295745,-0.593528,0.1316311,-3.354237,-1.313842,-0.149074,1.426105,1.031116,0.8477378,1.638124,1.127742,0.7387293,0.07606846,-0.6503171,-2.503683,-2.956361,-3.534199,-3.954647,-0.4000905,-2.538087,-1.14069,-1.874631,-0.7495375,0.6397358,2.42991,2.508312,0.3182118,1.362624,-1.728642,-1.48461,-2.73299,-4.702844,-4.037516,-0.01509547,-1.253616,1.390958,-0.4049976,-0.03486657,-1.631096,-1.095196,-1.970447,0.1452835,-0.3355094,0.4322918,1.491155
1.467225,-0.4748208,1.45103,-0.1009022,0.1536619,-0.7946937,0.8815874,0.5466756,-1.556962,0.1469553,0.9151043,-0.5837052,-0.4705399,0.180927,-1.105486,0.6853331,0.070742,-0.4189855,1.40871,0.0001792265,0.7115432,0.5173787,-0.0002762126,0.2012154,0.3769862,-0.01416053,-1.517301,0.7134676,-0.8094718,1.845554,-0.327426,0.2464934,-1.106994,1.426004,0.05764389,-0.1656554,-0.9883582,1.053721,-1.120533,-0.1577821,-0.1909161,-2.138335,1.80303,-0.03501892,1.118873,0.3090626,1.244695,-0.7409221,1.286373,-1.540666,1.173461,-0.7994026,0.666846,-0.3711644,-0.05632972,-0.8422137,0.7892876,-0.5921925,1.116902,-1.069798,0.5510805,-0.4190598,1.201725,-0.2336003,-0.3412335,-1.527733,-0.5042095,0.3175322,-0.04849977,0.1883624,-1.230093,0.1627005,1.215201,-1.080271,-0.09687907,1.469574,-1.3478,0.5519588,0.3615061,-1.934451,2.134373,-1.675997,1.330981,-0.9074427,0.5692942,-1.638214,1.183209,-1.852302,0.2964043,0.1407136,-0.1889745,2.070053,-1.2196,0.4878424,-0.8975989,0.01311224,0.4463236,0.471398,0.1763674,-2.67141
0.04346745,0.8452527,0.7499772,1.216354,0.4546164,0.6026317,1.888967,2.661264,1.673448,0.5174326,-0.7347206,-0.6200179,0.7056224,3.071292,1.675446,0.6115642,1.445337,-1.046528,-0.1250238,0.1318027,0.5619993,-0.216898,0.1723943,0.1655579,-0.7136312,-2.217118,-0.1144692,-0.3876402,-0.04526161,-0.475021,-2.449711,-3.418542,-2.403233,-1.819163,-2.260935,-2.133824,-1.729567,0.1030738,-0.2385516,-0.8998854,-1.511189,0.156932,-1.165225,-2.24473,-1.195731,0.004902139,0.4553726,1.220002,-0.3448028,-1.047574,0.2871778,0.2288895,-1.093802,-1.582324,-0.970633,0.2233196,0.6516218,2.174671,1.417865,-0.1958241,0.1368181,-0.009927437,-1.471621,-1.457743,0.08657618,-0.1640746,0.1000478,-1.125839,-1.535711,-1.719568,-1.771264,-0.2396967,0.1014416,2.016015,2.195435,1.840572,3.62647,1.392711,1.048981,-0.4561238,0.2192166,1.092225,0.8185855,1.119519,0.2291597,0.02372055,-0.7161425,0.05973057,-1.153423,-0.3661593,-1.179008,0.087653,-1.818718,1.33181,1.283439,1.267909,1.653554,1.44451,1.345764,-0.05352859
0.3668206,-0.5017409,-0.3058554,1.834531,-0.6652254,2.277481,-0.7634249,2.055995,-0.6595759,0.5641143,-0.4088774,0.715121,0.6644806,-0.2881161,0.799637,-1.192746,1.165254,1.780057,0.03580102,0.9559476,0.06192449,-0.7944075,-0.1287018,-0.8034421,1.09543,-2.178734,1.250884,-0.7709992,-1.184193,0.2084808,-0.2229778,-1.413212,-0.6029848,-0.5099438,0.5149747,-0.2870749,-0.9593796,-0.3716883,-1.350984,-0.202879,-0.7545508,-0.120888,-3.174036,0.5998828,-0.06507725,1.506214,-0.7758281,-1.036405,-1.250062,1.020826,-1.107641,-0.7096276,1.295744,1.356798,-0.39299,1.497895,-1.8889,1.204484,1.550229,0.9450302,0.6932446,-1.110011,-1.101688,-1.808732,1.476359,1.18826,0.4821271,1.192517,0.2247562,-1.294548,-1.175816,-0.2180982,0.2364553,-2.056197,0.3992938,-0.4037054,1.472696,0.6531408,-1.869903,-0.1752882,-2.338716,0.6041862,0.4795475,0.9726541,0.7747301,-0.8205385,0.9657438,0.04140246,-1.842625,-0.3346687,-0.2537841,1.917752,-0.3841146,2.306355,-1.196303,0.1829187,-0.8052132,1.359466,1.945795,0.1396788
-2.424953,-1.271408,0.2293693,-0.4497982,-2.150668,0.6512485,0.1607534,-1.866743,-2.198828,0.5951499,-1.603932,-2.296108,1.115097,-0.7222347,-0.7134102,-3.088768,-0.1040842,-0.5592335,0.4937968,-2.468009,-1.432486,-1.687658,-1.932529,0.707271,-0.1328442,3.516219,0.9769241,2.648978,3.002767,3.570698,1.502748,0.649137,-2.891306,2.65913,-0.4131552,-0.9683298,-0.4940781,1.790659,0.3639688,-2.325559,2.4856,2.09457,3.269439,-1.863767,3.106838,-1.489517,1.238724,0.9840385,-0.4512321,-2.584344,1.240203,-0.1843694,0.6495674,1.350253,-0.7358735,2.946155,1.57355,-0.6812673,-0.2231692,-1.801045,1.219521,-0.4160879,-1.205095,0.8153073,-0.9996904,0.2350087,-0.05147947,1.339727,1.243681,2.903901,-1.556921,3.259184,-0.685257,1.262262,-0.39357,-1.344712,-3.906238,0.9873716,-2.788488,1.32952,1.765612,2.885094,0.1506521,-1.338636,-1.325993,0.6860243,-1.180662,-1.467541,-1.923032,-0.5357763,0.4065588,2.977894,-4.378451,3.581659,-1.514906,4.046977,-1.671771,-0.8172843,-1.139412,-1.817093
-1.816941,-0.01946042,0.4985944,-0.6608444,-0.44742,1.585178,1.289381,-0.01753598,-3.055184,2.478175,0.9072345,-0.04409617,-0.2677782,1.264062,-1.893617,1.890325,-0.4805532,-1.180753,0.3397833,-2.583352,0.8986349,-1.438148,-1.607936,-0.5073938,1.360024,-0.5298539,1.652028,0.01146809,1.075338,-4.244184,2.673453,-1.171852,1.558834,0.3061509,2.547358,-2.112602,1.812325,0.8889614,-0.353665,-1.044598,3.490124,-2.706812,-0.2374417,-0.2104527,-2.142318,0.68952,-0.2975748,-0.1323914,-2.130957,4.425561,-2.171976,-1.265044,0.3628608,-0.9921827,0.9855233,-1.785882,0.4368507,-1.379373,2.432469,-2.13694,3.033978,-1.042578,0.1083677,-1.566389,-0.3874864,1.522267,-1.058856,2.64829,-1.373098,-0.3763181,-2.114972,-0.3015237,-3.463208,1.914687,-0.311348,0.9822357,0.2231747,3.278458,-2.224632,-0.464817,0.695264,-2.937561,4.935263,0.6517986,0.1443444,1.144545,0.84003,-1.025009,-2.381531,-0.01597663,-2.49015,3.185035,-2.023945,0.9404519,1.157446,1.308174,-0.8236042,1.391167,0.558905,0.9260228
0.1011249,-0.8900993,-0.2575079,0.08114998,0.2575318,0.7517527,-3.678626,1.254647,-0.2348161,-0.4207343,-1.181287,1.468992,-0.11502,-0.347734,1.34532,-2.76228,0.9451601,-0.07093753,0.3535211,-1.728413,1.193796,-0.5376292,-0.9994962,2.682518,-1.921224,1.288693,-0.2658448,-0.2610022,-1.402929,2.883223,-4.715538,1.41762,-2.363978,0.5700669,-3.523931,4.860308,-2.265348,1.005186,-1.934888,2.607977,-2.227855,-2.634962,4.676092,-3.549597,2.683391,-1.058003,-0.8560977,2.00396,0.1705442,0.9268219,-3.895354,6.366873,-4.300873,3.235532,-4.756018,6.074052,-6.330202,4.802297,-3.759459,3.790919,-3.059454,2.478968,-2.899603,4.595626,-4.072392,2.301994,0.5657447,1.458792,-0.1710738,1.678768,0.1354347,-2.090371,2.579913,-2.048912,2.502563,-2.946448,3.054032,-3.715768,5.10657,-5.87666,6.180576,-3.302854,2.759823,-4.266326,2.982154,-1.733146,0.2443982,1.353544,-0.6679744,1.024752,-2.551734,2.201319,1.410495,2.487761,-3.352851,3.553997,-1.393899,1.418208,-1.384495,-1.092858
-0.9170923,1.594961,-1.412197,2.422857,-1.180166,-0.08990941,0.1191554,0.1411225,1.424145,-1.917533,2.816766,-2.789332,3.378686,-4.469655,5.619966,-2.769509,2.908652,-1.778622,0.2432854,1.391439,-0.7874475,0.1093534,-1.533013,3.281002,-0.5688374,1.325707,-1.57159,2.733505,-2.697594,2.068156,-1.72527,1.250092,-2.328885,2.481732,0.5318929,0.7141295,-2.167873,2.501722,-2.610122,3.087648,-1.748094,-0.4728923,-1.606451,-0.4275396,1.707372,-1.270588,1.042891,-2.713791,3.026078,-3.391344,0.07286371,-1.043218,1.228151,-0.004115812,1.089231,-1.20147,0.04528601,-0.3067654,-1.82655,1.724051,-1.208854,-0.1767515,1.815157,-0.6931126,2.48094,-1.938329,-1.262354,0.1138929,-0.5371582,-0.3654695,1.172498,-2.168838,4.13798,-1.424509,2.964559,-3.688451,1.909928,-2.25143,-1.016766,-0.8797899,1.647641,-1.545532,2.53212,-0.8744867,2.996575,-1.583003,1.44867,-4.402185,2.780478,-5.303057,2.905027,-2.905865,3.092149,-0.8490374,1.366856,-1.408788,1.258807,-0.7450172,-0.9992425,0.8503207
-1.059059,-0.5300844,1.926711,1.105296,-1.584316,-1.646396,-0.7451499,-0.9013487,3.322469,-0.4070632,0.5821306,1.476868,3.150647,-1.876111,1.135243,-2.431966,-0.09594208,-0.2725835,-1.794799,1.607764,-1.322957,2.435536,-1.627678,2.000366,-1.664043,2.155971,0.9386503,0.6495583,-1.165398,1.150058,0.3910887,0.5753229,-2.433514,-0.9752671,-2.823836,3.197543,-0.4490137,-2.541531,1.369205,-0.4218982,-0.9659792,-0.1798635,2.313543,-2.928719,-1.072533,0.93843,-1.384377,2.71215,-1.218681,-0.2123098,-4.740831,2.74282,2.130661,-1.637203,-0.4506876,0.9423013,-2.64148,3.515253,-0.6307244,1.259336,-2.466827,1.22573,0.1603327,1.7794,0.7199634,-0.05877376,-0.6457909,-2.911793,3.219302,-0.3005143,-1.007054,-0.2024457,0.3432063,1.684246,3.577102,-3.68026,0.1679921,-3.477588,2.20518,-1.195353,2.656015,0.8864012,-1.831095,-2.661939,0.7705587,0.40769,-0.7973691,2.125441,-3.895091,0.8734731,2.696322,-1.455573,4.342799,0.02712005,-0.9019781,0.5412543,-3.784152,1.220459,1.161166,-0.4091304
-1.26173,-0.4047911,0.3540458,2.163898,0.4988264,0.1481614,-1.355211,1.539346,-1.094502,-2.98491,0.04748189,-0.2942547,2.327028,-1.764969,1.957475,-0.6349919,3.191051,-1.621931,1.697052,1.765368,1.577005,1.819354,2.645172,3.465711,-1.644167,2.603077,-1.002834,1.478136,-2.796077,1.319804,-2.55838,2.588833,-0.8453699,1.005694,-1.072764,-1.295528,-2.854975,-0.9017487,-2.365885,0.775613,0.2630675,1.328435,0.4359094,2.929824,-0.1679732,-2.121716,-0.6292247,-1.228919,0.2392374,-1.547372,0.6093752,2.457741,2.678936,-1.501386,0.3751714,-0.3639657,-1.099979,-1.059156,1.027922,2.100637,-1.069296,0.9163303,1.707783,-0.9528558,0.8258165,-2.491951,-1.595617,-1.722208,-1.70971,-1.372328,0.04241017,-0.3434438,0.3870351,1.125368,-0.245011,-0.262493,1.609561,-2.164649,-1.441614,0.521906,-1.132152,0.8465941,0.7372245,-2.539933,-1.372811,-1.917328,1.218261,-0.8457978,3.434193,-0.09603605,2.342258,1.335354,2.576012,-1.542864,-1.280944,-0.4460411,0.6044185,-1.419736,-1.772004,-1.433393
0.8192332,0.5456114,0.9584588,2.673658,1.35686,2.016653,0.3645341,-1.916116,-1.714642,-1.435085,-1.644746,0.2173423,0.4722393,-0.6028945,2.635232,0.5450804,0.4919991,0.4976836,1.606947,-0.1244568,0.1164597,0.5625521,-1.361122,-0.1211051,-1.455912,-0.363045,1.140633,1.915801,-0.7542479,1.025037,0.7167954,1.323824,0.9826244,3.157948,-0.1452775,-0.1482341,1.860058,0.3256258,-3.088205,-1.297647,-3.065732,-4.368512,0.2540822,0.5460196,0.9091263,0.8429148,-1.075446,0.05871654,1.939502,2.389768,0.3681947,-3.133878,0.665017,0.4521047,0.211589,-1.649325,-2.978456,-2.615251,-1.133186,0.2729048,-1.589586,-1.356921,-2.352972,-2.418293,-0.2396713,-0.9242274,-0.8241518,-1.459219,-1.22194,-0.2753313,-1.220359,-0.2206526,1.307342,0.7847867,4.816199,1.312077,-0.8217026,-1.280774,1.224596,0.2856807,1.07472,0.01698112,-0.6858802,0.6788299,0.9905237,-1.562614,0.1858119,0.09771574,0.3984865,-0.02459371,1.156535,-0.6396834,1.705376,1.195484,2.310016,0.7370703,0.7752937,-1.731606,-0.0382179,-1.211418
-1.062881,0.8364943,-0.5961596,-3.229988,-3.8474,-2.933227,-0.40336,-0.9635943,-0.13401,2.157218,0.8767078,2.435488,0.6131805,-0.8549463,-0.4442194,0.06334281,-2.111972,0.6835145,1.284741,-1.530892,0.3699544,2.075377,-0.5293414,-2.102908,-0.2958476,-0.6691999,0.4605078,0.5221303,-2.910567,0.3661409,1.100784,0.006676823,0.6529201,0.5407279,0.6827962,-3.810295,0.2930862,0.8561037,-0.8346751,-1.072638,-0.08115819,-1.526825,2.335479,5.088749,1.741062,1.8278,-0.8640788,-0.05359468,-0.3915101,1.566702,-1.799228,1.101591,-0.05648187,3.433254,0.3148799,-0.8703614,2.660186,2.808366,0.176585,-0.8032566,-1.416498,2.752941,1.207161,-0.6769708,2.354485,0.9284333,0.8069081,2.135753,1.786886,1.552487,0.5924706,1.772468,0.8144561,0.4120113,0.8838685,1.236848,-1.961256,-1.267896,-1.455761,-0.766139,0.4679375,-0.6949079,-0.5651121,-2.595342,-0.8940872,-3.313062,-2.513525,-1.324257,-1.284208,0.6100729,0.6253715,0.3400714,-1.026444,-0.4897639,3.132678,0.4433443,0.04704577,-2.441329,-2.689575,-0.675495
-0.5661169,-0.6467274,1.368118,-2.230745,1.48728,0.09130617,0.8747679,1.534989,-1.296571,0.8004501,-0.6697866,-0.2620975,0.2192997,1.107752,-0.4496083,-0.8589585,-0.4245134,-0.0093196,1.508863,-1.027962,0.5184828,-0.7862083,0.8326584,2.084672,0.198216,0.399184,0.7438915,-2.040644,1.120388,0.4102411,1.661517,0.8389063,2.487728,2.395425,-1.870095,0.8775914,1.010829,-1.856604,1.335356,0.02539045,-0.5157771,-0.6626154,0.6302795,-1.495781,0.1469393,-0.5508054,-0.4469444,0.5787076,0.1103678,-1.695939,-0.4191996,1.078773,1.166897,-0.90372,0.4414837,-0.2174967,-3.169297,-0.1234866,-0.4874946,0.8223711,1.448975,-1.132303,0.05551062,0.3407815,-2.078878,-0.7253403,-0.3056359,-1.112226,0.3369794,-1.302626,-1.864489,1.582754,0.572816,1.295343,-2.367697,0.809863,0.1176548,0.4614257,-0.6588586,-0.002149384,-2.631698,2.553241,0.6876582,0.4104176,-0.9370422,0.460444,-2.091689,-1.536741,-0.1826966,1.380381,1.004436,-1.003027,1.710552,-1.862113,-0.8621335,1.168776,0.2187967,-0.5549559,2.200022,-0.829135
-1.124227,1.423435,-1.632853,0.2621124,-1.872605,0.8174424,-0.7257986,-0.8924426,1.550028,0.2226523,-1.998182,-3.411636,-0.5799317,-1.764187,2.259429,0.06428951,1.447373,0.6184544,0.8786829,4.874258,0.7312843,0.6511194,-0.1683181,0.9293928,0.5328173,0.09444359,-0.001522928,0.02857187,0.6997597,0.6035373,-0.6825392,1.262319,0.227449,-0.4985755,-2.021659,-0.2254618,-0.2582926,-0.5438784,-2.16159,-1.164012,-1.310267,0.04675382,2.233063,0.7764624,0.07495517,-0.02040577,-0.5531844,-2.346338,0.6886613,-0.3222244,1.394497,0.1197457,2.060218,1.371805,-0.8096724,-0.6549168,0.1527641,-1.068028,-1.288327,0.09118789,1.141269,1.527652,0.3371387,-1.605101,-0.9482358,1.647514,1.871359,0.5624785,-1.140593,-1.79843,-0.9514962,-0.2361421,0.9502134,0.7168383,1.658082,-0.1313794,1.43468,-0.3343692,0.2032397,0.8868331,1.58582,-0.8921372,1.044624,-0.9943872,-2.225624,-2.495826,-0.9265205,0.4389488,0.8852689,-0.9608629,2.505894,-0.00168401,-1.09964,0.307615,0.04357168,-0.7174786,-1.316618,-0.6393806,0.08712846,0.4918565
-0.6563337,-1.822569,-1.081779,0.1436168,1.611368,1.462368,-1.458085,-1.30857,0.4312766,0.7722883,-1.038498,-0.5201296,-1.091393,-1.616164,0.02952637,-2.994412,-0.3991482,-0.1282169,-2.059984,-2.950474,-0.4939665,0.06716709,-0.7816604,-0.3606514,0.0951304,2.431312,2.859753,1.003887,0.5478562,0.6424769,-1.904389,2.665707,0.05271243,-1.14499,-1.8266,2.076495,1.28729,-0.3090487,-0.4273571,1.657911,-0.9343944,-1.202027,-0.2139618,-2.975094,0.4190245,1.126345,1.649761,1.045388,1.861383,-0.5512819,-2.294564,-1.715564,-0.7522033,-1.738518,0.4258928,0.9399785,-1.25676,-1.046118,-0.6633257,0.04511116,0.2979085,-1.770388,-0.3605998,1.263492,0.8241357,3.482491,0.1628138,-0.5059105,0.8325112,-1.889136,-1.560724,-2.86135,-1.503442,2.259446,2.268751,1.060025,2.064236,-0.2504343,-0.2192926,-1.570965,0.09377043,0.79439,1.145633,0.9102824,1.784242,0.5169075,1.322236,-1.557425,-1.413735,-1.236144,-1.82895,-1.70742,2.322043,2.307598,1.493587,1.185798,1.712431,1.005716,2.427123,1.065549
-0.8693693,3.188748,-1.378421,2.199186,0.5134444,0.3279792,1.085392,0.45832,-1.992992,0.9962861,-3.022266,1.004306,-0.9577245,1.267766,-0.4371572,0.9611527,1.732921,-2.739633,1.393665,1.522476,-2.824734,0.9004708,2.047045,-0.7235792,1.025859,0.03850615,-1.819207,3.357263,-2.396379,0.6109856,2.00195,0.6862958,-1.707639,0.363883,2.757834,-1.999148,-3.172105,1.163856,-0.03352535,-2.953243,1.826506,-2.834026,-3.294298,1.882529,-0.7494292,1.255983,0.3038961,-1.331222,0.2916786,3.019027,-0.6956396,1.572089,-5.032855,3.960951,0.5583922,-3.702323,2.654032,-3.448733,-0.5700775,1.703935,-2.597391,0.5335362,0.5492437,-4.371586,0.6969374,-0.1534105,-1.584972,1.920584,-2.27907,0.3789644,-2.348926,0.04278988,-0.1109038,-1.850775,1.411404,1.028552,2.390672,-1.358819,-1.514506,1.598748,1.931824,-1.588604,2.608739,-2.099879,0.1536242,2.211201,-2.947905,2.856654,0.7220104,-0.9244479,1.274982,1.089575,-1.609982,0.3396795,2.194607,-1.530727,2.470152,-0.4856523,-2.730801,3.734999
-0.6413207,0.3251897,0.02864812,-1.024871,1.762224,-0.2952403,-1.464933,-0.2147761,-0.8826044,-0.7261373,1.748766,-0.1447397,0.02888335,1.479102,-0.4190882,0.1198773,0.8242803,0.7951926,-1.381127,-0.3774549,1.454156,-2.33875,0.8253106,0.679224,-1.58048,1.282266,0.6176625,-0.9907475,1.729814,-1.970071,-0.2432589,0.4921787,2.355518,-3.299372,-0.162128,3.038361,-1.017917,-1.314593,0.8904917,-1.138005,-0.6263807,3.133822,-0.5378245,-1.515609,1.559025,-2.070956,2.003162,1.92632,2.155153,-0.02274981,1.329619,1.69726,-1.061852,-3.419435,4.3479,-1.023234,-2.052651,0.6159685,-1.921084,-0.8482416,0.8437682,-2.619209,1.077311,1.127995,-1.180933,2.31118,0.9070889,-0.6124609,0.879509,-0.2968118,1.145969,-1.078563,1.373196,-0.7930461,-1.904099,1.428026,-0.9311468,0.6921182,-0.5168048,-1.430995,0.7360706,1.013603,-1.627528,0.5561584,-1.317268,0.8457456,1.482276,-0.7472233,2.586798,-0.875448,-1.875922,-0.2153893,2.870307,-1.57459,-0.2327044,0.9602535,-1.15427,1.415158,-2.579475,-3.206382
2.948563,-1.226353,-0.9902392,-0.5653569,0.3874727,0.3926201,-0.7963187,-0.07274817,-1.277795,1.191687,-0.3713223,-0.3003414,0.6432783,0.6874195,1.122077,0.3018472,0.04973407,-0.7294754,0.6916015,-1.537593,0.1986488,0.6475013,1.506164,-0.9771898,0.6486756,-2.879019,2.864373,-0.7630393,-0.9787387,0.443956,-0.4422762,0.5925325,0.8326485,0.3618317,-2.432561,-0.9400312,1.522387,-2.73206,-2.798812,0.7838132,-1.612964,-0.1528837,2.410763,1.454782,-0.6812904,-0.5723436,-0.6413121,-1.271025,5.070595,-0.4833601,0.1982154,-0.9246041,4.085143,-1.533637,-0.4488439,2.096303,-1.680834,-1.074141,1.594663,-2.785122,0.1953889,-0.6552178,0.7749066,0.3379814,0.9411283,-0.4574313,1.529522,-0.8053715,0.2017509,1.51731,0.5641388,-0.549117,-1.810629,0.1195548,-0.2303196,2.170254,-0.8830957,0.3693967,0.1390813,2.105685,-2.798546,1.666123,-1.820026,-1.762661,-0.06968935,0.3592712,1.267719,0.3334285,0.4384254,-0.05168967,0.5114034,-1.079367,0.865739,2.231829,-1.092833,0.3872356,0.0009184647,-3.156263,0.787572,-1.649174
-1.321669,2.064554,1.664464,1.099088,-0.835562,0.003626481,0.7228725,0.7586961,0.6358892,1.386896,1.17752,-3.182714,-0.219901,-1.256732,-0.969839,1.419684,-1.016848,0.6738874,-1.184839,-0.8414187,3.177624,-1.236,-2.645221,-0.2407095,-0.1788197,1.565537,-1.151003,1.128011,1.742835,-0.3300104,0.9872892,1.11298,1.475261,-0.01155713,-1.444414,-1.446928,-1.83604,-0.9565002,0.5510374,-1.004216,-1.313555,-0.6402769,-0.09152551,0.1691779,1.30701,-1.390536,-0.08592342,-1.290989,-2.96253,4.931895,1.913483,-0.3350555,-0.2208912,0.5978027,-0.8490903,-1.065247,-2.268325,0.6174312,-0.7762914,0.4629312,-1.097154,-0.7517807,1.502151,-1.465054,-2.169971,0.9630082,-0.4626342,-0.5590506,1.060063,-2.339845,-1.6484,-0.8999962,0.8951663,-1.342331,0.4427162,2.352804,0.6788917,2.456318,0.6511174,0.6296293,1.048606,0.01105638,-0.8520766,2.107555,-2.621353,0.03284942,-0.1567047,-2.170866,1.798371,0.3367974,0.00843893,4.884499,0.1092557,-0.4366475,1.064912,2.812775,-1.961604,0.2407808,-0.4126986,-1.485904
0.4708864,0.1621543,2.067725,0.4860844,-2.461823,-1.013929,-2.058652,1.66537,-1.501791,-1.062752,0.8850713,0.5245742,-0.6934608,1.10423,-2.533003,2.407157,-0.04890966,-0.2336357,-0.3270733,1.845158,-0.4048633,-1.085056,0.2186246,-0.213051,3.131321,0.3810372,0.9580011,-1.94121,0.756604,-1.266209,0.5931872,0.8917769,-0.2412456,-0.89811,3.948754,1.715174,-0.7349415,-0.735467,1.68495,-1.262562,-0.7535005,-0.1108237,-3.775271,1.294548,1.523478,1.008592,0.1701344,0.4486635,-1.511818,-1.362058,-1.584431,1.217577,-0.2092819,0.4781654,-0.3637941,-0.8144926,-1.714262,0.7813051,1.563623,-1.776803,-1.615055,0.3216014,0.404849,3.219768,0.417957,0.5196553,-0.8997698,1.132263,1.990966,-1.287754,0.8446388,1.56415,3.571868,3.501273,-1.340073,-0.4047255,-1.216665,-0.7066718,-2.126508,-0.1482819,-0.3210565,-0.7290934,-0.6021969,2.093468,-0.4308217,0.4404458,-1.799663,-3.368528,-2.617532,1.376015,-1.378655,3.254169,-0.1279654,-0.04063553,-1.005151,-0.8970125,-0.1362843,0.8759168,-0.7459896,-1.272564
-0.7472609,0.3152126,2.406746,-1.43948,1.037053,-2.336947,-0.1431725,2.373018,-0.4252725,-0.8784238,2.282939,0.8302803,-0.7643332,-0.1577344,0.07346548,-1.573688,2.842202,-2.51596,2.177251,-0.7911704,2.528395,0.06736512,0.7250583,-0.7408701,-0.9471731,0.3889722,-0.01559209,-0.5635644,3.207162,-2.592064,0.6419189,-0.8144299,0.5036633,-1.877649,2.251211,-0.02742532,-3.268186,0.904003,0.801966,-0.7691507,-2.213869,1.25054,-2.395733,1.542103,1.780977,-0.9368944,-0.1357048,-0.7623017,-0.5780431,-4.106854,4.993357,-0.3958337,1.026006,-0.9158846,3.64394,-4.363578,2.809263,-0.7937009,-0.1050098,0.325675,0.9507274,-0.1457538,2.151909,-0.0923119,-2.193594,1.44765,-2.864004,1.894828,0.5389631,-0.7117696,-0.5366039,0.8632433,-0.01134646,0.01177221,-1.957289,1.482702,-1.960796,0.4948323,1.470572,0.2103786,0.8964767,-0.2498348,-2.670659,-0.4558723,0.2964745,-0.8175506,-0.6848347,-0.9618812,1.685677,1.185121,-0.7894076,1.057569,3.716415,-3.791807,2.466569,-1.523807,0.9860206,-1.473256,-1.168,-1.384308
-0.4621572,-1.42438,1.90239,0.6986406,1.289581,-1.936736,-1.378123,-0.6740857,-0.7030947,0.9022652,1.639381,0.2383941,0.8696045,-1.593144,-0.2776902,-0.976653,0.9011639,2.029546,2.532789,-0.3775019,2.150654,1.517793,1.697434,-0.4346043,1.248523,0.7635626,1.377614,-2.299799,-1.94363,-1.771461,-1.891212,0.2534207,0.4759824,-0.5239059,-0.1538,0.5030401,1.350466,-0.6843382,1.079432,1.471718,-0.5320987,1.445647,0.3539784,-1.830557,-2.699574,-1.215201,0.5628068,1.797529,1.559574,-1.391054,-0.1530216,0.5660686,-0.09525599,-1.9086,-1.381523,0.9514142,-0.1851454,0.941559,1.664595,-0.9830501,1.498945,2.275762,1.961782,-0.8093559,-1.355852,-0.6097005,-0.4847632,-2.418775,0.2294128,0.5152059,-0.4021726,-1.79809,0.2001634,1.039749,2.022783,-0.5001786,-1.039316,-0.1002843,-1.105584,-1.812752,-0.612793,-0.759098,-1.01988,-1.044438,0.5757025,-0.3156823,-0.5116137,-1.034303,0.0350145,-0.8046046,2.114533,2.847172,-0.9491221,-0.225582,0.2100755,0.2586198,0.3395327,-0.4146603,-0.05038269,-0.8006441
-0.4407482,0.5170018,1.832441,-0.9675865,1.195035,-0.3719463,3.037311,-1.37194,-0.434895,0.707949,-0.5995559,0.978532,-2.04465,3.194088,-1.567293,2.424297,-2.25665,0.8328504,0.1033218,1.88427,-0.7627671,0.4167123,0.6752662,-0.1519299,-0.1749972,-1.376838,0.2611225,-0.6980537,1.978292,-0.6902406,0.1500434,0.3821135,-0.3540822,-0.2355711,-0.6545823,-0.7138926,-0.1006218,0.3276084,0.1762556,-0.5519193,0.1646529,-1.745844,0.1861019,-1.799384,0.3558408,0.6584482,-0.2947757,0.6680983,0.8624906,-1.488127,3.807194,-0.2552761,-2.892292,3.825028,-1.806485,0.2915897,0.2827931,-0.3733028,1.079387,-0.1536002,0.3083906,-0.561318,-1.32653,-0.1034902,-1.659013,-1.238703,-1.027654,-0.1465181,-0.7787536,-1.23122,-0.2474578,-1.385211,-0.4859738,-0.1371453,0.561453,1.362295,-0.475765,-1.930938,0.8275869,0.8650801,-0.2000671,1.289119,0.720867,-0.5396454,0.5341698,0.4334244,-1.150461,1.761844,-1.977896,-0.09776598,0.4873518,2.28934,-1.338678,0.9739782,0.3240123,-0.1905548,0.6706094,-0.09503396,0.0494028,-1.059418
-1.262135,-1.417343,0.2326137,-0.5152578,-1.38023,-2.500247,-1.578372,1.08887,-1.852324,0.4339264,0.5389284,-0.142323,1.622671,-0.7624022,0.7310347,0.2966796,-0.75555,0.1837578,-0.1911883,0.5894269,-1.762797,1.004335,-0.05871724,1.313034,-0.7581947,-0.6825623,-1.498614,1.892911,1.385111,-0.9592252,0.3282624,1.33406,-0.3667812,1.714592,1.381796,1.766899,-0.8430604,0.2212455,1.336581,-0.6399668,1.471717,-1.15054,-0.756804,1.550076,1.965567,1.417436,-0.2901604,0.5926949,-1.104284,1.073187,2.081889,-1.905781,-0.5655885,-0.5690134,1.972044,0.6833348,-1.080427,1.499275,-0.9124978,0.2161566,-1.413655,0.7515973,1.306822,0.4934257,-0.8448973,0.6958129,-1.086161,-1.045088,0.5481848,0.2293137,-0.09685497,0.04948236,0.8331676,-0.166609,0.03054737,1.21675,2.146502,-2.734204,0.2036492,-1.32724,0.1660242,-0.7725339,-0.1044374,-0.1983618,-0.1183811,-0.6293792,-3.528257,0.3343685,1.05895,-2.749384,-0.1316826,-0.2020139,0.5680693,-0.8247071,-0.5031075,0.8383539,0.6304294,1.027741,-0.2766234,-0.03333215
-0.03417346,-0.3159328,0.2295808,1.366546,2.138157,-3.654305,0.6090119,1.547924,-1.547986,1.856301,-1.194976,0.4190815,-1.175171,2.056383,-3.351144,0.8874966,-0.8579738,-0.5067589,-0.1990473,-0.8939614,-0.2684866,-0.08452453,1.045163,-1.351407,0.8424877,-1.26655,-0.3649491,-0.9619954,2.261565,-2.740729,1.051143,-0.6437688,-0.2014599,-0.1644385,-1.162454,-1.393209,1.403474,-0.9940916,-0.6844368,0.7598956,0.8191448,-0.5177461,0.1564145,1.139843,-1.436558,-0.2128166,1.51778,-0.6763538,-0.8468004,-2.302038,2.545141,-2.643759,1.912854,0.666306,0.3596275,-1.252425,0.1741379,-2.921137,3.743281,1.21239,-0.1520697,-1.562581,1.693427,-1.538194,2.512263,-0.6556373,-0.4994833,-0.3160253,-1.880091,3.270019,-4.505275,-0.2908452,-0.3725483,1.387217,0.3398154,3.095414,-3.796916,2.721243,-2.384302,2.457032,-1.204352,2.413505,-1.100221,-0.718151,0.1925288,1.384562,-1.699212,0.9685879,0.1220787,-0.4058171,0.5214782,4.029331,0.5206796,1.376414,-0.615664,1.502944,-0.1707987,-3.165218,1.024845,1.602455
-0.6193554,-0.9368954,-1.133538,1.564479,-0.04302698,-0.3957191,0.5056804,2.232453,2.832005,0.9921408,-0.9921893,-0.6337613,-0.3759156,-0.8144661,0.9413913,-0.9003144,0.9013963,0.1675998,0.4781994,1.725348,0.1750075,0.4759148,0.07543198,2.420402,-2.75633,-0.7812791,-3.756889,-0.8604283,3.368867,2.046057,3.163384,1.014273,3.172507,-0.8669055,-1.879166,0.487427,-0.6616675,-0.4900925,0.9014769,0.7721308,1.306099,-2.673563,0.7604906,1.079885,2.20923,4.610957,0.916724,-2.302071,-0.08130156,1.374611,-1.884494,2.770074,-2.379835,-0.2396365,0.6954351,-1.232826,-0.2504178,0.02295629,-2.467307,-2.339288,-1.481374,0.7234912,1.452177,1.951305,0.6014593,1.010214,-2.381949,1.189351,-0.6811848,0.3639162,-2.255934,0.8960416,0.5390257,0.4639344,-1.447355,-3.252205,-5.478502,-2.449925,-1.271849,-0.4317424,0.09286226,1.392339,-2.578708,2.290539,-0.6269675,0.4957903,-1.129966,3.021053,-1.602141,-0.9850926,-0.4661961,-1.444169,2.175255,-1.340615,1.361273,1.491007,3.149914,-2.485745,-1.955002,-0.3256817
0.4337239,-0.6787975,1.061937,-1.42422,-0.7534768,-0.8634008,0.2088829,-0.6988132,-2.144943,3.944845,0.3354635,-1.390033,-0.06962265,0.4097171,-1.144104,-0.3137606,2.952396,-1.517777,3.26246,-2.615997,-1.173602,-0.5677708,-0.9706475,-0.7459849,0.535049,-2.072791,-0.4909246,-0.2459234,3.395545,-1.763507,2.461184,-0.2907158,1.321149,-1.310121,0.05110402,0.6249105,-3.041706,-1.704772,-0.1627449,0.8485994,-0.4394028,1.461683,-1.048834,-1.093267,-1.120569,-0.1098651,-1.611067,0.6250328,0.2300048,-0.2850112,-1.003931,-0.06633399,-0.3156381,1.063056,1.356246,-3.024898,3.075879,-1.615266,3.358878,-0.5846328,0.3302174,-0.312043,1.377657,0.02648281,0.9043984,0.6332882,-0.6981116,-1.820387,2.19363,-0.6597337,0.7881014,-2.512626,-0.8147785,1.100395,1.525849,3.225735,1.639992,2.501932,-1.167678,0.9054968,-0.7030585,-0.5001798,1.791407,-1.356694,-0.7077601,-3.971461,2.939817,-0.9706156,-0.9885756,1.526256,0.5798756,0.03124298,0.106437,1.789435,-2.025013,-0.06643406,-0.1499185,0.01158446,2.445276,-1.492313
-2.339609,0.1237538,-1.116209,0.3876624,-0.4248323,0.05260137,-0.6734136,1.105557,0.7202686,-0.8089387,2.923579,-0.9320184,-0.5807887,-1.487679,0.145946,-3.954887,-1.409528,-0.2315487,-0.1913232,1.534323,0.3519992,0.1240205,-0.6694987,2.21137,0.4716006,0.7032094,-0.9468627,-2.246837,-2.020873,-0.3928583,-0.775291,-2.659438,1.658701,3.425882,-1.328925,3.762243,0.7157662,-4.190398,-0.502795,-3.261649,1.278136,-2.179461,1.505466,-1.259296,-0.7680327,1.00152,4.515515,1.560007,2.750083,3.432739,-0.7940758,2.360019,-1.456453,-1.886078,-0.1514298,-2.337242,-3.053903,0.2580297,-1.422739,2.421397,-3.351865,-2.11716,-1.924741,-3.129224,-0.04332896,0.6427781,-0.1144763,1.535711,0.5176539,2.614446,-0.07970178,1.104558,-0.3084075,0.1083137,0.7376786,3.328723,1.855693,3.325333,0.9296739,0.06022418,-1.053804,1.055895,-0.8770742,3.128873,-2.891328,0.1509758,-1.421146,1.834326,0.6532322,-0.9091619,0.7916459,-0.3190221,-3.001256,-1.667706,1.442606,-3.391655,4.122918,-0.473219,2.425773,1.66076
0.5730252,-3.442515,-0.9428353,1.399174,-0.3044842,-0.3193231,-1.080824,-1.699251,1.211505,-1.82203,0.4340363,-3.1895,1.706389,1.934326,0.6316649,3.954612,-1.072203,-1.66487,-2.554294,0.2755623,-1.764117,-2.524493,1.918449,0.768428,-1.030695,-1.856042,2.713118,0.5569292,0.9163033,-0.49217,-0.5676569,-0.625388,-2.451416,0.3094592,-2.895497,-1.513866,-1.510244,1.857226,3.830866,1.567613,0.1560658,1.081802,-0.4091401,0.2921038,-3.072114,-1.81673,-1.284904,-0.272836,0.5202226,0.4973404,1.531549,1.391583,1.015481,3.981596,4.429136,1.884123,2.498622,-2.274891,1.985206,-0.4051422,-0.007847309,0.6811619,1.853144,1.235645,-0.3923759,-1.442294,-1.558209,-2.40448,-4.520227,-0.9037073,0.2170109,0.09140012,0.252978,0.8707182,1.741505,2.628864,0.6093147,0.4096175,1.356824,2.153184,-1.12503,-0.07591105,0.1833102,-2.337039,1.456355,-2.986292,-1.794748,-1.272417,-0.4277213,-0.5103825,-1.310601,0.5859205,1.555046,-0.5319049,0.2208259,0.1711292,-1.659826,2.837017,-0.3954787,1.58147
-1.072163,-0.3252655,-0.8162879,1.313064,0.748544,-0.7752564,2.039985,1.187279,-0.920967,1.000743,0.3888111,2.293647,0.8117377,-0.05417702,-1.422886,-1.430511,0.312188,0.6666757,-1.41281,1.217969,0.8125213,1.239767,1.212834,1.345769,0.5335218,0.7428653,0.9619571,-0.1517401,0.996618,0.7853427,-1.410639,-0.3475721,1.35024,-1.058123,-1.301153,0.4542702,1.575754,1.768276,2.173893,-0.7844359,-0.3044966,0.5472517,1.168358,0.1746406,1.104166,-0.6538843,-1.360367,-1.94607,1.612623,0.8975124,0.5256107,-1.907897,-0.4317391,-1.330744,0.2000966,-2.558064,-1.883106,-3.304442,-1.378649,-1.381312,-3.202474,0.1427961,0.2277808,-0.4119902,-1.127932,0.4245476,-0.6477815,1.140589,0.4751622,2.411565,1.623926,3.716061,0.01152503,1.316375,-0.581733,0.5858864,-1.575441,-1.915067,0.8421514,1.953859,-1.884704,-1.23399,-1.111898,-0.5720146,-1.3565,2.648489,-2.676053,0.3119496,-0.01032576,-0.9266371,0.1382189,0.6547353,1.431293,-0.6794723,0.4029773,-1.33101,-0.693734,-0.6913733,-2.420815,2.151284
4.075534,0.5175308,0.2017551,-0.2410593,-2.998828,-2.123159,-0.3994742,-3.676291,-1.874702,-3.906829,-3.560505,-3.573385,1.242018,0.3511415,1.216097,5.162793,4.308233,1.971403,2.686482,0.7582799,-0.2753891,-0.3312107,-0.9891409,0.5102328,-0.6049,-4.899095,-4.387414,0.434783,2.313689,2.107116,1.006369,1.332287,-1.46923,-2.807793,-2.696275,-5.499396,-4.801742,-4.091966,-1.948175,-0.454539,0.1897092,-0.359199,0.7880503,2.260268,0.9608418,-2.55653,-4.245153,-3.779412,-3.246642,-1.275656,-0.8078146,-0.6678308,1.50432,2.227287,2.983501,4.838803,7.32233,3.198033,2.47623,0.5097337,1.2049,2.055482,5.681742,5.067533,3.508581,1.978837,2.038047,0.4120722,-2.970808,-4.668017,-4.488485,-0.7019105,0.4680812,0.005999744,-1.294425,-2.629519,-3.460684,-3.463704,-1.633307,1.758811,1.818322,3.353035,6.623181,2.43301,3.219028,3.387807,1.890669,-0.7398425,-0.5368744,0.08329725,-0.6831561,-0.5073514,0.2013596,2.639813,1.830245,2.102342,-2.84776,-1.983633,-3.28177,-2.777069
0.2986805,0.1669108,-1.198508,-0.764747,-1.719399,-4.163541,-0.7315495,-1.174561,-0.4320774,-0.3898473,2.039031,1.838772,1.773129,1.772172,0.8649086,0.4165779,1.479625,-1.778701,-2.611458,-2.278212,-2.064982,-2.469493,-1.641715,-0.329917,2.780975,3.157104,2.58124,0.4250491,-0.5111331,-1.057811,-1.335534,-0.4677567,-1.000525,0.4436681,-0.1052443,0.6015123,-1.074357,-0.7026208,-0.2447589,0.196681,0.1334592,-0.2005001,-0.01419716,-1.620896,-2.208389,-0.8713906,-2.639257,-2.127685,-0.2025723,-0.5435756,0.1162281,0.2288826,-0.3844444,1.035538,1.956776,-0.3515881,0.3858824,1.1007,1.452743,2.586707,1.057204,-1.919855,-1.621557,0.9208723,0.127927,-0.4626479,-0.3980073,-1.391348,-2.832401,-1.854964,-0.2090729,-1.052996,0.4700755,1.540686,3.561594,2.942965,2.647446,1.265063,-0.1461537,-0.5002269,-2.055901,-1.88856,-1.830767,-0.9409351,0.5589162,1.357481,1.706204,0.4963864,2.671792,1.855002,1.541379,1.956684,0.08310343,-0.1837631,-1.568998,-0.6829835,0.6821931,1.024283,1.520549,3.133319
1.370052,1.291897,0.5884443,1.536843,-0.4622056,-2.703625,1.930745,-0.8601255,-0.836081,1.935974,0.3914037,1.488417,-0.2408613,2.063091,-0.8954352,1.157254,0.8063659,1.592295,-0.02788736,1.530617,-1.201298,-1.064317,-0.4026979,0.6156544,-1.146566,-1.434798,-0.3175363,0.5703973,-1.339215,2.248038,-2.005646,1.145074,2.703422,-0.2819085,2.606684,1.373859,-1.500265,-1.070803,-0.3949804,-0.9358615,0.0854633,0.5550218,-0.2220582,0.9726285,2.39533,-0.708672,1.094515,1.49161,1.831074,-1.656663,2.53634,-3.007599,-2.934877,0.8497089,-0.1163815,-2.186915,-2.057539,-1.176832,0.3951944,1.366289,-1.616749,-0.1679252,0.1403749,-1.308964,0.9705135,-0.9657329,-0.2360086,2.078905,-1.859606,0.7417156,-0.768667,1.44091,-1.294281,-0.7185931,0.4889096,-0.1151971,-0.1607692,-0.7765011,-0.1676836,-0.8350299,-1.033974,-2.889229,-1.564786,-0.4808676,-2.258152,0.9779039,-1.963135,1.087025,-0.2097546,1.851657,2.151792,0.2325713,0.6876866,0.9904711,0.197423,1.222567,-1.441338,-0.8761908,0.5717328,-1.453075
-1.010833,-0.1578503,0.7125268,-0.7830748,-1.344751,-1.940869,-1.714403,-2.683821,-1.636954,0.09631872,1.298009,1.864879,0.3316892,-0.4667305,-0.5293006,0.1535301,-1.77912,-2.143164,-1.238561,1.005363,1.781581,0.5671808,-0.1209937,-0.9848368,0.4792359,1.568151,0.641952,-0.4979498,-2.78509,-2.975404,-5.083386,-3.942691,-5.761901,-3.866117,-1.177,1.392824,2.483998,0.9141983,-0.6712015,0.08343506,-1.746928,-1.740488,-3.901594,-3.793616,-3.22565,-2.639281,-1.759552,-0.9594629,2.87288,2.453074,3.187227,2.987209,4.146782,3.585151,2.081877,-0.5772738,-0.9906845,-0.3086927,2.214984,1.622923,2.171266,1.092734,-0.7140133,-0.3795595,-2.886646,-0.370939,0.821547,0.6525395,-1.650698,-1.093842,0.7445238,1.7119,-0.2328318,-0.4203085,-0.1826422,-1.059112,-0.2648996,1.085584,3.853622,3.474507,3.437489,2.520663,3.889747,2.900275,3.92902,0.6607518,-0.5158609,-0.06090051,-0.743299,0.7285626,-0.189815,1.715038,1.241401,-0.1219062,-0.07487953,0.6589547,-1.82545,-0.3085543,0.4148214,1.803474
1.185311,1.965801,-0.4140503,1.444687,0.5642609,-0.6588156,3.100482,-0.2081538,-0.1220406,0.8331637,-0.2934029,-0.2648726,-2.298953,-1.092193,1.595338,1.35171,-1.337483,-0.9267136,-1.784494,0.788581,-0.4120646,1.110735,1.79383,2.233052,0.06113578,0.3234226,-2.72609,-2.771526,-3.66792,-2.868484,-2.046272,0.2738114,0.5809314,1.085764,0.4618313,-0.0426905,1.374074,1.97335,-0.2295913,-0.9675149,-2.66358,-1.568313,-0.3165919,-0.430095,0.2746583,-0.3842931,2.211119,0.9824115,-0.9451583,1.385766,-0.3869169,0.6215247,1.50795,-0.4501514,1.036707,1.719053,-1.249658,-0.9122773,0.7707216,-0.213341,-0.7954071,-0.404736,-0.7820895,0.930739,-0.5637192,-0.2897175,0.4420713,1.159995,-0.6694096,0.7870782,-0.6319355,1.829905,1.028451,1.149159,0.2121418,0.07762702,0.3401473,-0.2515044,-2.511008,-1.043735,-1.573089,-0.2093638,-0.3455908,-1.374162,-1.019717,1.942459,-0.100402,1.16186,0.636416,1.818501,-1.555151,-2.103174,0.5286814,-0.1021688,0.0672597,1.420344,1.581358,0.1737977,-0.6760699,-0.2433208
0.2139041,1.995083,0.03467587,-0.5326275,2.495075,-0.7392891,-1.563376,-0.7847952,0.8397436,0.9158245,-1.40542,-0.2243115,-1.098312,0.4799451,0.4640218,-0.4862113,3.717495,1.552686,1.647642,1.018816,1.301984,-0.5906136,2.706926,-1.134465,-0.9835426,0.2735909,-0.5212687,0.9407825,-1.269432,-0.886026,-2.050895,0.1594408,-0.01652979,-0.1748475,-0.206084,-0.6576108,-0.09976339,-0.1277819,-0.4590378,-1.1633,-0.6561334,-0.5329583,0.6173095,-0.06977215,-0.3099286,1.556819,1.699302,1.818704,-0.4703071,-2.212622,-0.6324947,1.040112,-1.665594,-0.5470362,1.488009,-0.3083282,0.08592067,-0.2352741,-0.7859317,1.219881,-1.07489,-0.2458354,1.061132,-1.484458,2.64805,2.188545,0.5857973,0.7061877,-0.9515122,0.9149505,-0.3542003,-0.4165452,1.947717,-0.2145998,0.3978115,-0.3160846,-2.581763,-0.1606259,-1.068337,-3.270986,2.665848,-0.4111381,1.312595,0.09053222,0.3143977,1.067281,-0.9209458,-1.266434,0.3004565,-1.136846,1.256382,-1.718005,0.0226112,0.3480028,-2.184424,-0.2997745,0.5667865,-0.6968969,-0.3836991,-1.918855
1.986597,-2.656485,-0.2190649,-0.4074659,1.069031,-1.262364,2.102946,-1.088731,1.603259,-0.623701,-0.3553267,0.3445943,-0.6132731,0.7545931,-1.655314,-0.2137294,-0.6534612,0.1984718,-1.306009,0.6013764,-0.9993647,-1.175134,2.762695,-1.832755,1.384498,1.510873,-1.227273,-0.2421512,-2.699857,2.915669,-1.088889,1.635098,1.097543,-2.285046,1.618083,-2.157727,1.156887,0.7039193,0.3362275,0.8233013,1.057504,-1.365855,0.341269,0.09360319,-1.14553,0.5689746,-2.622,-0.05167858,-1.261962,-0.8413938,2.067247,0.6893067,0.4874308,-0.1387925,-1.224388,-1.30515,3.297584,-0.792196,0.327102,-0.008205824,-1.042251,0.2101277,-0.6292515,1.05167,-0.550818,-1.851037,-0.8506492,1.22429,-0.05917338,0.4026679,1.069367,0.4123827,-0.2555786,-1.292793,1.317047,-1.38486,-0.3525502,1.331938,-1.031802,0.7571229,2.139681,-0.9047492,2.624954,0.02007356,-0.02483834,0.8479496,-1.078568,1.894171,-0.3339044,1.09092,-0.2461465,-2.322338,-0.2056912,0.04554148,-2.051621,1.57284,-0.9094218,0.4193948,0.273388,0.6571029
1.326737,-0.3073604,1.108169,0.203811,-1.463525,-1.0694,-0.08550987,-1.131167,2.438372,-4.362885,0.8304163,-1.809162,4.010877,-1.781239,-0.1321602,1.825031,1.178736,0.3421377,1.607714,2.845566,-1.381875,0.9705047,-0.3885017,-1.418263,2.227585,-1.950069,0.8111596,-4.137508,1.558218,-1.281349,-1.420914,2.693681,-0.1868189,3.160062,0.06329848,0.8139859,-0.08609203,-1.236989,-1.354142,-1.061177,0.6603075,-1.367956,1.128719,-0.5272076,-0.2087632,1.167888,-0.2457161,0.3586728,-2.181922,-0.4892049,0.04936388,-1.423189,0.3414298,1.216263,-2.108114,-0.420953,0.3849035,0.7920362,2.249121,-0.3290743,-0.6393227,1.959592,-3.573126,1.803077,0.6738756,-0.2440041,0.7778746,0.4812231,1.100973,0.5261946,-2.670028,-0.8289416,-2.590002,2.153053,-1.866616,-0.1655782,0.07794949,0.4373892,-3.406162,1.55218,-2.823984,0.3374825,1.30902,-0.3277223,1.550113,-2.012233,3.276967,-0.2493043,-1.000412,2.249709,-2.105717,-0.2082926,1.292011,-1.375771,1.248902,0.07664201,2.220741,1.392985,-2.089305,0.6620131
-0.5218205,-0.1325539,-0.5007604,-0.5314313,0.05305015,-0.6440938,0.4027464,0.9373873,2.169831,-2.601659,2.379221,1.005517,0.3437177,-0.0985306,-1.804515,-0.9880167,-0.4522323,-1.704968,1.021376,-2.821154,0.3688197,-1.637125,0.2356009,-2.172146,1.988813,-1.043845,1.927933,0.9284041,1.024291,1.089168,0.3829126,0.8183098,-3.28665,3.07033,-1.929077,0.7680508,0.6190327,-0.4171896,1.87411,1.497725,-2.299755,1.769483,-0.1184801,0.6422676,1.164677,0.7499433,-0.7709762,-0.7030707,-0.4588216,0.3907922,0.9788662,0.2705536,0.700228,0.5197949,0.411437,-1.236876,0.02751368,-1.731427,-0.9051955,-2.242907,0.9032385,-1.242314,0.2628201,1.576012,-0.8850426,-1.436654,1.765501,-1.951568,1.31344,-1.024696,2.835404,0.152722,2.200856,1.346294,-0.3458051,1.232022,-1.360519,2.715626,-0.946434,1.081756,1.418153,-3.678267,1.02026,-3.493289,1.00829,-3.730908,2.603337,-1.552896,1.061213,-0.1928064,-1.868983,2.988743,-2.162541,0.6560942,-0.1085933,1.139128,-0.6203972,-1.790814,0.7421105,-0.4071195
1.596814,-1.288872,0.2501611,-0.4393293,-1.440561,-0.7922563,-0.7513579,-0.7249187,-2.643508,-2.353874,-0.2751185,2.082493,4.099994,5.226288,6.52947,3.685649,1.520656,0.3911359,-1.504516,-0.6111587,-2.443352,-1.038846,-1.548574,-4.069953,-5.728296,-1.678983,2.303365,4.178936,2.628994,4.666339,1.985433,0.9251937,-0.9271085,-2.420702,-2.911906,-0.7289804,1.74336,2.071444,0.380854,-1.402336,3.781747,1.103992,4.328051,-0.08897007,-2.750349,-3.643467,-4.523855,-5.753796,-4.066456,1.521597,0.8092219,2.799624,2.628263,3.871011,4.537317,5.681843,1.247682,1.446785,-0.5098779,3.064844,2.5537,7.340695,5.770329,0.8013037,-0.6612095,-3.229096,-4.746959,-4.603208,-5.673208,-3.258612,-2.071568,1.735914,-0.9781514,-2.807068,-3.100102,-3.778386,-3.505527,-1.452078,0.9727663,1.07599,2.486622,2.641554,-0.0212571,0.2520137,-1.561741,1.123702,-2.158299,0.2874851,-2.632996,0.8281955,1.170074,2.494814,3.612262,3.35663,1.698879,-3.974956,-4.092439,-6.269026,-3.916457,0.2621394
2.102911,1.272877,0.517488,2.345528,0.9375179,0.2186044,2.356933,0.5646522,-1.208533,-2.580143,0.1409441,0.2469651,-1.40231,0.9877744,-1.544294,-1.439758,0.5262913,1.254697,0.03320971,1.970439,0.6948459,0.5237833,-1.363915,-2.606784,0.8845607,-1.192397,-0.2604971,-0.3483301,1.713727,1.924324,1.41757,1.500408,-0.04268521,2.025725,0.005603045,2.70383,2.789585,0.1383376,-1.24999,0.6170467,0.6967274,1.602996,2.958935,2.795635,1.156186,0.9542693,-1.346865,-1.413282,-0.7998205,1.029843,-0.6735029,1.111232,-1.144785,-4.59477,-0.7432992,0.7290442,-0.7036973,-1.100863,-0.642073,0.2626409,3.36839,0.575004,-1.977716,-1.081752,-2.14459,-1.006539,0.7898875,1.088497,0.6797116,0.4708573,1.376641,-0.7408022,-2.844877,-5.25989,-5.669198,-2.330544,-0.6749903,0.483106,-1.057768,2.482848,1.471652,-0.1802553,1.476615,-1.781726,1.898466,0.3833537,1.257219,-1.124672,-1.070688,-1.416208,-1.576161,0.2777362,0.767534,0.5045133,0.3736063,0.3185129,-1.974892,-2.462255,-0.1209273,-0.8587939
1.254447,-0.5687686,0.06759509,-0.7193179,-0.6198684,-1.098546,0.2834344,0.2947884,-2.022159,-3.078615,-2.056143,0.146429,1.693494,2.047088,3.945376,5.289466,4.064981,3.741383,1.18886,0.5844791,0.287859,-0.2818181,-0.3982483,-0.6463824,-2.651012,-3.932609,-4.652632,-1.06971,1.455393,2.876533,3.971323,1.825786,1.360437,1.016744,-1.538384,-2.23356,-3.797126,-0.7846721,-0.5438934,0.491909,0.05112493,2.287286,-2.653996,1.43441,0.8259208,-1.452569,-2.621746,-3.444872,-3.925641,-2.102389,0.9261127,0.6016226,0.781029,1.823467,1.841691,2.202582,5.115991,0.8623492,1.14868,-0.03801572,2.512144,0.9924579,2.832435,3.198372,0.4460744,0.8243313,-1.035747,-1.014819,-3.007366,-3.91191,-2.426523,-2.46401,0.03951311,0.7041788,-0.1906521,-2.178879,-2.179758,-1.852253,-1.084758,-0.8735554,-0.1335852,2.654005,1.762431,0.6466464,-0.4063053,-0.2878678,0.5232724,-0.5939667,-0.001820683,-2.52519,-1.07725,0.9054413,1.359054,0.8823718,1.345648,1.133089,1.233016,-0.5499261,-2.088865,-2.966845
-1.089739,-0.9261077,1.27488,-0.4291641,-1.326879,1.801218,0.8372602,-1.536779,0.1682008,0.29465,-0.856475,1.607374,-1.619517,-2.365187,-0.6357069,-0.6630391,-0.4948785,-2.570207,-1.953837,1.189368,0.2886916,1.309217,-0.5586479,0.3888836,0.1902232,0.9261343,-0.3005972,0.9778661,1.495188,-1.190762,-1.865722,-1.479316,-0.006288968,0.05932704,-0.3217669,3.746423,0.9330788,1.110126,0.542968,-1.332077,1.594505,1.069597,-1.733579,-0.8293352,-1.559644,-2.877562,0.9085925,0.9910409,2.820862,2.259559,-0.8013551,-0.6260522,-0.343746,0.6813775,-1.25637,-1.605958,-0.3444822,-2.474967,1.819005,-0.9311345,0.7509925,-0.08836146,1.082526,-2.185363,-1.686273,-1.004707,-0.5672761,0.93836,0.6141476,2.577484,-0.361261,1.158725,-0.1409619,-0.3369829,-0.5277357,0.3326642,0.009310044,2.801562,3.721938,-1.446057,-1.64061,0.7225054,-0.7640787,-1.261259,-0.459586,-0.2448601,-1.009756,0.5051163,-0.3466137,0.03241476,1.086648,1.41144,0.2213871,-0.9989178,2.068998,0.02143101,0.1167935,-1.168543,0.7359138,2.950106
-1.872613,-1.316064,-1.264107,-0.3028957,1.02587,0.08671117,-1.664167,-0.7126805,-2.092531,-2.677868,-3.384453,-0.4615589,-0.8810762,-0.4957711,-0.0946078,0.270052,-1.621219,-0.4963849,-1.522937,-0.01129901,-1.059308,1.634315,0.3751111,-0.3338879,0.2714527,-0.6247576,2.193524,-0.9428885,-1.275308,-2.047119,-2.677462,-3.368885,-4.425982,-3.686984,-3.758251,-3.014851,-0.7795961,-0.1601179,0.6976864,0.7215395,0.2994512,0.07312995,-0.8876699,-1.850883,-2.667744,-3.232828,-3.151599,-0.7405145,0.1051885,0.09773624,2.008687,3.228823,2.114967,3.589612,3.656749,4.25851,1.505128,2.363443,0.2460955,1.126207,1.594742,3.037259,1.077606,1.574826,1.526026,0.04326177,0.6035635,-0.641318,-0.7130398,-1.173656,-1.606512,-0.9068934,0.6946496,0.2469097,-0.04969865,0.6833787,0.7951754,2.931694,2.53342,3.743218,4.712481,3.776678,2.10405,4.788671,3.64848,1.2716,0.978159,0.3069592,-0.9876981,-2.472139,-1.566625,-1.949559,-1.408766,-0.780816,0.7936959,0.2895001,0.5607848,-0.09296066,0.167255,-0.5254778
0.5172288,-0.2342182,-1.674581,-2.440016,-1.324641,-1.757433,-3.314153,-1.832085,-0.4516257,1.554751,-4.016175,-0.2945986,-0.9841074,1.29229,1.292106,1.021154,1.048993,1.202379,-2.622193,-4.821968,-4.139204,-2.357696,-5.045678,-1.75835,-1.244921,1.22007,2.958117,4.365959,4.380925,2.934823,0.02511416,0.7382505,0.4700928,-1.836744,0.4216228,-1.864691,-1.699358,-0.6646852,-0.03028949,2.219696,3.731874,0.8860889,-0.6700135,-0.132585,-0.03423534,-2.708747,-0.4848289,-1.940919,-1.488937,-0.1153817,0.09728579,-0.7853538,1.012237,1.314948,0.8334878,4.318788,1.616744,2.253585,0.5576841,1.323199,-0.6193935,2.215313,0.7974879,-0.2172123,2.05431,-0.2634981,-2.202358,0.3523369,-2.347239,-1.293985,-4.62867,-2.173232,-2.934373,-0.5708111,1.051173,2.489558,4.827411,1.628977,2.874409,2.330732,2.875338,2.428927,-0.3867563,-1.739354,-2.716315,1.194989,-0.2441674,-0.08156092,0.4294818,1.554824,2.192915,0.7356177,1.077372,-0.05477639,-1.31099,0.3104437,-1.469466,0.1112693,1.378843,-0.4966518
0.1173435,-1.093644,0.09388426,-0.2307598,1.442909,1.147041,1.363227,-2.668456,-1.316149,-0.4357841,0.6175859,3.832489,0.3952768,-0.8926245,-0.491096,-1.604884,-1.78826,-1.025558,-0.01765755,0.5073881,0.1900037,2.216902,1.4347,0.1110382,2.023032,0.3693618,0.312913,1.677497,1.390383,1.347225,2.055401,3.674546,3.413815,1.37208,-0.1842848,-0.7749878,2.290854,-2.766951,-0.02402082,-1.511798,-2.353024,-2.513878,-2.269047,0.9459724,-1.435695,-1.34985,-1.061059,-1.085841,-0.6841865,-4.667383,-1.461768,1.961462,2.428806,2.236259,-1.258862,1.843121,0.4310868,1.892173,2.035511,-2.196142,-3.098409,-5.505735,-5.343657,-4.190063,-0.5662725,-0.2730179,-1.200717,-3.078492,-3.595535,-4.179288,-2.319466,-2.643682,0.3596567,0.4332252,-0.9164522,0.2903282,0.6855192,-1.330068,0.4883781,-1.491116,-1.298998,-1.396236,0.3017544,-0.8800995,-0.7312628,2.297409,1.468768,2.480888,4.133938,1.728234,1.183424,1.351309,1.597932,2.721395,-0.3482204,0.845716,2.94795,5.877264,3.103886,2.082176
0.4493641,1.227104,0.8662984,1.611883,-1.078015,-2.316906,-0.7121907,1.774609,-0.3198281,-0.710049,2.345315,-0.508,0.8495835,-0.1811836,1.064613,0.2090467,1.581967,-0.8485067,2.410276,-1.831935,-0.3718728,-1.066348,1.088792,0.3406178,0.6426803,1.560725,0.5389612,0.1632701,-1.839939,-1.170388,-0.4616017,1.888744,-1.404448,0.7141606,1.962467,-1.697939,-0.6490274,1.21519,0.4780418,-0.533103,-0.223129,0.7841327,-1.014112,-0.6491427,1.027827,-0.3921654,1.117634,-0.1061321,-0.1988802,-0.9408323,0.8216936,0.1079307,-0.8896323,1.205584,-0.390292,-1.35565,-1.172891,-0.3038381,-0.3747972,-0.1116562,0.8199248,0.9888182,0.7382807,1.434817,0.4676369,-0.1207865,-0.765106,0.7193438,0.2599302,0.1446241,-0.71212,-2.188283,-0.1514214,1.758643,1.233919,0.2416148,0.2489194,0.2158655,0.5126667,2.500084,-2.111764,-0.6709446,-1.593148,-0.3128818,0.3869698,-0.7167915,0.9775286,-1.180604,1.273877,-0.5266374,-0.3444679,-1.672286,-1.435449,0.03605138,-0.9246271,-1.164701,0.09544845,0.1561641,-1.270227,-1.572957
1.442758,0.2189702,-0.3361029,-0.1587087,-2.10334,-1.10874,0.4388117,0.9996116,-0.8093063,-1.459308,-2.519183,-1.428233,0.9771861,-0.2589502,1.056458,-2.060601,0.3602957,-0.7886167,-1.18623,-0.7929986,-1.335235,-2.677106,-0.2907087,-0.3856139,-0.6770527,-0.333266,0.3185782,0.4091201,0.2324922,-0.6347392,-1.831928,-2.087121,-0.5859589,-3.569402,-0.09427159,-1.361804,1.374193,0.6497137,1.133721,1.102673,1.593503,0.8483559,1.600771,-0.9292147,1.427295,1.774165,2.515184,-0.5472593,-0.7805994,1.546544,-1.408424,2.21962,-2.130487,1.856024,-2.13712,-0.5809051,-0.4622131,-0.5572813,2.407926,2.746177,1.924674,1.453178,0.2741046,-0.6494744,-1.008575,0.5508457,0.7210067,2.921664,3.101478,0.498948,1.018488,1.640956,1.57252,-0.4127037,2.01299,0.1129496,1.258988,2.538565,2.44482,2.392778,0.3696676,-0.07393172,0.05364201,0.6520458,-0.2851462,-0.9895693,0.8978313,-3.86173,-0.07184348,-2.429505,0.5620748,-1.607241,0.8955516,-1.314165,0.419583,-1.670891,-2.718273,-1.708375,-0.3364434,-1.993598
-2.583913,-5.659531,-5.636902,-5.031429,-2.829194,-2.850033,-1.376161,-0.6570021,0.9650755,-0.8862451,-1.320763,-0.5117887,-1.889114,0.8170764,1.384469,-1.038023,-2.386476,-1.320396,-2.750907,-1.197312,2.42703,0.9075823,4.172974,2.894351,3.632192,2.310211,3.359941,3.397124,3.235832,1.572802,4.219003,1.128273,-0.09603083,-1.486623,1.442967,-0.1039889,-2.14014,-2.682807,-3.100076,-3.62428,-2.396484,-3.554182,1.742708,0.9390494,0.5956271,-1.792524,-0.332317,0.4454501,-1.605488,-1.550489,-3.761526,-1.144134,-0.7076721,-0.4437072,1.228511,-0.1548827,3.071416,1.264189,-0.113338,-0.07628828,-1.599345,-1.51111,-0.6607537,-3.809965,-1.754208,-2.511925,-3.243868,-1.238513,-2.288437,-3.384046,-0.1238164,-0.6348963,-0.6829851,-1.082508,-3.222367,-2.794883,1.877896,-0.2988312,-1.616852,-1.81326,-1.182134,0.8445385,1.550404,-0.8673058,3.668472,0.5299433,3.764426,5.285618,2.746592,3.831641,5.315152,5.536819,4.822813,2.7694,3.209188,3.058294,4.250946,4.640011,2.734412,-0.4762398
-0.1552965,-0.9110886,-0.4001818,1.242125,-0.8961293,-0.4354013,-0.3848627,-0.7165586,1.461908,-0.2695561,0.03959897,1.913456,-2.344174,2.300594,-1.320827,2.382213,-3.839454,-0.312535,-0.06488949,-0.7462764,0.4497758,1.615731,0.1003111,2.374318,-0.1592495,-1.32508,-2.075052,-0.7692316,-0.4039727,-0.397269,0.5175233,0.8295819,3.618082,1.340537,-0.696919,-0.6670743,-0.0398908,0.1094453,1.842605,-1.222336,0.8822719,1.935301,1.069314,1.509358,-0.008723393,-1.336159,-2.197298,1.535918,0.9964138,-2.021157,-0.179744,1.225257,1.944286,1.101664,0.6037762,-2.002415,-1.591324,-1.197741,-2.914399,-1.388175,3.43593,-1.425178,0.6598496,0.3199691,0.4163679,2.411285,0.9582417,0.238658,1.46639,0.5595095,3.062781,-1.748952,0.6025633,2.408311,-1.824989,0.8864653,0.4211182,0.495735,1.847217,0.809626,2.110271,-3.071492,-0.7335538,-1.70371,0.6951907,1.554632,-0.4612246,0.4605893,-3.401675,-0.04791698,-0.6627795,-0.4037129,-0.522503,-0.1132267,-0.844321,-1.050337,-1.406906,-2.044946,-2.246799,-1.657406
1.55641,0.9956725,2.698038,-0.4120086,1.497014,-3.568981,1.289012,0.604557,-0.08756638,2.326035,0.695101,-0.03591758,-1.724292,1.289591,-0.8961461,2.579017,-0.6524452,1.451622,0.6312659,-3.462391,0.7286499,-1.767212,0.300913,-2.582928,1.827336,0.908237,-1.31228,-0.7433718,2.208973,-1.063596,-0.6728634,0.1591914,-0.3651822,-0.1277121,0.07018796,0.8959212,-0.364525,-0.8336044,1.395108,-0.5374453,1.023033,-0.1000933,0.350332,0.2684025,-0.03873116,0.1815496,0.8087868,0.888891,-2.011042,2.98439,2.54347,-0.7802959,1.195421,-2.284726,1.781645,-0.7430711,-0.9089672,1.637159,-1.68751,-2.035531,-1.346169,-0.3994394,3.508001,-1.815758,1.645811,2.643331,0.2535195,-0.9443151,0.06942701,-3.470572,1.500705,1.954109,-0.602643,1.218113,1.205275,1.636713,-2.548745,1.806169,0.5345961,0.9022625,0.6375042,-0.06336012,-0.4976207,-4.018995,2.225444,-0.9545682,-2.734165,2.102081,-3.551195,-0.2500513,-1.977368,-0.9111561,-2.339117,-0.9331529,-1.716759,0.7898163,-1.329338,0.6626242,0.7088544,-1.57036
1.766335,1.055935,-0.1571271,2.154802,0.5063326,-0.7254517,0.5620477,0.3914258,2.617047,-0.7232811,-0.9347353,-0.4109505,-0.4393553,0.6232764,0.5389708,0.07498838,-2.209716,0.829192,-0.233733,-1.266877,-1.758895,0.2199786,-1.348003,1.072579,-0.763567,-0.1180722,-0.3928522,1.34596,-1.616109,0.9482538,-0.2712522,-0.1413181,0.6062071,-2.127421,0.3455786,-1.164317,-0.5746173,1.85663,-1.732409,1.452266,0.06276731,-0.3807437,0.2399131,-0.4285441,1.991985,-0.4364856,1.541703,0.6329433,0.97667,-0.9503471,3.277343,-1.549164,0.7487871,-1.091548,-0.5435956,-1.292887,0.1841071,-1.137662,-0.203571,0.8387565,2.925808,-0.1357781,0.6099346,0.520443,-1.215296,-0.9082786,2.007387,-0.7460782,2.901258,1.50642,-0.6888234,2.347588,-0.3559985,-2.157781,1.110088,-0.4530452,-0.4196513,1.321886,-0.3560548,1.20234,-1.570853,0.1427678,-1.831778,1.51209,-0.2241852,0.8481354,-0.04018469,0.392936,-2.032658,0.3502579,-0.8874748,-1.386016,-0.2358009,-0.651381,-1.101672,-0.747493,-2.730494,-1.112697,0.5531671,-0.6012147
2.468182,3.260894,1.012125,-0.08514422,0.6742415,2.792729,1.648701,2.075242,-0.738689,-2.299373,-0.5711432,0.9569598,2.256107,1.959486,-0.7297559,0.9726223,-1.071439,-0.5486836,-0.8109979,-0.8376334,0.09914362,0.8188555,0.08326805,-2.554266,-1.741155,-3.904212,-1.210305,-2.566301,-1.450783,-3.679244,-3.952715,-3.725102,-1.960311,0.4387662,-1.360573,0.3803366,1.239122,0.6157539,0.5947052,2.417445,1.81185,1.883129,-0.2644911,1.697591,2.367285,2.415028,1.271369,2.860228,2.522066,-0.07423395,-1.075606,-1.197252,-0.005760252,-1.551771,-2.446881,-0.8213685,-1.263061,0.984017,1.670897,2.202332,5.410588,3.71543,2.030657,1.902369,1.417869,2.40712,3.433377,2.853548,4.234857,3.653432,2.91004,1.725192,1.251745,1.646926,-0.76623,1.531463,2.19323,1.281335,0.4070124,0.5305442,-1.257136,0.6996324,-0.1475913,-0.7210181,-2.018744,-3.06398,-4.509273,-3.282738,-1.089738,-0.8569043,-3.184011,-4.134351,-2.467027,-2.080941,-2.695802,-4.380756,-4.34722,-3.927318,-3.281871,-0.9759453
0.3113388,-0.5401163,-0.08335416,-0.5328522,-0.04313289,1.797872,1.359728,1.779347,1.308961,0.6425561,-1.756643,-1.850821,1.826014,-0.3480747,4.128492,-0.1686997,0.5109053,-1.995272,-1.256548,-0.2290839,-1.085347,0.9952124,0.9723736,-1.381339,0.175309,-1.261825,-1.579191,-1.128588,-1.302957,-0.3171987,-2.549473,-0.1608116,-1.170678,1.695144,-0.5187173,-0.8661858,-0.7470267,-0.2442075,0.3568893,0.2818381,2.234576,1.971277,0.7314244,1.488248,3.134601,-2.275168,1.304916,-1.290319,1.836612,2.115395,0.1594499,0.6842155,-0.1801393,-0.1603644,2.680022,-1.874016,-1.004703,-1.579577,0.8344977,-2.064345,0.2930345,4.393859,2.667532,2.340566,2.040024,0.2827261,3.506652,0.8162956,2.090959,2.997998,1.415518,2.002576,0.1783758,1.309153,1.420998,-2.007942,2.072023,-0.1411481,-0.3123132,0.05140527,-2.059349,-1.292052,-0.9123313,-0.02356675,-1.546509,-1.940005,-0.1146495,-3.542085,-0.2937528,-0.4546674,1.763833,-3.03179,-2.73034,-0.9585121,-1.277551,-1.825943,-2.193651,-2.737385,-2.487621,-3.530806
1.138858,-0.8513787,0.5822192,-1.841062,-0.1923296,-2.622596,2.170242,-2.247952,-0.8891454,2.567146,-3.559886,1.680245,-3.150197,1.273636,-3.517998,2.387056,-0.4921404,0.06094091,0.2263322,0.7561271,-3.721354,1.178023,-2.67071,-0.4378351,0.7866645,1.075937,1.469741,1.211904,0.4489066,-0.3216172,1.61864,-0.9395522,-0.1553393,0.5694532,0.8508369,-0.6639991,0.8212864,-0.02117386,-0.6190317,-1.496541,-1.228055,-0.248116,-0.6462283,0.5138794,-1.502519,3.179316,-0.7237436,0.9546888,3.224497,-0.8534373,-0.9141201,-2.466109,-0.1539285,0.4919911,-1.407617,3.487984,-0.09145585,0.2352872,1.987263,-1.747356,4.955767,-0.9723917,0.9149247,-1.719091,-0.8141156,-1.281104,-2.147586,0.4810562,0.7483307,-1.87711,0.1527229,-1.443515,-0.9216824,1.610942,-1.343718,0.3316838,0.4051241,-2.54803,1.368375,-1.316225,3.539871,-1.308783,2.691978,-1.24002,-1.628754,1.409104,-1.548454,0.71649,-0.4275627,1.565997,-0.5744364,2.781564,-0.8000172,-0.09014985,-0.0167392,2.551221,-1.986398,3.482833,-2.568077,4.3114
-0.05681062,-0.8721048,-1.324959,-0.7659374,-1.012521,-1.379033,0.5321121,-0.4521627,-0.4005098,1.085477,-1.940801,-0.283767,-0.6460828,1.18562,0.7021821,1.422548,-0.8043697,-0.5944987,-0.6767014,0.2680427,-0.1252128,-0.4056517,0.5064905,1.106736,1.637907,0.4298653,-1.436931,-0.5129536,0.8825988,2.059186,0.1222904,-0.5742356,0.4553403,0.6567196,0.6277397,-0.7641548,-1.360177,-0.6640315,0.3193508,-1.275519,0.2153211,-2.009312,1.778241,0.1614098,0.2478381,-0.1553895,-0.08084479,-1.728017,0.7973827,-1.319202,1.022321,-0.8254616,0.2396526,2.137686,1.989157,0.8144852,1.486199,-0.8088462,-1.753567,-0.9618227,-0.1907159,-1.767752,-0.9517081,-1.094604,1.644219,-0.1949112,1.780736,-1.099578,-2.452703,-0.6687344,-1.384635,0.05651042,1.734203,-0.9978807,0.5295097,-0.2063894,1.364938,-0.8471522,-0.7908476,-0.6661485,0.2017405,-0.04603526,-1.408078,0.2846508,0.04117888,0.884953,1.431591,-0.5940204,0.963436,-0.8062096,1.135158,0.02425662,-0.3204925,0.1629337,2.555275,1.138787,1.382258,1.063341,0.1957039,0.9949065
1.101293,-1.528659,-0.3263793,0.4317523,2.238124,-0.7152909,-1.36848,-0.1391358,0.06904614,1.490003,1.073174,2.593743,2.413293,-1.08966,-0.3987007,1.485409,-1.706066,0.7778825,1.023784,1.354888,2.245107,0.9928852,3.35091,0.7998106,1.087095,-0.04141295,1.706447,0.6896619,0.6758057,0.8648925,1.627566,1.22408,1.513788,0.9668251,-1.77973,-0.311556,0.2162982,-1.62722,-0.4951712,-0.4189311,-0.457801,-0.4300876,-0.6495519,-1.25648,-2.648216,-2.133856,-1.860869,-1.474183,-0.9557039,-1.754004,0.7433392,-0.4695464,0.3854992,0.3549556,-0.6333706,0.3277415,0.07611042,-0.92717,-1.778226,0.2084287,-0.4523852,-2.277062,-0.7115659,-2.041224,-1.038321,-1.650433,-0.05347061,-2.409937,0.2405822,-1.239373,-1.886294,-2.101678,-1.291134,-2.564563,-2.08443,-1.844795,-2.590213,-1.420966,-3.212451,-1.074733,-0.3240534,1.2575,0.2911282,0.481537,1.295552,1.347413,0.4120993,0.8895274,2.899247,1.610026,1.477136,1.067249,3.03105,3.586979,2.526013,0.2500218,0.735993,0.2740709,0.8084248,1.053365
1.85048,-0.3954923,0.09062329,1.696992,3.575864,2.064854,1.05311,-1.248192,-1.480405,-3.064339,0.01607981,3.3697,-1.683383,-2.198369,-0.07227388,0.754519,0.1626457,1.187155,0.3925067,-0.3903033,0.672317,-3.156067,-1.952046,-4.434636,-3.211554,-1.622861,-0.3854533,-1.542772,-4.66937,-1.430216,0.2168519,0.4331074,0.7270716,-1.639469,0.9303559,2.095095,-0.1373295,3.633827,4.685074,2.533969,3.314047,-1.785761,1.503016,-0.04617926,0.2498778,0.7463992,2.11004,1.049936,0.3824853,-0.6845531,-0.1936341,1.119973,0.598635,-0.8589987,0.9451774,0.6752503,2.101304,0.7300575,2.241772,3.013735,2.386492,-0.9046001,-1.078643,-1.535608,1.584732,0.1449492,2.364597,2.641667,2.130476,0.8817821,-0.0235804,-0.6626484,0.8704376,0.6847192,2.194484,1.169548,1.18048,0.5372595,0.2098174,1.39869,1.209499,-0.5085191,-3.256619,-1.358796,-0.4493105,-2.110674,-0.4019513,-1.151716,-2.218972,-4.777847,-0.4801929,-1.122924,-1.122445,-2.529125,-2.905787,-3.153893,-0.7083633,-0.5344132,-1.395547,-1.837697
-0.5278891,-0.08242875,-0.3058813,-1.565799,-0.2019101,-3.155516,-2.28639,-2.147592,-0.5262188,-1.26448,2.220735,0.4495139,-0.8830663,1.036807,2.624008,-0.3736646,-0.07783818,-0.8438045,-2.441609,-0.8016734,-1.490624,-1.812788,-1.576302,2.280341,2.899862,3.463712,3.461341,0.1354915,-0.5550029,3.517641,3.891591,3.844356,1.202853,1.056165,2.658997,1.44893,0.9663327,0.5491931,-3.177702,-1.23005,-2.42187,-0.7320305,-0.6548178,1.355701,0.5029173,1.200507,2.087574,-0.5891144,-1.808004,-0.23913,-0.2060404,2.567794,1.002113,0.3503872,1.617855,-0.1203777,1.58837,0.9272409,0.9119555,0.9384615,-3.423052,-1.835317,-3.089213,-3.770855,-1.147178,-0.9223269,-0.2778399,-1.677117,-1.931577,-3.444082,-2.336675,-0.2476314,1.30229,-0.5376312,-2.768351,-2.798445,-1.827317,0.2573832,-1.050656,-1.089883,-1.372441,-1.401847,-2.401636,-2.422805,-0.5922412,-1.199963,-0.1267707,-0.8302771,-1.218277,0.8069987,2.690014,3.771392,0.5178606,2.1076,1.763812,2.828348,3.712568,3.016203,1.977234,2.330558
-0.09643,-4.750886,-3.921763,-4.515238,-2.550336,-2.03869,0.3123782,-3.110146,-1.730237,-1.814127,-2.762325,-0.913851,-3.899376,-0.2845104,-2.208921,-0.8162822,-1.096292,1.007773,-1.738969,-0.7695509,-0.9039425,1.7335,-1.569004,1.328439,1.385574,1.840594,1.65215,-0.09339815,0.3588728,2.258456,2.02697,0.4169468,-1.880004,0.2674381,-0.2980198,-0.6164681,-1.530279,-4.226698,-2.137017,-0.2528403,-0.5861452,-0.3449374,-0.7011715,1.85376,-0.4297873,0.5984622,-0.8935679,0.3393105,0.1049592,-2.916988,1.493937,-1.516416,2.659578,-0.5758084,0.4014748,1.667228,-0.1738458,2.699137,2.801311,1.586261,1.176402,-3.6818,-0.4384654,-1.853977,-1.481894,-0.7270834,0.07501489,-1.090579,0.351449,0.007673681,-0.0505361,0.1044132,-0.09153575,-1.187736,0.6963562,1.458323,1.151392,2.823565,2.859759,0.06426066,0.08231968,0.4258005,1.368844,0.9849686,-0.2943701,2.039428,0.2048648,3.262591,1.196999,2.224662,0.6576574,4.467031,-0.5141657,2.565737,1.148155,2.016819,1.608476,4.320177,-0.1563585,2.095106
-2.49138,-1.10218,-2.496992,1.35185,0.7861902,-1.980612,-0.2952412,1.59908,-0.5622076,-0.4522145,4.802526,-1.974699,1.929361,-1.689045,-0.2691785,-3.141446,1.876813,-1.284577,3.055401,1.930651,1.238212,-0.1091106,1.402974,-0.7073202,-0.007124096,1.516402,-0.1677043,1.339564,0.9868534,0.9626367,-0.9259887,-0.2996052,0.7436544,-1.315695,1.107689,-1.488851,-0.06387267,-1.038192,0.5900054,-0.0717831,-0.7271826,0.4542391,0.8452351,0.3690699,-0.6416237,-2.365338,-0.1017028,-1.993767,0.4478329,0.3371702,-0.644246,2.52411,-2.385858,-0.3606367,2.705763,0.4473008,1.595399,-0.04699212,-2.695404,-1.716251,-1.280841,0.04549512,-4.549315,-0.1199985,-0.8578213,0.3623035,-0.6423792,-1.433446,1.032665,1.343565,-1.96897,0.985575,-3.183427,-1.218732,-0.001450002,0.8055164,-2.810657,0.0002902448,-4.280708,2.390824,-0.4187798,1.71037,-0.6445448,1.837394,0.8889046,1.505038,1.023713,-0.06533268,0.8931608,2.492022,1.747481,-0.1158729,-0.2863263,1.330396,1.953472,-0.4719843,1.639429,0.4774202,1.68679,-1.133192
-0.8696783,-0.317159,-0.4344398,0.07242084,0.7490536,-0.2245115,0.4027892,1.792995,-0.03328681,1.113595,0.0640325,0.3925325,-0.4456227,2.038852,0.4886349,-1.595364,-1.025345,-0.8581887,-0.3597106,2.601697,1.839482,1.202818,1.139673,0.221896,-0.3060562,-1.70839,-1.077452,-0.4341676,-0.6608921,-0.1632038,3.12842,2.674409,1.624761,0.7505841,0.7606983,-1.127505,-1.165623,0.8900814,1.31002,3.051582,3.896889,1.657638,1.16026,-0.05879402,-2.96992,-1.845059,-0.5101432,-0.8160245,-2.081122,-0.6092316,1.782449,0.5555907,0.0003027022,0.5137752,-2.058203,-2.020779,-1.905443,-1.621592,-1.188833,-2.39643,-0.7687128,-0.6116266,1.176468,1.519191,0.6394783,2.875207,1.09491,0.377124,1.11983,1.912763,0.6861099,0.1106336,1.026725,0.8005126,-0.4128638,-1.102463,-0.4472039,0.1934405,-0.250715,-2.977751,-2.990729,-2.37112,-0.4165745,0.6239628,0.04203996,0.9850127,-0.7516146,-0.7167359,0.2540271,0.8490634,0.02386016,0.5779532,1.092132,2.534556,1.168412,-1.128576,-3.572005,-2.644406,-3.458172,-2.051901
-0.7307763,0.2999911,-1.489325,2.405553,-1.311334,1.437833,-0.6356775,0.218393,-1.960176,1.546234,0.4172924,0.7540175,1.635013,1.069162,-1.519154,-1.007434,1.309783,-2.12412,1.729678,0.9397112,-0.3664073,0.3335488,1.813287,-1.710785,1.100896,-0.457802,-1.143358,-0.2651885,0.5711368,0.164258,0.453581,-1.071959,0.6564134,-0.3495407,0.6135679,-0.06483172,0.2705815,-1.753366,2.342399,-0.1009768,0.3041649,-1.004884,1.188642,-0.2056454,0.4557474,0.06557657,0.1391527,-2.745755,1.260554,0.003920842,0.9604303,2.476342,-1.385797,0.3849668,-2.522299,0.7238655,1.265702,0.3804524,2.273921,-4.601157,0.8454475,-0.920069,0.2267912,0.396079,-1.380127,0.03614845,1.510749,-1.270898,-0.7299879,-0.6059961,1.185498,-0.9415137,0.2116689,0.5712622,0.73864,-1.166103,0.4754294,-1.529296,1.199325,-1.790125,0.5612974,-1.992201,-0.2770828,1.629496,-1.454793,0.8484627,-0.4671646,0.7705983,1.398367,-0.9392419,1.391548,-1.490024,1.082098,-1.744544,-0.8749529,-0.006390583,-0.6909189,1.806684,1.63218,-1.684362
-3.379884,-1.53799,-1.274644,0.07780941,1.001219,1.53504,-1.198258,1.099358,0.3028801,-0.6506126,-0.7499353,-0.09714945,-0.6728472,-0.3975268,-1.179671,1.398286,-0.8922775,-0.4755947,0.4695387,1.401439,-1.148626,-0.9347246,1.938512,-1.328828,-0.08035006,0.2608491,0.286112,-1.553841,-0.5658792,-0.8622347,0.6995945,-0.003135279,-0.618582,0.3180599,-1.172953,0.5949794,0.8060987,1.074931,0.436876,0.7404826,-1.37675,1.016073,1.528599,-0.8707641,-0.6194707,-0.3073525,0.4033625,-1.104536,-2.134002,-3.106216,0.9109459,-0.6826116,-1.183385,1.831838,0.1090287,2.438214,-0.2962995,0.892446,0.6843252,0.03855649,0.2718961,-0.08820619,0.8873203,-0.04552566,-0.5058524,-0.1500434,1.791688,0.3198998,0.9666697,-0.4045604,0.560088,1.480214,0.006213039,0.8669289,0.1159531,0.7174394,1.189502,-2.026059,-1.14248,-1.220371,-0.09167258,-0.8840028,-0.9186163,0.5217508,0.3407085,2.057619,0.9661258,2.248174,0.6688806,1.89121,0.03363666,0.2334726,0.03500095,0.7979532,-0.4051299,0.2915525,-0.03888211,0.106782,-1.884973,-1.398824
1.554721,-0.6133639,6.070968,1.130981,5.034652,1.237404,2.48923,0.01153272,0.9286842,0.3142533,1.127384,1.324797,-0.3292869,2.759179,-0.9144533,0.628096,0.6868044,0.8878521,-0.7466043,2.953322,0.3925572,0.3299533,-0.5897264,1.067813,-3.970334,-0.9453173,-2.461365,-3.181826,0.2054852,-1.105976,-1.642251,-2.062058,-2.499113,0.6566993,0.6164491,-0.6930979,0.2035047,0.0902521,3.303571,1.207643,-0.07192397,1.137394,0.2032088,0.5892169,-3.010924,-0.754123,0.9079384,-0.9897111,0.6792414,3.100282,1.274155,0.9044554,-0.6517739,-0.875369,1.11623,-1.356701,-1.229809,-1.534587,-1.304167,1.098421,-2.51363,2.296233,1.885628,0.8527334,4.353269,-1.773985,3.376543,0.589702,1.869536,-2.553763,1.854058,1.318052,-0.6371157,0.4543108,2.640111,1.033851,1.20101,0.4439091,0.3831055,-0.8118547,2.177746,0.9299992,-0.03945321,-1.185447,0.3958636,-1.006538,-0.5825279,-1.118349,-3.50454,-0.8896814,-4.212615,-1.956905,-5.272744,0.2669664,-4.255725,-1.513427,-3.705888,-1.528553,-3.219529,-0.7308225
0.2189278,0.9687936,1.542704,1.208857,-0.9230761,3.823631,-2.32741,1.679849,-3.434129,1.657923,1.204504,0.0762016,1.636725,1.31137,0.07119475,0.2813134,2.133041,-2.661052,2.60544,-1.454851,1.077852,-0.1461637,-0.2886136,1.201692,-1.411008,0.07397024,1.410173,0.1094002,-3.118916,-0.5083381,0.7435707,0.5114229,0.3243464,-1.681378,2.082946,-3.301613,1.216357,-1.455861,-0.1522795,-2.231477,0.8227041,1.034968,-0.6544574,-0.4056853,2.38161,-1.05783,3.292049,-0.1765688,0.7650352,-2.140209,-1.033561,2.775137,-2.393055,1.737173,-0.831761,-0.2184783,-1.213899,0.568545,-1.683792,-2.563534,2.185896,-0.8468565,1.048357,1.676528,1.371083,1.955835,-2.364225,0.7916533,-1.579949,0.9899247,-2.319731,3.545435,-2.805664,1.556042,-0.4981853,0.7369313,-0.9447172,-0.1728984,-1.752438,0.6509718,0.284574,-2.306011,-0.2568306,-0.7613117,0.5664764,0.1892408,-2.140394,0.6251752,-1.051352,-0.04136411,1.346298,-2.277965,-0.1398268,0.6695299,0.08394153,-1.887321,1.515853,1.309053,-0.2424732,-1.78971
0.2426448,-1.972749,1.223997,-0.003679305,3.323167,-1.587351,-1.398296,0.2082759,-0.6207699,-1.920045,0.6382291,-0.984609,-0.1970992,-1.156749,0.5565747,0.6404911,0.6600038,0.1305061,-1.466138,1.816273,1.082443,0.6094209,-1.236953,0.1059411,-1.272092,0.1884588,-0.07083026,-1.587833,2.096842,-0.6861951,1.073718,-1.055804,-0.3183522,0.1557036,0.7549107,-1.276589,-2.314978,0.2943668,-2.53703,-0.7611005,-0.5015477,-1.183162,-1.314821,-0.90511,1.955653,-1.963416,-0.2867938,0.3393791,-0.3357735,1.434694,-3.01894,-0.5120452,-0.6835121,-1.385175,0.3271028,-0.3328247,1.187641,0.3672502,1.608581,0.9431226,0.4025383,1.599278,1.027383,-0.04578537,0.5859132,0.1999899,-0.1209942,1.337263,1.651923,-3.453293,0.9828414,-1.338194,0.02520564,-0.6575757,0.4998684,1.822344,1.683015,-1.849643,1.394919,-2.778818,1.311733,0.2571984,0.880282,-1.51182,-0.5379748,1.409814,-0.4593379,0.3504353,1.246718,-0.8145298,2.825977,-0.5192863,0.850605,0.2226654,-0.5595155,0.8717347,1.009822,-0.03355888,0.7379915,2.375837
-0.9122895,1.68686,-0.4750776,0.6694781,-1.601044,2.206726,-1.364017,2.150964,0.1049215,-0.1075016,0.1427795,-1.229745,-1.695645,-0.775264,-1.154184,-0.2240391,1.087697,-0.1998507,3.792925,2.685374,2.369768,0.04063892,0.1479667,0.6933233,1.254016,-1.989323,-0.6486869,-0.0294401,0.4672729,-1.557833,0.6685105,-1.760131,1.612828,-1.707779,1.992541,1.029308,0.4081628,0.4452274,-0.3838304,-0.008319974,0.4857736,-0.6872931,2.420416,-0.8834116,0.9425716,-1.72238,1.374882,0.1869191,-1.442914,1.117794,-2.695331,-1.061099,-1.794156,-1.720638,-0.616825,-1.075131,-0.4252105,0.2323846,0.2625143,-3.472295,1.429811,-1.701486,-0.2048963,-1.809265,-1.183075,1.605541,-1.48841,-0.5418943,-0.2191018,0.1884264,-1.15573,0.7041423,-0.01017988,0.8185297,-0.5865557,0.7047652,-0.2325323,2.494709,1.362972,-1.614709,1.977156,-0.6807707,1.241608,0.6626539,-0.4241055,-0.007026255,1.0838,0.1499548,0.5537095,-0.2529147,2.211516,-0.2829043,-0.8801259,-1.420347,1.318745,-1.069221,0.6017779,0.07743633,-0.7920891,0.110228
-5.116526,2.370144,-1.933579,-0.8363511,-0.9908634,-2.281332,-0.9277498,-3.128862,-0.462875,-0.3738272,2.968224,1.823197,1.319654,0.332963,-0.1438857,1.35056,-0.8328745,-0.259175,0.1771957,0.1345923,-2.644329,0.3801554,-1.056651,0.956638,0.6567485,2.527199,-0.4730209,0.1403738,-0.7179027,-1.752379,-0.5149452,-0.1079429,3.757541,-2.056901,2.416054,-1.325509,3.330404,-0.4535684,1.550499,0.4633411,1.696219,-2.461921,2.709437,1.718114,0.08392018,1.818972,3.025046,3.390103,-1.435811,0.3629635,-2.065873,2.587437,1.760882,-0.9206278,-3.263643,-1.229414,-2.400496,-0.3196787,-2.282122,2.334935,-0.9177139,-1.906726,-3.592627,1.360637,0.4619392,-1.017799,-0.6056127,-1.250269,-4.528472,2.693707,-5.320628,0.9968835,-5.699952,5.375819,-3.447144,0.8717062,-0.518896,3.800931,-0.1504681,1.993,0.1327574,-2.606822,2.776804,-0.3240163,1.2186,-0.8358534,-0.02408266,-0.03729945,-0.1113303,1.324972,-1.212142,2.959459,1.982281,0.3778825,0.1661801,-0.8128017,3.497061,0.9914705,-1.530589,0.09628153
-3.802838,-0.6530175,1.734654,1.33083,-1.253922,2.037423,1.391245,0.8313502,-0.9583242,-2.528291,1.4267,-0.3107708,0.05852688,-4.341749,0.7864156,-2.378434,1.407795,0.7483879,0.6892974,0.02393878,2.916815,-1.894475,1.475857,0.7020794,-0.4161701,2.792614,-1.954326,-2.213778,-1.032475,0.8362722,-0.4367523,1.334904,1.328017,0.8816141,1.07383,-0.8896839,2.489692,-0.1634631,1.973115,-1.12264,1.453193,1.490615,-0.3585461,4.158273,0.9914113,-2.774405,-1.355195,2.097462,-0.06506246,-0.4257984,-0.8057848,-1.229769,1.511545,-0.9395069,-0.6293248,-2.08872,-0.4998564,0.5914807,-0.7520502,-0.6454399,-0.6392401,-0.2382447,0.637459,2.509374,0.3947704,0.6919917,-2.029188,0.9545968,-2.627208,0.8446007,-1.43979,0.2061852,-0.586932,1.782147,-2.636665,0.6529288,-1.974162,2.891531,3.750921,1.218095,-0.9409264,0.2079183,-1.342559,-1.455243,1.55684,-2.94827,-2.245482,0.7813677,-1.057068,-1.802717,0.4043368,0.1187229,1.241183,1.102598,0.05969352,-0.06654834,-1.069417,-0.007827394,0.1203878,-0.6649457
0.3425416,-0.7850336,0.5962366,-3.744302,-5.696349,-2.729729,-5.354472,-1.983734,-2.610826,3.322381,2.611435,4.854126,4.319298,2.615308,-0.05018687,2.401152,-0.7462109,-1.424336,0.4456715,-4.016865,-1.444511,-0.6237847,1.855183,1.938665,0.3861619,0.519899,0.1116384,-1.292857,-0.3039372,-2.185067,0.5623906,2.436483,1.550411,2.929355,-1.688499,-1.910504,-2.69528,-1.754589,-0.5343012,1.917836,2.501583,0.9514797,0.1913123,0.4395616,4.078593,4.528266,4.473062,1.392071,1.341498,1.100382,-0.3265657,1.517281,0.3887422,-0.6324941,-1.235666,-1.204996,0.8895118,0.4665938,0.9068909,0.1210053,-0.559587,-2.814991,-1.817496,-2.402139,1.98993,0.4604367,-0.2073501,-2.754426,-1.721871,-4.241556,-0.4372395,-3.405235,-0.6434786,0.8667153,0.02351201,-0.07160419,0.4688543,2.177797,0.2078435,-0.8580647,-0.1201826,0.799208,-0.2352481,-0.8361938,-0.6087201,-0.2514403,-0.9926317,-0.03808606,-0.3590872,1.213384,0.8581131,-0.05082512,-0.3281854,-0.3764915,0.03288853,1.799176,1.720949,0.03411287,-0.1682126,-0.3814998
-1.037456,-5.391103,-3.920182,-3.494051,-2.57013,-2.001035,-1.724984,-1.066687,-1.782834,-0.2810062,-1.188299,-0.698212,-1.241174,1.699836,1.676759,2.031408,3.33112,1.298491,0.2978291,-0.4233547,-0.4899495,-1.210644,-1.318238,-0.33535,1.092117,2.322708,3.117905,1.714803,2.724471,4.269837,3.966785,1.246372,-0.4724119,2.625058,1.573404,3.189719,1.034543,2.485518,1.216274,1.897732,0.1561035,2.789458,-0.6127388,-0.673053,-2.6607,-4.385802,-1.537793,-0.3155666,1.183004,-0.1590345,0.3260172,-1.994523,-1.06691,0.1422368,0.3634458,0.01425263,-0.714237,-2.066499,-0.1892603,-1.095128,-2.231056,-3.331915,-3.794502,-5.661197,-1.641077,-2.606756,-2.53454,-1.823194,-2.43831,0.4648894,1.791322,-0.2638651,-0.5663435,-2.015755,0.3945224,-2.862342,-0.09052992,-0.5773436,0.1241179,-0.6769702,0.4208153,2.856364,1.802677,3.382457,3.805124,2.693126,-0.05499217,0.430543,0.9032321,1.962465,1.972772,1.725386,3.015699,1.442532,0.6848241,0.4452695,1.206232,1.190587,-0.1482422,-1.064883
1.329371,-0.418645,1.093774,-1.041715,0.5232641,0.7172126,1.445819,0.30953,-0.05401734,2.207557,1.283009,-0.694847,-0.6772924,-0.5341929,0.178607,-0.2848885,-0.8060715,2.471808,-1.429307,1.004453,1.612993,-0.3221966,-0.03939473,-0.3933934,-0.1921812,1.733208,-1.602393,-0.7872494,-1.325087,-1.440912,-2.198165,1.831876,-2.025523,1.576284,-1.60382,2.321261,-0.588658,0.2232074,-2.979429,-0.3466387,0.9691376,-2.040821,-0.4611436,2.527583,-2.340483,0.9422538,0.9787569,0.2957374,-0.2106763,-2.06263,2.897577,-1.18408,0.3360114,-2.46682,-0.5666164,-0.0130103,1.044194,-0.4247755,0.3817376,1.262373,-2.077488,0.1998267,-0.8255987,0.8894849,1.386509,0.9856207,1.461148,-0.6354395,0.2844708,-0.77196,1.686131,-2.103999,1.889212,-0.7112843,0.9236361,-3.92254,2.904151,-1.140187,-0.714224,2.130908,-1.32539,0.7195438,-1.983333,1.509788,0.6350478,-1.057352,1.007167,0.05511906,0.1809632,1.233763,-2.508044,-0.01855359,0.05508495,-0.5419537,-0.1434203,0.5924171,0.8963317,0.5909323,-1.942884,0.2648687
1.577235,-2.952237,0.1219203,-0.5492059,2.688012,0.8346269,-1.740543,0.1382684,0.849388,0.7857364,0.4719567,2.321204,-1.4044,-1.178944,-3.650267,-1.084978,0.3103583,-0.2341062,0.1323944,-0.001736641,0.8650972,1.488721,-1.130226,-0.8979169,1.460451,-0.6872472,0.472064,0.9992458,-1.48368,-2.248103,0.4007507,0.4775032,0.894429,2.741921,1.484838,-0.516386,-3.241297,-0.9267638,-0.4817024,2.071687,0.5034494,1.213349,0.7833499,-0.6071384,1.626135,0.09497538,0.8571333,-0.8762934,1.563864,-0.7112528,-0.5954807,-1.418113,-0.1224781,0.2747651,-0.6784517,-1.421275,-0.9166329,-0.3613243,-0.4313658,0.3285998,1.835641,-0.7189056,-0.462702,1.656121,0.921644,0.4993548,0.2227243,-0.1220111,0.9632994,-3.848625,-0.1794484,-1.812373,0.3002138,0.7443794,2.913114,0.6627629,-0.543192,-1.395069,0.2874146,1.239504,1.360552,0.7804341,0.8680981,-0.9785688,-1.306821,-1.047248,0.5954759,-1.674851,-0.1150207,-1.314456,-1.123524,1.317653,0.9329389,1.399426,-0.8001755,0.3142104,0.1280366,-0.3729814,-0.5602866,0.1493778
0.1166072,0.7291219,1.926802,0.5315605,1.13486,0.9024408,-1.681562,-1.274495,0.2938604,1.566066,-0.9704952,0.4528045,0.4803433,1.7069,-0.4663111,-0.4588409,1.066338,1.444078,3.252588,1.876962,0.03004467,0.6642774,0.3381527,-1.861395,-1.152728,-0.6689473,-0.5800043,-2.329063,-1.150686,0.04019043,1.186788,0.9235139,1.582736,0.0611285,-1.812527,-2.266428,-0.6286512,-0.134195,-1.0197,0.5841495,0.586392,0.8757479,2.714684,2.798526,2.786361,0.9044759,-0.4459597,-0.2935222,-1.240845,-2.048026,-0.1284232,-0.7234763,-0.8292375,0.05642727,-1.062513,0.1815036,0.6315212,-0.7227126,-0.8129364,-0.4366433,1.300709,0.3836454,0.6586727,0.7067318,1.171464,0.01551306,-0.7544938,-1.385946,-0.4805939,-2.002196,1.278845,0.6602494,0.8503968,0.2827099,-1.322123,-1.760196,-0.270907,0.2591109,1.448033,-0.9408984,-0.5865365,-0.5956467,-0.7598687,-0.343814,-0.2243887,-1.692827,-1.521333,-1.725835,-1.383282,0.01485044,1.071499,-0.6112655,0.8013475,0.7276473,-0.8841627,-0.1472689,0.3664123,0.7235978,-0.8854094,0.3299306
-1.828215,0.2647341,0.2223112,2.273578,0.2069663,1.393674,-0.7478684,0.8890771,1.250134,-0.8677015,-1.254665,-0.2567774,1.374386,1.374209,0.9016145,1.051933,0.8506688,0.1580082,1.403148,0.4962279,-0.5926001,0.5534532,0.2978947,0.568092,-1.460004,-1.631379,-0.1045785,0.9993829,0.05796067,0.2904563,1.104206,-2.023785,1.525479,0.6518819,0.06267653,-2.883147,-0.2453031,-1.171981,-0.01996198,-0.4591868,0.8717789,-0.2937371,-0.6923005,-2.13107,1.093974,-0.5389292,-2.788108,-0.6853021,-0.3232637,1.410895,-1.809735,-0.6141264,0.3338784,1.219793,1.348963,0.2207526,0.5783343,1.004535,0.1462052,-0.9364763,-0.379317,1.728858,-1.205876,-2.332506,0.0445293,0.9703332,1.149802,0.6425526,0.4467415,2.075122,1.542253,1.823776,-0.8408776,-0.5882556,-1.987858,1.205206,-2.456166,-0.780071,-0.4020856,-0.769424,1.216535,-0.1872218,0.2475483,-0.3296227,0.8446716,1.551631,-0.6767426,-1.710565,0.3011587,1.286779,0.5253214,-0.8111598,-1.707628,-0.7889225,-1.697549,-0.4306836,-1.856802,-0.4347606,1.2181,1.462113
1.479654,0.1004469,1.109462,-0.07092449,1.154155,-0.6011815,1.213929,0.7528757,-0.9357375,0.7193204,0.06285191,-0.5472113,-0.1891355,0.5319947,-1.903672,0.8844709,0.2039481,1.017206,1.843702,0.7517275,-0.6882837,1.570492,-1.478097,2.010069,-1.369039,-0.4268319,1.103215,-1.692933,-0.1292225,-1.013015,-2.363816,-0.2025118,-1.542444,0.1822213,1.610802,-0.08807215,-0.04552704,-1.860956,0.8806714,-1.507501,-1.365375,2.561381,-3.073021,-0.8130156,0.3713634,-0.2894549,1.083283,-1.714555,-0.08064763,0.4261473,-1.527559,0.3850397,0.4194663,-0.05597478,-0.485703,-0.5212778,0.8256779,0.1571061,-1.600118,0.4871491,0.5806634,-0.583729,2.142853,-1.10939,0.3058338,0.202513,1.086171,1.428905,-0.5413491,-0.7470313,0.6543059,1.901012,-0.2529795,-0.3647291,0.1810208,0.5411596,-1.297628,2.570055,-1.33029,-1.029198,0.453938,0.1441131,1.212463,-2.436429,0.3689152,1.57613,-1.400545,0.7913408,-0.2270624,1.680398,0.3140045,-0.5153862,1.149563,-0.3420593,-1.297414,-0.9230037,1.032923,-0.6270435,-0.3650019,-0.6450292
-0.4224263,3.333565,-4.803936,3.477044,-1.399752,1.224562,0.9954575,-0.0896088,2.362339,0.333007,0.07961447,-0.3533404,0.5230279,-1.131808,-0.797614,-1.329137,0.943508,-0.7848469,0.3774585,-0.2210678,0.2526628,0.07432032,0.291079,-0.8632235,0.6267993,-0.5605075,-1.164575,1.057123,0.9180335,-2.606617,0.9317827,-0.7955219,0.5323462,-2.242296,2.916671,-1.306046,1.096782,-3.71328,0.9276126,-1.984926,-0.7667366,-0.7342651,3.162384,-4.304663,-1.263052,2.259091,-2.185853,2.978393,-4.175887,2.803669,0.2668259,-0.4748489,-1.356415,-0.4933348,1.486963,-0.7681056,0.8423349,-0.2114612,1.479414,-1.936006,-0.3564142,0.9578756,1.983397,0.5545572,-1.266623,2.165268,0.2167644,1.445193,0.2420688,1.783002,-3.941239,4.034362,-3.057117,3.296438,-4.614749,5.719859,-2.045834,-1.132633,0.404231,-0.1675657,-0.4095917,1.05234,1.044405,-1.125919,-1.31209,0.96708,1.746475,-1.946619,1.219077,-0.6712101,1.008568,0.597753,-0.5111063,0.6342883,-0.5137157,-1.112453,-0.1831398,-0.922387,-1.448028,2.352722
0.4702957,-1.09135,1.541726,2.271817,-0.07397604,0.4554361,0.2856565,-2.621089,-2.382031,-3.373876,-1.610059,-0.2801234,0.1604196,-0.1243745,1.284073,3.022522,3.750549,1.946594,1.930323,1.524097,1.222862,1.675027,-0.1789513,-1.05152,-0.5349637,-1.20224,0.2135074,1.095829,0.647863,-1.511779,-0.4484714,0.957212,-0.2969522,3.140658,3.114307,1.842808,0.7235938,0.09511605,0.5409135,-0.008017123,1.173841,1.497612,1.606219,-0.02169231,-1.027919,-0.2364643,-1.486439,-1.49855,-2.655481,0.4564849,1.087499,0.005937591,-0.1306267,0.3842444,0.2021237,0.1695637,0.4074013,1.882892,1.017712,1.064283,1.821876,0.2451851,0.08058482,-2.817286,-2.521807,-1.393135,-0.3605986,0.814252,-0.2023817,-0.3975468,-1.090492,0.2169516,-0.7029837,0.3215728,-0.9368428,-1.369309,-2.163428,-1.479792,-0.9899644,1.399541,-0.5154837,-0.5436257,0.2671867,-1.123149,-0.5540186,0.4562365,0.7748419,-0.4294106,0.6646914,-0.5534198,-0.5657305,1.043658,0.4829007,-0.4801166,-2.342349,-3.363826,-1.354755,-0.9541879,-1.213987,0.8080779
0.8009924,-0.6751724,2.896013,0.1126679,0.6176895,1.474185,0.5448192,1.207612,0.4270962,1.940388,-1.223872,0.7580011,0.5175109,2.726286,-2.572213,1.711235,-1.109488,-3.513113,-3.582374,-4.880376,-3.428423,-1.78948,2.358127,1.769934,0.8099949,1.070777,2.424201,-0.192101,2.002002,-0.240161,-1.331133,-2.691798,-1.233041,-0.1171328,-2.174807,-0.9962198,0.395967,0.5881304,-0.4784046,-0.1928402,-0.4307453,-1.330482,-0.4804643,-1.749449,-2.422273,-0.6545527,0.8630636,2.344205,0.02489433,0.9491124,-0.960005,1.768446,3.348514,2.629475,2.28745,1.787585,0.4466048,0.3644475,1.734792,2.274477,2.336183,0.4705926,0.9577371,1.397418,2.776791,0.643647,1.086953,1.842836,1.450458,0.92611,1.805072,-1.247813,-2.316046,-0.8143806,0.08849305,0.213259,-1.210077,0.2757894,-1.625605,-1.459736,2.018075,-1.044783,-0.4611118,-1.482866,-0.8816725,0.2519896,-2.491995,-0.3854114,-1.080574,-0.5514195,-1.896431,-1.633538,-0.4604574,-1.455416,-1.090559,-0.5695074,0.3864501,-1.00153,-3.235569,1.94207
-0.9143255,3.125723,-0.6155143,1.927577,-1.102999,-0.03832529,-0.0122327,-1.060799,-0.06333057,-0.1601512,0.465172,0.8776172,-0.0686397,0.6041314,1.07443,1.222383,3.151649,0.2608478,0.2637136,0.184272,1.794665,1.523128,1.279465,-0.2779513,-3.246183,-1.264032,-1.088543,-0.06196404,0.858607,-1.379276,-2.414946,-1.194772,-0.3196515,0.8416729,3.441279,-2.007026,0.5824732,-3.019826,-0.77041,-3.680585,0.7044081,0.8358601,-1.765801,3.681069,0.8470473,0.5098594,1.166943,-0.5110622,1.68889,-1.282637,-1.068575,-0.2149446,-1.323061,-1.906706,-0.1697894,-0.3715526,2.235172,0.8948484,0.5149952,1.43118,2.605235,1.871664,0.4178953,-1.090461,0.7390395,0.1660502,0.2216176,1.067942,-4.971792,1.099801,-0.833605,2.529477,-1.576589,2.716091,-0.6092888,0.2961588,-4.251764,-0.2450399,-3.662232,-1.37678,0.5770616,-0.0293915,-1.652058,-0.4032308,1.338091,-0.5783668,0.7952009,1.805276,-2.376764,1.955653,-0.2458928,-0.9964077,0.3142928,-0.04052565,-0.1161254,-0.1200894,-1.307363,0.9670442,1.985947,-1.599239
-1.730625,-1.619642,-0.2993516,0.6721555,-1.131146,0.3773434,-1.071675,2.305967,-2.208603,0.6245926,-1.154637,2.417569,-2.169688,1.083994,-0.2280529,1.093411,-1.840909,2.29645,-1.096465,2.205983,0.06345939,0.5090377,-0.09934808,-0.3085213,-0.1154649,0.1852621,0.1204356,-0.8928684,1.726719,-1.023145,-1.175869,1.690205,-0.0903073,2.421753,-0.8280177,-0.1746807,0.499879,0.376302,0.07209813,0.9961947,0.4596034,-1.18402,-0.4895273,1.101285,-1.284288,2.123285,-2.79594,1.620204,-1.819011,1.73769,-0.6199603,1.24931,-1.357056,0.3936034,-1.841457,-0.5269306,-1.467675,1.147415,-2.013414,-0.4276117,-0.7921553,0.941383,1.263501,-2.029724,1.452349,-2.12476,-0.1416979,-1.601273,0.01662471,0.5511249,0.7660391,-0.6535009,1.520035,0.178713,-1.350484,1.018418,0.4728392,0.08027817,-0.2662193,1.129187,0.09661319,-0.8398017,0.04978298,1.242261,-0.3477814,0.6536288,-0.172223,2.32347,-1.076967,1.256136,-0.8487173,0.4277682,-0.604937,0.2042429,-0.4370787,1.003995,-1.556049,0.3666062,-0.4553736,1.798446
-0.1678081,0.06255654,2.952915,0.307751,3.486699,1.622571,1.958785,-0.4924347,2.422354,2.096394,1.004896,1.466305,-1.340552,-0.7093843,-0.8267576,0.2093982,1.850145,1.647638,-1.043722,0.9531828,-1.265527,2.309202,0.8956195,0.4011751,1.242477,-1.7446,-1.114721,0.1183874,-0.7973672,-0.4794805,-0.9347217,0.1364414,1.009234,0.3690461,-0.8957102,0.09130511,-1.510658,0.9276966,-0.0981907,0.6015507,-0.3866225,-1.243625,1.051076,-0.7817634,-0.9549761,1.38084,-0.6287969,0.3530732,-0.2306833,-1.9933,-0.7896644,1.046475,1.101581,-0.6204547,-0.1507953,0.08124152,1.58738,-0.2023026,-1.377897,0.1327814,-1.631375,2.235726,1.163126,0.6166205,0.4542866,-0.7294269,-0.3507184,-1.615004,-0.04538102,-1.337965,1.369969,-0.3839292,3.238649,-3.082607,-0.05022877,-1.012577,0.3318835,1.248194,1.453167,-0.810147,-0.5325012,-0.5761476,-1.046401,0.4990325,-2.268231,-0.8293158,-1.897574,-0.2866994,-2.005691,-1.255895,-1.016504,0.2315883,-0.6178855,0.3775692,0.5586516,-0.6578639,-3.381447,-0.2604913,0.07134625,-0.2634538
-0.9466108,-0.048381,-0.3829143,-3.014185,1.879723,-2.456763,2.859833,-3.812392,2.402296,-0.5763783,0.1957465,0.5865324,-1.329739,1.291484,-1.582311,1.063036,0.5337462,0.4018635,-0.6077504,2.391813,-0.5538929,2.255627,-1.365563,1.524677,0.3049868,0.6838137,0.01636592,0.0862614,-1.618502,0.8603224,0.9610291,-2.045872,2.766631,-3.361019,2.164114,-1.317364,-0.3623474,-1.007509,0.196953,-0.3242195,1.481075,-0.6744928,0.04070064,-1.065228,1.317862,0.3658112,-0.4351252,0.8132988,-0.3610404,1.226063,-0.5367733,-1.434851,1.156973,0.4802465,-0.8703778,1.39042,-0.2939576,1.696416,-0.9240017,-0.3642143,1.364374,1.628834,-1.25985,1.606341,-1.85867,0.7636924,-2.47881,2.664024,-2.77863,4.278302,-3.360574,3.128282,-1.31707,1.08313,-0.9968187,-0.9209979,1.276483,-1.979028,0.3259099,-1.246652,2.383977,-1.973593,1.930108,-1.069824,0.3049169,-0.2357255,-0.5372322,0.5867782,0.1849488,0.09836325,0.3852956,-2.859692,0.928547,-1.735616,0.0760034,-2.185762,1.423429,0.6316189,-0.6461908,0.6654354
-0.16335,2.365072,-1.082144,3.075872,1.863508,-0.9085096,1.485763,-0.1325069,1.230375,-0.2739376,1.514832,-1.654297,-0.4325566,-1.328224,0.429707,0.3105848,0.4166819,2.083411,0.1770993,0.7073543,1.586174,1.070049,0.3833621,-0.1498148,-0.3434833,-1.445505,-1.44993,0.2532054,0.1322483,0.5193891,0.3668102,0.4347897,0.01167686,-2.134899,0.2038301,0.2623171,0.8041494,-0.4461888,1.712034,0.2992128,-1.075127,-0.2830538,-0.07288791,1.606458,-1.661615,-0.9384229,-0.9340285,-1.166743,-3.587678,-0.6435305,0.1005128,0.7589271,0.5023087,-1.718011,0.2047184,2.843422,1.243103,1.258192,2.08632,1.036046,-0.1820137,2.012782,-0.577305,1.156995,0.05097483,-2.303626,-1.031598,-0.5362526,0.768126,3.490566,-2.444094,1.968678,-0.1524415,0.4119079,-0.9127764,2.102515,-1.482836,1.438735,-3.540671,-1.346195,-0.06014606,-1.442288,0.05234389,-0.8739974,-1.273008,-2.203807,0.1382338,-0.5972176,-0.1633967,0.6303765,0.3157933,0.194149,-0.08656807,0.5031129,-0.4960153,-1.919333,-0.836906,-3.634185,-0.6383657,2.186686
