-0.1024492,0.2755322,-1.103448,2.20416,0.2125077,0.07023214,-1.450608,1.661152,-1.288031,0.1531785,-1.120721,0.07002856,-1.570932,-1.224155,-0.9391153,1.185771,-1.875854,-2.510404,0.1008459,1.46748,1.264188,-0.2329722,2.126818,-3.911713,2.297285,2.054837,1.826047,0.4584895,0.2472934,-1.943068,1.895111,-0.4788234,0.3583985,0.9804038,1.181879,-1.72578,2.493067,-0.2571167,0.3752392,-1.540517,-1.510465,-1.074974,-0.829836,0.2480938,-4.756298,-0.02654002,-3.342247,-3.450886,0.501754,1.143972,-2.646662,1.26309,-0.4841933,-0.2096011,2.391629,-2.081373,5.128918,0.1272897,-3.275368,0.3711809,2.141317,-0.5498336,-0.9351081,-3.379048,3.394035,-0.5867366,2.150342,4.07526,1.48723,-1.413049,1.105037,1.98642,-0.793379,-1.363732,-4.328745,3.618741,-9.243313,0.1138249,1.056768,-0.009586573,-0.4621617,-0.13342,2.229353,-1.677586,0.01457015,4.125005,-2.34706,-2.966826,-1.626246,1.333317,-1.52566,1.680491,-0.7296503,0.3371583,0.6001056,-0.1174122,0.1753715,-1.1109,0.1220849,-1.73107
1.016357,0.7767771,-1.844009,2.189037,-2.843082,-0.4739443,-1.83191,-0.5817468,-0.5730295,0.9188276,-0.01225191,0.3097006,-1.019196,-0.1253084,2.23695,0.1702143,3.922541,0.7326782,-0.2136011,-1.01531,-0.6523563,0.6461254,0.2472523,-4.643654,5.178648,-0.9583936,-0.2384609,-1.298092,1.859674,-1.084709,2.376732,0.1306043,-0.2349031,-0.05568317,-2.277436,1.490126,-3.899832,-0.2863792,1.487838,-0.4154512,-2.550143,-0.0690828,-1.635538,-2.617819,-1.785296,-1.135559,-1.533642,-0.3576172,1.272444,-1.808752,-2.393882,0.4020977,0.02781299,-0.08535161,-2.900241,-1.568485,-2.387685,-0.3478311,1.237544,3.026045,1.591463,1.811038,-0.8738621,1.392371,5.992886,3.157404,0.2428413,-2.660812,-1.14809,1.945004,3.150579,-2.98643,-0.504153,2.944331,6.094571,-2.265733,6.314316,0.9909797,1.123229,-6.178079,0.1335496,0.3962931,0.09542376,-1.577372,-0.07439461,-3.56293,-0.1220474,-2.400328,0.4961155,-1.061294,0.7478375,1.115319,0.4336548,0.5276765,-0.1226164,0.4508414,0.7246937,0.2116074,-1.034462,-0.2287431
2.05434,-1.15064,-1.600281,-0.04686493,-1.541402,-0.5976409,1.603669,0.1092809,2.417324,-0.161252,-2.066288,0.07722808,-0.122317,1.519856,-1.894045,-1.450831,-3.505879,-0.3233049,-0.4785346,2.869475,1.303524,-0.3340265,-0.6630906,-1.216369,7.117997,1.379243,2.428569,-1.770833,-1.249118,1.869078,2.882145,0.5834576,-0.7563331,-1.96998,3.913746,-0.1997068,4.182549,-0.8842816,-0.7718881,-3.458866,0.08747843,-1.305391,0.1557524,-2.534899,1.676812,-0.3540086,-2.582054,-0.402586,-0.1995282,1.265013,0.6390741,0.7568977,-0.08609784,0.4145269,-0.2249129,-2.187957,4.553977,-0.4202873,0.5195764,1.097326,2.737402,0.01655768,-0.1795315,-1.71726,4.292436,0.8049134,1.281181,-0.3592947,0.4928726,-1.944365,0.2885861,0.6413042,0.8011959,0.4051867,-1.679693,3.615751,-7.496801,-0.4571343,-2.10133,0.3477386,-1.998551,-1.038181,0.1561683,-0.6339476,0.03129128,2.067721,1.98394,1.612194,1.723107,0.4503788,-0.7198524,0.8175861,0.9077508,-1.885222,0.6753361,-1.762274,0.528298,-1.661705,2.050239,0.6166794
-1.993711,1.741784,0.1615935,2.160095,0.9588898,1.273132,-0.4768309,0.6689718,-2.923504,0.3124154,0.5495292,-0.1776746,2.503216,0.9450171,0.2719052,0.1821984,4.729768,0.4963117,-1.058917,0.04583269,0.2954578,1.907703,0.03194613,-1.08345,2.944573,-1.684004,5.392471,1.119606,1.072496,0.8050149,2.31809,0.2594181,-0.04459758,0.9834872,-2.596861,3.274356,-6.37455,0.7398977,0.6585171,-0.2062992,-0.3061187,-1.06279,1.601798,-2.593509,2.473157,-0.316565,-0.3680952,1.251606,2.004626,-0.1233088,0.4205031,-0.1344621,-0.3669425,-1.884696,-2.962104,1.090839,-4.608952,1.012284,-1.111083,0.7825744,-0.5002583,2.106818,0.8415382,1.586515,4.858678,2.026233,0.7217115,-2.546409,-1.889789,0.2154035,0.4018481,-0.4497803,1.446542,1.258941,2.478558,-1.531668,6.429195,-1.124155,1.150257,-0.6822352,0.9984412,1.965263,-0.3600487,-1.413777,-0.9844593,0.5605537,-0.3080535,-1.693828,1.752106,0.2770822,-0.4479094,0.9395005,-0.08404737,-0.7043669,0.8294672,0.3156982,-1.709823,0.3790588,0.3893568,0.2696887
-0.3755831,-1.535101,1.38706,1.153642,-1.668146,-1.523545,0.6042705,-0.8079764,1.037303,0.5999086,0.9500431,0.33189,0.9018947,-0.08829229,-1.019977,-0.8369666,-3.143479,0.5749134,1.422056,0.7839736,-1.260789,0.5825722,0.078178,1.489091,2.187442,1.020395,2.243736,1.177293,-3.307294,2.572106,2.253862,-1.39059,-0.7746326,0.3577598,2.779467,-2.602,3.988174,0.6331561,-2.118329,-3.540306,-1.064039,1.600801,-0.4660448,-0.0743469,2.779683,-0.2467491,-2.622989,-3.452697,-2.761852,-0.5551726,2.515994,0.8951545,-1.822258,-0.03066697,2.541762,-0.7674621,3.560713,-0.07399101,0.3358866,-3.406283,-0.6082116,1.126736,1.494627,0.7399541,2.568863,-1.45812,-0.1561788,1.780993,3.687359,0.4882492,1.921205,2.121098,-0.8414815,-1.552887,-4.331337,3.70897,-5.99015,-1.582768,1.360667,2.635841,0.5261366,0.5167877,0.2259693,-1.300492,1.10019,1.352372,0.06498563,-2.502636,-1.325079,1.385387,1.409034,0.8802696,-0.4054886,1.153075,-0.1453674,-0.6242493,0.4335487,0.2375256,0.7267267,0.3770276
1.35029,1.725902,0.2997756,-0.2757486,-0.6662339,1.012546,-0.06422895,-2.103019,-0.3884351,-0.3032841,0.2278556,0.2377908,-0.1268518,-1.353925,1.852671,0.5798663,3.052974,0.5125194,0.5746526,-2.236642,2.197533,-0.2362315,-0.8259389,-1.569283,-1.02534,-3.231991,1.156528,1.299034,2.185362,-1.057654,1.123983,-0.7337649,-1.264287,-1.79222,-3.182586,2.090278,-4.453898,-1.605376,1.607332,1.530349,2.654627,-1.770867,-0.8286371,-0.003803194,0.1504205,-0.5737479,2.62082,1.134775,-0.3753518,-2.126987,1.368395,1.292627,1.148374,0.2666589,-0.8446631,5.485888,-4.409586,-0.02764503,0.4108362,0.3573725,-1.378975,-0.2794441,0.3569839,2.182806,2.871754,5.270195,-0.2647487,-3.805995,0.325656,2.872747,-0.6992601,1.217474,0.2970117,1.720852,4.410166,-1.171134,7.116178,0.2251686,-1.054793,-2.28132,1.177117,-2.749927,-0.2332187,-1.209955,0.6167774,0.4301481,0.6389215,-1.689626,-1.362345,0.06459019,0.3592687,-1.094794,-0.6363932,0.8818858,-0.3038839,-0.1338339,-1.487681,1.00207,-0.512751,-1.407963
2.052304,-1.567646,-0.2773936,-3.573515,-1.337532,-1.34934,2.029967,1.742201,0.2563817,-0.8554359,-1.150608,0.9510347,-0.9072635,2.125271,-2.744723,0.5361226,-1.766279,-0.3573342,-1.776327,-0.7520385,-1.084523,-0.3394122,-1.843979,2.186426,0.6268594,-0.1561123,0.945493,0.7026095,0.1850544,0.6999995,2.882577,-2.584008,1.305627,2.404712,2.543909,-2.392835,5.432886,0.2827255,-1.467267,-4.042588,-1.356752,1.541881,-0.7742764,3.171488,-0.8738579,0.0383554,2.073559,-1.642367,-0.9435102,0.2994146,0.6774859,-3.483401,-0.6477946,0.1485274,2.749295,-4.363146,3.70461,2.402133,1.251374,-1.483637,-0.5506322,-0.5190498,-2.42523,-2.002975,2.602337,-2.270793,2.596685,0.9983169,3.662604,-1.109575,-1.378714,1.311765,0.6402932,0.5256801,-1.57063,3.894178,-6.849933,0.8194852,-0.1164521,4.726942,0.05102482,1.660108,-0.6201193,1.187207,-1.622617,-1.338613,0.4170278,-1.137441,-1.644033,0.2216646,1.458698,-1.994979,0.8623815,0.6819849,-0.2672964,1.320052,-0.2481386,-1.169387,-0.9237468,-3.032719
0.4248638,0.174273,0.541733,-0.02194014,2.155635,-0.2260267,-1.029105,1.402447,-0.9234625,0.2228136,0.9236683,-1.980391,2.373176,0.2815663,0.9936192,-2.644418,4.597739,-0.5926102,1.055987,-2.365449,2.891125,0.785573,0.3027956,0.3231701,0.34189,-0.4995939,2.061062,2.07282,1.676458,-1.896292,1.549894,-0.9194779,-0.567815,-1.775228,-2.577814,1.492135,-5.950611,0.6667262,0.5605195,1.596778,1.208557,0.5921782,-0.6194929,-0.06041777,-1.985534,-0.7706714,-0.3377704,3.084719,2.07459,-0.2989577,-2.028759,0.6494397,0.9956995,-0.5931953,-1.123631,4.360863,-4.570479,-1.068761,-0.4767006,1.70902,-3.418508,0.5631738,-0.9978822,-0.006309081,3.831188,0.7682541,-0.759365,-1.521105,-3.690645,0.03028625,2.020532,-0.9373575,0.06893421,0.4341612,0.610041,-2.785491,6.064815,-0.4097777,1.214873,-1.404453,-0.660662,0.9185131,-1.05055,1.67619,-1.332078,0.04618356,1.982448,2.186788,0.9555764,-0.4567385,-1.198821,-0.4850432,-0.4680472,0.2334222,2.439637,0.6080826,0.3485784,1.148999,1.426292,-1.906959
1.349103,-1.639566,0.2600166,-0.03120986,1.641377,-0.6201925,-0.7706419,0.8503755,4.135347,-0.2138066,0.484654,-0.4808621,1.332873,-8.687004e-05,-2.553376,0.6594473,-3.805801,-1.167624,0.03016475,1.482525,-2.067278,-0.3287627,-0.8801529,1.491908,-1.733889,2.961972,-1.728336,-0.536234,-3.409431,-0.2462823,1.99608,-3.095589,-0.9027572,1.722381,0.8447788,-3.464986,4.199527,1.38005,0.3481936,-2.641745,-1.907542,-0.8039867,0.708587,3.01798,-0.4086166,2.834728,0.2052161,-2.508811,-1.455338,1.043155,-1.392817,-0.9901426,-2.567851,2.842043,2.090581,-4.602242,5.260807,1.123154,1.84598,0.09476922,0.3956304,0.8976965,0.2771381,-0.142147,0.6708802,-1.517352,1.029779,1.037694,3.058672,-2.174187,0.04055685,0.8669041,0.7477423,0.5054826,-1.497128,3.586769,-4.668046,0.9729014,-0.9060087,3.081028,0.2167917,0.9681195,-1.660066,0.6713114,-1.983341,-0.2917451,1.042129,2.254751,1.400704,-0.5858658,-0.7444105,-1.374755,0.111137,0.6681831,-0.2327132,-0.7904398,-0.4929825,2.407472,1.057099,-2.185658
-0.4759392,0.2445256,0.5073073,3.30552,2.227616,1.164804,-0.4958085,-1.998231,-0.8703008,0.3697357,0.6491532,-2.394291,-0.6146715,0.1126312,3.908479,-0.8270742,2.823666,-1.081434,0.650504,-3.263886,-0.5886499,-1.007318e-05,-1.565202,-0.09277141,-2.684613,-4.955876,2.749602,1.981019,1.813522,-2.234337,-0.03803237,-0.5320886,0.2895235,-0.5242758,-1.530254,1.675943,-4.034258,0.5996766,0.5140147,-0.5834518,1.192227,-0.7780957,-1.082775,0.4480091,-1.410429,-4.499669,-0.7306257,0.541431,2.625562,-2.304615,-2.417971,0.1598892,0.4270436,-1.349844,-2.124313,4.769223,-5.918365,-1.798791,-3.937447,2.926453,-1.69547,0.03110259,0.528514,2.957875,1.035459,3.186202,1.662324,-0.6497257,-1.748909,-0.1953291,0.8932971,-1.360262,-0.9431189,0.2101808,2.320213,-2.574733,3.43525,-2.120278,-0.2424352,0.4871257,-0.02829415,0.4556639,-1.195897,3.465147,-1.030277,0.9123416,1.252585,1.335194,-0.2787176,-0.05243763,-3.007094,1.266907,-2.215922,-0.1458441,0.555374,-2.504092,2.298323,-1.082696,0.7255761,-1.037601
1.503849,-0.3306675,-1.614529,-0.3597434,0.2987351,-0.9770433,1.971199,2.274872,0.6475851,-1.46553,-1.568332,-0.3790078,0.5889128,-0.8136503,-3.779444,3.240238,-5.147717,1.541426,1.38129,1.432918,1.569513,1.76865,-1.403509,1.847936,-2.887019,2.284806,-0.2082345,1.790025,-1.32046,0.3615456,-0.6570552,-3.618897,-1.107635,-0.5665216,-0.470465,-2.409276,2.271027,0.9119499,1.832061,-3.100525,-2.213772,-1.959251,-0.565521,5.066859,-0.5614474,3.262441,-1.125274,-1.755615,-0.6797804,0.1235669,-2.770754,-2.939888,-0.1801829,0.4276076,1.672127,-3.00007,5.931025,-0.3331536,0.5440185,-1.596019,1.432113,1.049186,-1.661864,-0.4796831,-0.4735616,-4.966755,1.240367,1.194578,0.4839703,-0.7970042,-0.9736089,1.797446,-1.4914,-0.9819605,-2.47992,4.094598,-1.534652,1.02684,0.9010661,3.508249,0.8186229,-0.8318608,-1.250497,-1.385678,-3.427333,-1.147719,-0.9529647,1.742233,1.387627,-0.5133753,-4.355637,-0.6938929,-1.155353,-0.2993532,-2.527548,2.322658,1.009853,0.1077973,-0.08485847,1.133762
-0.5016662,1.089842,-0.4429579,3.310215,-1.076548,-0.9840683,-2.055858,-3.366971,-3.486948,0.9085274,-1.087613,-4.167312,-1.548642,3.009148,-0.3645147,-2.292534,4.426021,-2.243114,0.1395936,-2.160157,0.5271331,2.221729,0.05799408,2.032852,-4.181167,-0.8930185,0.4138248,-3.148527,-0.1763915,-1.872071,-2.173034,-1.57368,1.260988,2.158216,-0.8898066,2.836725,-1.812226,-0.1068971,-1.6932,-0.6014231,0.05207777,-0.2358667,0.21436,2.698466,-2.252112,-3.029299,-1.379582,1.727648,2.08079,-1.487841,-2.557372,-0.1533805,-0.7643773,-1.48125,-2.757514,4.549446,-2.582607,-2.004992,-0.9358903,1.827861,-2.062452,-0.8854164,-1.554203,3.372681,-2.03615,3.120337,-0.3513083,1.556071,-1.517664,0.7986001,-0.1354431,-1.472849,-1.749116,0.8050562,2.033938,-2.658383,2.889072,-1.732425,0.06847479,0.2401298,1.199945,-0.03048528,-0.7175581,0.5956655,-1.543124,0.6735989,-3.085686,1.9054,-0.3640278,1.333617,-0.109565,-1.368998,-0.03955106,-0.01552537,-1.241753,-3.7081,1.623434,0.1335899,0.01379265,-1.180331
1.571925,-0.3993391,-0.05113325,3.611755,-2.507143,-0.4279949,-1.943856,3.114553,1.882084,0.006361432,-0.8232222,-0.334747,-2.383779,-1.9691,-0.5979065,3.920013,-0.1106656,-0.6339529,-0.04590629,1.558417,-0.3914851,-0.4200874,1.404149,3.915986,-2.823853,3.530288,0.006284237,-0.05048236,0.8785725,-1.145355,-2.751038,-0.5395818,1.016258,1.557229,-0.605251,-1.417119,0.8915011,-1.155933,-1.499614,-1.414344,-3.215188,-2.276055,-0.2513292,5.538495,-3.244076,1.565236,-1.854014,-0.1929938,0.6871007,-0.4194525,-1.398021,-2.052046,-0.4094562,0.938418,0.8210484,-1.444613,4.252607,3.341254,1.00972,-1.494058,0.9395564,-1.026266,-0.5820098,0.8362439,-2.841138,-3.164744,-0.770989,0.5624851,0.6664647,0.9025286,-0.8892196,1.166499,-0.6778499,-2.133243,-0.4922516,1.728699,-1.55907,1.103334,-1.434062,0.5374818,1.265682,-0.5225665,0.9523461,1.051879,-1.029187,-0.7865884,-2.099,-2.802244,1.987695,0.6726412,-2.60112,0.6655594,-0.1065132,1.45672,-0.6188328,1.840889,0.6068532,0.9786313,0.6520175,0.7918968
0.9902604,-2.860631,-0.9242584,3.466949,-3.400347,-0.2593383,-1.705135,-0.9783205,-0.3926504,0.4256757,0.1701874,-1.025962,0.3188065,1.842912,-0.8799288,-1.877123,0.5404108,1.830617,1.867532,1.47412,0.8454461,1.474092,1.042599,2.445321,-1.716759,-0.9824952,-0.6173317,1.173465,1.478161,-0.3806155,-1.774737,0.07464978,-0.008848258,-2.713906,-1.327024,0.4284391,-0.05490007,1.02147,0.04582812,0.3093615,-0.1681973,1.215467,0.2414647,2.660601,-2.351137,-0.8218515,-3.710816,-0.8468392,0.633037,-1.328339,-3.220491,0.5978142,1.567353,-1.784828,-2.216151,2.836094,-4.038806,-1.522679,-0.3797404,1.672494,-1.035336,1.864772,-0.9443704,0.4540603,-1.230423,3.215025,-2.034708,2.270028,-0.6330928,0.5702095,-1.254202,-1.474639,0.1456391,-0.5103152,0.1788513,-0.6366647,0.3996449,-0.7454766,-0.6278617,-0.08362758,-0.1623733,-1.449517,0.4255506,-0.263741,0.9528872,0.3350446,-0.108433,1.21128,0.8984864,-0.4414685,-0.8933554,-0.4287047,-0.2576219,-0.6463125,0.680396,0.3004328,-0.1108077,0.4543309,-0.3842617,1.122598
-2.166929,-0.7250461,-0.8167404,1.357059,-2.639267,-0.6663564,-1.98573,1.289613,1.092307,-0.3539229,0.09133577,-2.834789,-0.2153276,0.06769708,0.7218641,1.339105,-1.552651,-0.9489974,-1.759046,1.01718,-0.7881169,-2.08447,2.359425,0.2902836,-1.902511,2.493103,-3.739275,1.563006,-1.04358,0.4846632,-2.387954,-0.1103908,0.7789229,1.228165,1.485903,0.8673697,1.712046,-1.025331,-0.907546,-0.424338,-1.253932,-1.284148,-0.4158076,2.129159,-3.106141,1.99242,-2.401994,-2.852068,-2.405604,0.09722051,0.03950366,1.382626,-1.170632,-1.131887,2.47521,-1.188115,3.638931,0.1764949,-0.3796769,-1.83668,-1.048691,-3.042194,0.9970597,1.330167,-0.7545094,-1.241285,-2.60284,-4.355656,-1.173522,0.9500083,-0.59517,-0.1600758,-2.09804,2.444592,0.9767942,-1.329064,0.849841,0.750156,-0.3264701,-0.6434931,-0.2533213,0.2626938,-1.436536,0.3271011,0.8752683,-0.4130583,-0.863447,-0.9961671,1.397615,0.946014,-1.328839,-0.6493389,0.5100085,-0.3583924,0.698559,0.9008527,-0.751113,1.360476,-1.090344,2.141047
1.264246,-1.408977,-1.054455,2.680057,-1.976877,-0.3166834,-3.163321,-1.997396,0.3374632,-1.935919,-0.818594,-1.249383,3.126286,-1.141913,1.915858,-2.200283,0.6652082,0.1884767,-0.4294291,1.07108,-0.7334836,-0.6013535,0.2203628,-0.2002311,-1.846641,-1.838352,-2.168648,-0.7797827,2.022707,-3.04859,-1.586406,0.1711839,0.2049657,-0.7222943,-0.6076041,-1.232175,-2.463831,-1.063633,0.07086428,1.517937,3.169349,0.3886672,-0.3805186,-1.730243,-4.116821,-2.105971,-0.6931949,-1.120244,1.517879,0.2070121,-1.043327,0.8766716,1.025489,1.840826,-2.504752,2.355062,-1.39157,-0.08967987,-0.8727124,0.6402583,-0.01886961,0.3124577,-0.2141889,-0.8680491,-0.9366745,-2.270905,0.3650276,0.5704406,-0.3929954,0.8644108,1.568639,-0.3914621,0.823487,-2.134735,-1.044162,3.58124,0.1589352,-1.1683,-0.7557203,-0.8092335,-2.189884,0.4552598,0.5250692,0.5137475,2.067085,0.6047355,2.145561,-0.1349448,-2.215628,-0.02097851,-0.1294001,-1.273252,1.62794,-0.7578427,-1.242929,0.5106758,0.7107801,-0.09615822,-0.6191656,1.511928
0.4819291,-1.716372,1.432274,2.032765,-2.923266,1.96304,-0.7765358,-1.241683,0.8885496,-2.09563,-1.112472,-0.9760396,-0.3253503,0.1202142,-1.276586,0.7634586,-1.740188,1.268671,1.403918,0.4562089,0.6565754,-0.3656408,1.308197,-0.4004689,1.004847,2.363178,-0.1343293,0.7459868,0.3612152,-0.7028921,-0.7152435,-0.5507485,1.37421,0.2329821,-0.8278787,0.8789204,3.950592,-0.7103506,-1.045954,-2.839451,-1.800656,-1.085582,0.07188255,2.761807,-1.834361,1.390816,3.530036,0.2772882,0.8337157,0.285519,1.113699,0.01532459,0.9431347,0.9226976,1.324772,-2.989273,3.697832,1.010337,2.029805,-1.159147,0.6737269,-1.558548,1.663588,2.237773,-2.284167,2.67598,2.011063,0.9322326,0.2177453,1.171978,0.5686773,-3.04641,0.1422771,-0.5705707,1.376749,-4.348191,-0.1052406,0.4396113,-0.613736,-1.14189,0.4585368,0.2365884,2.708116,1.999462,-2.142667,-0.07305881,0.9148152,-0.1954576,-1.707198,-1.044731,-0.6907145,1.090479,1.323948,-0.1732813,0.3708842,0.9884896,-0.7503573,-1.073118,-1.074809,1.872223
-1.218165,-1.36081,2.029242,0.8258405,-0.1155659,-0.568565,0.6330974,-0.1314894,-0.6739073,-0.4123261,-2.335389,-0.9850446,0.433861,-0.4411536,-0.6619143,-0.0001645684,0.7311212,-0.2474947,-0.6667677,0.1980851,1.577577,-0.2842538,0.89497,1.089537,1.582321,-1.16258,-2.046232,-0.6881506,4.161531,0.529151,-2.764819,0.652113,0.2983278,1.022464,-0.3633973,-2.305382,-3.826776,1.020404,-0.8119509,-0.211296,2.759902,1.769924,0.7299795,0.8674532,-3.145661,0.2656499,0.8733186,4.167589,1.027952,-2.481108,0.6114148,3.785238,0.437497,-1.511734,-2.681704,0.4677441,-3.617538,-1.018294,-1.698912,0.9703674,0.6227616,3.205421,-0.4061418,2.528153,-3.742664,-2.229662,0.8853636,0.6103183,-0.6658045,0.6939353,-1.154813,1.082077,-0.511779,-2.003408,-0.285686,1.795176,-1.637068,0.6599674,0.2149609,-1.749289,-0.0742265,-0.9751273,1.709167,0.04336464,-3.073796,-0.3145272,-0.7251484,-0.387307,-0.8775495,-1.57153,-0.7845148,1.891614,-0.434253,-0.4042344,0.7905523,-1.100628,-1.875343,2.07904,0.1344243,-0.3947985
-0.2367277,0.4414667,1.53773,0.7373542,-0.7105575,0.5474997,-1.902008,-0.7998165,0.1455359,0.8004729,-0.04498076,0.5419936,1.161521,1.298523,-0.06489922,-1.484109,0.7319551,-1.583792,-0.111499,0.7272511,0.6299464,-1.753872,0.2369706,-0.9341853,2.965885,0.1131239,-2.021617,-2.238633,-2.653078,1.206707,-2.253052,4.476595,0.5240377,0.2937765,3.379844,3.324111,2.712093,1.447365,0.2991014,0.9542104,0.3369364,1.139604,-0.6644248,-0.01436734,-2.222519,3.886246,-1.349573,-1.139535,-0.4215711,-1.413229,-2.331728,3.437014,-0.3017652,1.52371,2.862741,-2.379431,3.321234,0.6675273,2.089409,-2.083743,-0.7836531,-0.3948424,0.406678,0.7707887,-4.834354,3.519579,1.547428,1.86112,-1.492141,1.473167,-2.218753,-1.183599,1.234334,0.1319438,0.1941224,-0.4511127,1.941522,0.1616466,-0.1927095,-2.185965,1.281814,0.6983778,-0.5835357,-2.762073,-3.072065,-2.541395,-1.237159,0.6271675,-2.78128,-2.241944,-1.730848,3.462561,0.5951979,-0.1143063,-0.7367704,-1.60309,-0.2534718,-2.862417,-1.485509,0.4620886
1.340882,-2.070035,0.2692929,-0.5237563,-1.00181,0.4529097,-0.6636704,-0.2747229,2.281362,-0.6395412,-1.112279,2.143884,-2.024889,-0.8547202,1.128065,2.271659,-1.515323,-0.193261,-0.06570258,0.3602887,-0.1128592,0.2832122,1.351937,-2.932902,2.542305,-1.0831,-1.129209,-0.1075617,-0.8318505,0.1840467,-0.5017827,0.212108,-0.5072168,-0.2938457,-2.922607,-2.350335,-4.806165,-1.820186,0.4513204,3.891945,1.542502,-0.4069614,0.3324922,-3.442822,-0.9839944,-0.7013004,-0.2409971,-2.447878,2.373142,-1.855029,-1.329416,4.272365,0.184118,1.748497,-3.570899,1.16012,-4.405807,-0.8884668,-2.165777,-1.1249,1.927905,0.7438427,-0.9721271,0.6805486,-4.653205,0.3516501,-0.5437812,-0.2914906,1.176462,-0.237472,-0.8099489,-1.62004,0.9289503,-0.6502784,-0.00838504,-1.706075,1.077384,0.8933546,1.910385,-1.325122,-0.1534965,-0.601329,1.254923,-1.568394,-1.460631,0.2639566,-1.336224,0.7463163,2.037718,1.282431,-1.08048,2.611698,0.5730035,0.7115426,-1.625242,-2.691761,2.614376,-0.1515733,0.8278904,-0.5748292
-1.545769,-0.9127426,-1.476902,-0.5003723,-0.9348618,-1.984978,-1.0657,-0.4511822,-0.7164034,-1.164875,0.9440426,-1.106532,0.886729,0.03916152,-0.2846653,0.5244055,1.419679,-2.168375,0.6031149,0.3100648,-1.37799,-0.5952641,-0.2578875,-1.657964,2.638371,2.036395,-0.8832097,-2.830676,-1.273073,2.317542,2.142913,2.851862,-2.183625,0.2731525,5.233378,1.827158,5.06,1.158623,0.0706473,-0.1597766,-0.01347578,0.745279,0.1174166,-1.979665,3.454721,1.353929,0.8724261,-2.461069,0.1174035,2.407027,0.01951215,2.818666,0.3255657,0.6789939,1.910889,-1.781044,4.889545,1.372691,-1.069319,-4.467698,2.403169,0.2863515,-0.1954618,1.193622,-3.456806,-0.2978867,0.4393396,0.6793473,-0.04530653,-1.314107,-1.567441,-0.6597762,0.1049326,1.157376,-0.7331074,-1.952383,0.8598615,0.6384029,-0.03546621,-0.5836914,0.0337505,-0.6444455,-0.2053126,-2.503551,2.292393,-0.3212626,-1.475272,0.2741632,1.431616,0.6610286,-0.3921785,1.615557,-0.1382736,-1.075654,-0.2552613,-0.04819226,-1.666474,0.3345304,-0.2134339,0.4059501
1.971738,-0.2973604,0.6772162,-0.6071528,-0.8146942,2.720355,0.7946888,1.29232,0.1152989,-0.6707373,0.2414179,-1.350918,-0.371324,-0.6876037,-0.07411234,-1.025523,0.07436979,2.533841,-1.026291,0.4829344,-0.9876851,-0.9165841,-2.140202,-4.638611,0.6910424,-2.089735,2.440652,1.722373,1.507796,-0.9925942,2.156813,2.650753,-0.2784986,-3.004444,-2.524517,0.5422365,-5.444772,-1.147605,-0.8225204,3.747193,0.7617711,0.9412898,-0.2618489,-2.775645,2.697084,-0.09443752,2.192248,1.550495,1.019249,-1.772652,3.366626,2.304227,-0.701055,1.376899,-1.319587,1.790474,-3.73898,0.7731718,-0.4667963,0.3312465,-0.5370056,-0.01307968,-0.6415374,1.168728,-2.378092,1.889537,-1.291088,1.681899,-1.342731,1.270296,-1.665826,-2.141537,1.562372,1.61499,-2.707368,-0.2014955,-0.2726448,-1.349719,1.573038,-0.3118783,-0.02646554,-2.580904,-0.6132198,-3.485687,2.035872,-1.207358,-1.215165,-0.9338639,0.0452108,-0.4478586,0.03775764,1.518701,-0.3131519,1.856803,0.819693,0.2837007,2.375165,-0.3729452,-0.2982456,-0.3234308
-0.4220521,-1.146792,0.6428088,0.002222002,1.068497,-2.439047,0.9178393,-0.5160317,-1.220475,-0.6861987,-0.450272,-0.4580807,-0.9761357,0.8145978,-2.607722,-0.1687372,-1.660201,-1.618821,0.1312001,-0.08753616,-1.576693,1.458233,-1.747619,-2.131748,2.275959,1.579942,2.105354,0.04676005,-3.557439,2.814749,3.802704,0.2905402,1.563469,-0.8696679,1.491731,-2.490398,5.289556,2.604317,-1.088572,-1.650585,0.03613177,1.924496,-0.6767697,-1.12774,3.705748,1.051206,2.06532,-2.147179,-2.822821,1.949,2.016529,0.8680391,-0.1403689,0.3317664,1.321947,-1.559632,2.312333,-1.79857,1.793267,-1.005808,-0.714463,-1.356561,-1.014144,2.547595,-2.64162,1.157712,-1.746803,-0.4127005,0.7713091,0.3915496,-2.582628,-0.7912726,0.113261,-0.2656813,-0.7854412,-1.903906,3.264094,1.525349,-0.2106963,-1.446058,-0.01984944,-0.8973302,-1.133958,-0.8389099,2.678818,-0.1692259,-0.1337576,2.211159,1.184225,0.6195339,0.5739069,-1.502807,-1.101012,-0.6902186,-1.522468,0.4700516,-1.839553,-0.8068885,0.4683874,0.742426
1.296712,-0.4026113,-0.2235168,0.1772425,1.302334,-0.5384883,0.3020366,1.644964,-2.347142,1.301495,0.1496811,-0.8493968,0.951094,0.4094841,1.03172,-0.5548226,3.32128,2.122046,-0.9778921,-2.104119,-0.1188885,2.169393,-0.5818055,-2.019307,0.5684912,-1.060129,1.312113,3.141951,1.583753,0.4788755,1.921261,0.8315793,0.08521444,1.282254,-0.5158789,0.1018691,-4.846225,-2.039341,-0.2909998,2.267253,1.213203,1.319452,0.4624143,-0.5461914,2.091764,0.1695185,2.603533,1.058589,1.951765,1.238532,0.7502024,1.883383,0.4102216,-0.6583449,0.6092212,3.551682,-3.328753,1.488642,-1.61841,-0.8258434,1.48657,1.962423,0.4673824,0.8821967,-4.861187,-2.0702,-2.681134,1.129482,0.116955,0.6044923,-2.533711,-0.8288607,1.257434,-0.9100466,-1.913339,1.016873,-1.71552,-0.1072178,0.2379217,-0.3068475,0.537083,2.270462,-1.319513,1.390861,1.712026,0.5000055,-1.261554,0.3574126,-0.9476119,0.174814,1.397765,-1.738254,-0.0762182,0.7379559,-0.1079392,0.8793469,1.421881,-0.1253715,-1.097576,-0.001054808
1.765798,-0.08321957,3.621435,0.6050783,-0.604762,0.1070512,1.247122,1.127007,-0.2085519,0.7767593,-2.107173,-0.8377923,-0.1583426,0.2452611,-2.092443,0.3570278,-2.995946,-0.5180275,0.03023225,0.756788,0.4598937,-0.4622656,0.655596,-1.955696,1.665566,1.373709,1.717084,0.8362399,-1.779007,-0.3350275,2.188242,1.051728,0.2369018,-1.590172,2.590339,-2.207283,5.016057,0.4142996,-0.3495063,0.4473669,0.1508599,0.7246837,0.1978825,-1.538673,3.054491,0.6118977,1.802428,1.16824,-2.643311,0.1497456,0.8477288,-0.918805,0.6938322,-0.2448106,1.928694,-3.309847,1.356434,0.5436162,0.7609723,-1.67895,1.633639,-0.3010623,1.076067,1.273068,-3.43351,3.865198,-2.160342,-0.2245729,-1.065269,-0.4083777,0.3129207,-0.5473134,-0.8406116,0.4683173,-1.105425,-4.3553,2.824459,-0.4526744,-0.958485,-2.038067,-0.8105187,-1.138176,0.03532073,2.340433,0.3803309,-0.2422916,-0.02403161,-0.7813483,1.612679,0.4274734,-0.350316,-1.977699,-0.3184222,-0.1122188,-0.129186,0.8335514,-1.762314,1.50061,0.7979153,1.770087
-2.099867,1.030761,-0.08999196,1.946548,-1.105845,0.4528641,-0.8261846,-1.109872,-1.698396,3.489783,-2.113573,3.503611,1.362115,-1.550915,0.7403431,-0.5606488,3.378565,-0.9566081,-0.1692627,-2.672002,-1.314161,-0.3228014,-1.488064,-3.050196,0.1000411,-1.175036,-0.557323,3.253165,2.782508,-1.26034,1.343118,1.127739,0.7678189,0.7117913,-0.5980291,-1.336365,-3.47844,-0.7493047,0.7536317,2.775249,0.08832878,0.9456877,0.8094209,-2.590518,1.935992,-1.588428,0.5286022,1.775105,-1.122438,0.141935,1.055934,1.508343,-0.4798396,2.004624,-0.8266587,1.56193,-2.893892,-0.03769705,0.7524035,1.067698,0.30212,-0.2008196,-0.785009,-0.6359341,-4.169759,-3.894465,-0.8935599,-0.8847065,0.6196497,-1.017954,-1.095172,1.653717,-0.7000347,-0.2109579,-0.7184907,3.804579,-3.217888,-1.059815,1.702686,-0.2807425,-0.04629624,-0.5131042,-0.573709,3.478454,2.436931,-0.5732951,-0.1940557,-0.5924405,-2.74129,-1.286829,-1.981473,-1.929798,1.095641,0.1018714,0.3975916,0.5847623,-0.2364443,-1.49664,-1.491225,1.303191
0.650119,-0.4518424,2.483017,-0.1740803,-2.39839,0.9110632,0.3892645,0.8261371,2.822673,0.4263389,-1.7308,3.919251,0.1264646,-0.9004754,-1.074365,1.897373,-2.839452,0.6444708,-1.454607,0.267169,0.3781634,-0.238383,0.8764892,-2.505948,2.85409,2.322571,-0.4521331,-2.244042,0.3979419,0.06106524,0.6718553,-3.372801,0.05139332,-0.3608977,3.100085,-1.217019,4.196545,0.1799773,2.213585,0.4159383,0.3356174,1.120094,1.913628,-2.414272,4.441383,1.819054,0.08678049,-3.205632,-1.444626,0.5031991,2.100465,-0.2323719,1.116476,-1.944679,3.699719,-0.1420776,0.240567,0.8805542,1.196928,-1.139011,0.4335235,1.439241,-1.433578,1.552424,-4.233173,3.503322,-0.8191558,-1.565116,-0.9024697,-0.4821453,-0.8426563,-1.021294,-0.09810556,1.451422,0.2814335,-5.951721,2.932774,0.952181,-2.528873,-2.557765,1.846401,0.53816,0.2094203,1.968351,0.5767511,0.6003515,-1.310314,-0.2658527,0.9172607,0.1279305,-0.1763601,-2.651455,-1.182619,-0.3647924,-2.088681,0.9042099,1.277994,0.491604,0.5177395,0.7153552
0.1381188,-1.340843,1.630494,-1.250352,-1.883893,0.7922764,-0.9539601,-1.925452,0.3861132,0.4225291,-1.633785,2.167856,0.91923,0.08044238,2.037063,-4.308822,1.989622,-0.2313486,-1.618351,-1.589566,-0.9549773,1.663352,-0.5759926,-2.183117,2.593988,-0.4928493,1.05709,2.443569,1.700297,0.08746061,0.5856539,1.295657,-1.030535,0.7749469,-3.026248,1.214618,-4.369245,1.030009,-1.023828,2.567879,-0.1824563,-1.278179,-0.5231176,-3.472933,3.646449,0.1901309,3.439806,0.619238,0.5263558,-0.3576535,1.037004,1.194683,-1.081133,1.809826,-0.5913944,1.22025,-2.614268,-0.7219234,-3.103632,0.7275013,0.8307046,-2.359768,0.1454989,-2.042637,-2.774065,-2.344578,0.5350891,-3.095895,0.7147123,-0.4157867,-0.1698512,1.50287,0.7571276,-0.4370949,-0.9758192,2.660643,-2.830288,-0.8218762,0.5727656,-0.5615731,-0.08101878,0.2978273,-1.111399,5.1972,1.4547,0.9718642,-0.3071302,-0.1521483,0.9708323,2.436104,0.03888345,-2.359613,0.07217528,1.574458,1.116221,1.54793,-0.9690065,-0.9793412,-1.070394,1.433594
-1.150285,1.639854,-0.5456573,-3.986163,-0.95872,-1.490208,-1.653224,0.04782454,2.796636,-1.100278,-1.532506,1.968547,1.422179,2.01436,-1.457805,3.64593,-1.744324,-0.6279429,0.9254394,-0.03053918,-1.9668,0.6279994,-1.513954,1.42957,4.752547,2.201606,-3.591287,-2.913673,-0.9501786,2.40958,2.401842,0.8091438,-0.2784141,-0.03170891,2.048711,-0.7508096,3.454047,-0.1792381,-0.6663541,-1.119386,-2.538027,1.187137,-0.8522101,-1.89449,4.113832,0.2451888,0.2713458,-1.385772,-0.693234,-1.141059,1.927583,-0.5901847,0.4256793,-0.4487486,1.630762,-0.2038666,2.127809,-0.07486493,0.7450405,-0.5888678,-2.438356,1.391061,0.6280043,-1.642394,-1.939378,2.582151,1.480079,0.3371426,1.642851,0.1409263,0.6545179,-1.260069,0.9535985,2.12513,2.551196,-2.7186,1.486156,-1.345674,1.928854,-2.304142,-1.161597,0.8820379,-0.5669363,4.778351,-0.2683934,2.471901,0.7377144,-1.067372,1.413735,0.07617992,0.7188169,-2.466976,1.122705,-0.5595176,0.5417145,1.232378,1.506981,-0.3468986,0.2486956,0.6249108
1.56214,-2.649791,-0.8941411,-1.295928,4.366442,4.187475,-0.04127675,-1.169019,1.110984,0.7562589,2.234253,-1.056953,-3.392129,1.082762,0.7495943,-2.424329,2.400201,-0.1267457,0.3443677,-0.9867821,0.6820679,-3.004594,-0.8100711,0.3943301,0.8738552,-0.1122278,1.338549,-1.053801,0.4552895,-0.8223733,0.07341345,0.5242168,0.2976126,-1.681232,0.9933169,2.542214,-4.536793,0.6174471,0.4539238,-1.525285,0.7923062,0.5232181,-1.238725,-0.2564154,3.294255,-0.5020514,0.3908435,0.2194575,0.7518337,-0.9622391,0.8117139,-0.5106457,-0.81084,-1.827731,-1.486877,2.058684,-3.459759,1.299939,-0.3750519,1.881432,3.195064,1.15348,0.7876737,-2.686756,1.915967,1.085649,2.204141,-1.870246,1.165407,-0.3624407,0.1724141,2.506143,-0.9750226,-1.026107,-0.3827628,-0.5157574,-1.995808,0.6738683,0.7329004,-0.3527757,-2.259374,-0.8129641,0.7630777,2.929789,-1.504831,-0.3594301,0.552364,0.64023,-0.3680497,0.5456781,-3.570392,-3.866921,-0.9052186,-1.4614,0.2233546,0.2645395,-1.480711,0.6699058,-0.92612,2.553882
-0.8401443,-1.137072,-0.7847027,-0.2119173,4.647364,-4.684588,-0.1847356,-0.77219,1.188995,1.679664,3.846834,-0.1159186,-0.3811518,-2.180237,-0.1899454,3.325561,-2.358734,1.986511,1.287187,1.938087,0.9665768,0.4911571,0.5364638,1.626934,0.03154016,-2.044291,1.578548,-1.989284,-0.9426553,0.8006766,-1.758909,-2.667837,0.8897433,-0.9802399,-0.109345,0.1334844,2.171382,-0.1716788,0.5934927,-4.253207,-1.357653,1.523878,-1.672936,0.6807263,1.728757,-1.231072,1.316601,0.1810684,-1.398386,1.531168,2.165231,-1.973516,-1.609514,1.949985,1.88414,0.9787389,2.743529,-1.841458,1.358819,-1.382169,-0.5178556,0.5328307,-0.8733339,-2.787478,4.445971,-1.931897,1.926433,0.4759539,-0.2937845,1.25678,0.804902,1.777386,-0.1811871,3.51723,0.9099349,2.031347,0.7019647,-0.2446857,-0.5892563,-0.2180212,0.1583323,-0.5385217,0.7744243,3.162849,-4.730842,-1.131363,-1.642078,-0.8185457,-1.259978,0.5421213,-1.056236,-0.4751546,0.4089692,-0.9699701,-1.456784,1.16592,0.5576277,0.8999964,0.2049315,2.233339
3.773657,0.735213,0.8525603,2.742335,4.737806,0.527315,1.164197,1.295104,-1.971893,1.306125,1.040277,-1.637779,1.049259,1.801686,4.238022,0.8434163,-1.610198,-0.8683062,1.194326,-0.4273316,1.728618,-0.7058628,-0.5529544,2.618709,-0.4607314,1.345889,0.3457305,3.297857,0.5077704,-0.1842042,0.6186851,0.9562142,-0.3757113,1.935634,0.01098493,1.21069,-0.1673045,-1.687928,-1.389738,-3.66225,1.581374,-0.4788835,0.4065284,2.330089,0.3767779,1.021999,1.752686,2.530741,1.579147,-1.588289,-0.07094231,0.8285919,0.4897954,-0.1130372,-1.401436,2.118214,-2.224268,1.987064,1.535047,1.549673,-0.1778294,-0.7562566,-0.5234256,-0.2333862,5.500523,1.940795,0.9020324,1.149876,1.444513,-0.7298036,1.868589,-0.7700506,-0.3523523,-0.3028241,1.345109,1.071461,0.4553961,0.204122,-0.27122,2.605574,-1.483078,-1.545533,0.3405324,2.281233,-6.698279,-1.122084,-0.1792444,-0.6525956,-0.1721185,1.930092,-1.037189,-0.9569998,-0.3460023,-1.248939,-0.03640999,-0.2572062,-0.05048232,-0.1359082,-0.01037345,0.953307
-0.0970298,-0.3058864,-0.8919252,2.596978,2.510508,0.6337487,-0.4310642,-1.459214,0.02611338,-1.762764,-0.7140001,-0.106365,-0.08681212,1.14318,0.7797291,0.985597,0.1222576,0.08125693,-0.1621265,0.4359282,1.664948,-1.397906,0.08143444,2.005938,0.01847082,-1.519688,0.1340075,0.04490319,-0.6348121,0.2594178,-0.3645498,-1.959857,-0.6624145,0.5177104,1.180065,-0.7168149,1.271374,-0.08168089,0.09186345,-5.412441,-0.2658699,-0.3981467,0.4224547,1.885384,0.6397226,-1.858181,1.822535,-1.503938,-0.548688,1.074326,0.2343427,1.174489,0.5196618,0.5636785,0.9168441,-0.7033508,1.425951,1.218897,-0.743705,-0.9570159,-1.257126,0.2472302,-0.9058188,1.134056,3.067604,-0.9781843,1.165524,-0.5257784,-0.7948776,-1.351563,0.442302,-0.3271388,0.3022487,-0.564545,-0.04183239,0.9415648,-0.8534335,0.3151312,2.214105,0.1289768,1.602041,-0.8668156,0.4052746,2.081878,-6.80188,0.505094,2.886424,1.643551,-0.1810855,0.7022255,-2.512339,-1.942707,-0.349181,-2.019485,0.1489642,-1.050277,-1.109495,-0.3982785,-0.2797983,-0.3834307
-0.1590444,-0.6532769,0.7839121,0.9664491,0.4456826,-1.297742,-0.3250749,-2.224248,-0.5668618,-0.622743,-2.804329,0.3519583,0.2558658,1.205203,-1.420112,0.3641115,0.7755113,-0.3659335,0.1893353,0.1524409,1.321662,0.02263036,-0.4507315,0.6251534,0.1244788,-0.8369809,0.6682611,1.120658,-0.7629947,1.429049,-0.3786136,0.004075795,-1.409452,1.620574,-0.1503416,1.940208,0.06705485,0.2813981,0.3870839,-4.142416,1.318248,-1.219374,0.4568586,-0.4290503,-1.47882,3.898059,0.5067589,1.355964,1.842788,-0.4440306,-0.9272232,0.1318397,-0.1710632,0.4991505,-0.7737972,1.217153,0.1523275,-0.2729197,1.961278,-0.7794213,1.864761,0.7234024,0.9670061,0.4428152,2.243118,1.07518,0.546218,0.08954836,0.9820558,-1.509232,1.383805,0.9075328,-0.08489792,-2.122442,-0.3214648,2.031198,-0.430618,-0.6162529,-0.5764536,-0.1615599,0.5793628,2.003753,-0.4706632,-0.08306327,-5.706739,-2.243887,-2.122599,-1.89694,0.3601905,-0.9126875,-0.6793706,-1.045543,-0.1593125,-1.897293,0.4135837,-4.876861,1.40935,0.3127553,-1.114495,-1.701874
0.5772665,0.306738,0.4691716,1.859064,-0.106842,1.826384,-0.08507261,1.999421,2.052059,-0.009777926,-1.222708,-1.075405,0.1181866,-1.645064,-0.7240187,1.264356,0.881673,-0.6389146,0.6701844,0.09810984,1.393715,-0.3650605,-1.39142,0.8074114,-0.04982787,-2.341869,-0.3971831,-0.4731563,-2.141747,1.535295,0.09929909,0.546505,-0.9500281,1.198866,0.5944027,-2.27452,-0.3378857,1.368023,-0.165312,-3.964448,0.934559,-0.4816012,0.4178873,1.158101,0.1005324,-0.4591264,-0.2464901,-0.02985387,0.01562513,0.1121205,0.5972288,-0.1012846,1.749576,1.04162,-1.553024,-4.389625,2.004839,0.6337227,-1.47763,-2.994855,-1.598818,-1.521505,0.1961856,2.176398,1.224115,1.352259,-0.3842386,-0.5554234,1.052171,-0.574548,1.577809,0.1451657,-1.780233,1.207566,-1.72045,-0.9196239,-1.569661,0.2710632,2.490763,0.8547218,0.6519424,-2.206512,-1.205886,-1.092178,-4.484312,0.9637012,-0.7287986,0.1928975,0.4784049,-0.8542956,-1.309906,3.010752,1.530192,0.7414148,0.8697522,0.3125784,-0.1220628,-0.6025221,0.5338655,0.07431377
-3.815293,-0.6790146,0.6091942,1.955397,-1.488943,0.4558966,-1.267314,-2.093933,-1.541082,0.0008739009,-2.607893,-1.253518,0.1045137,0.3925007,-0.4928389,-2.10006,-0.428061,1.457993,-0.6503892,0.9712352,2.375173,0.2324995,-1.449862,-0.01021215,-2.14628,-0.2859099,1.096839,0.8392756,0.3265466,1.015254,-0.5741367,1.905979,0.6432854,0.2271382,0.7553353,2.831542,-0.08632297,-0.9389857,-0.3779366,-2.658484,-0.1151209,-2.510525,2.085282,-1.580807,-0.4338107,-0.1449673,1.188176,1.404329,1.05417,0.6343292,-1.644256,1.585884,0.9311598,1.166645,0.5053521,2.72899,-2.373359,0.5406676,0.7995179,-1.925347,1.044672,-0.005140226,-1.270016,1.486935,0.9473256,-2.111181,0.3110794,-1.117699,0.03644087,0.2012574,-1.540864,-0.08434017,1.050059,-2.385709,2.004617,2.453178,2.197664,0.9264518,-0.6632205,0.1642907,0.5721111,2.691061,1.997858,-0.6337677,-3.418582,-1.219491,-2.721077,-1.792595,-2.319411,0.6348489,-0.950701,-1.113341,-1.193849,-0.003631443,-0.3419649,-1.570172,2.107786,0.7516126,1.264878,0.9162334
-2.271714,0.5530478,-0.2061193,-0.9155806,-4.56334,0.1579629,2.142764,-0.07118385,-0.9271654,1.164919,-0.7463253,0.4925061,0.3487045,-0.1494033,0.8722539,3.785174,1.611507,-2.176591,0.36831,2.714618,0.08543423,2.287032,-0.9083819,-0.108039,-0.5818966,1.540613,-0.146422,0.1546491,-0.01142437,0.2980327,0.406406,-2.073708,-1.198332,0.2675099,-0.7951912,-2.936541,2.787541,0.5048433,-1.082215,-1.135134,0.9372532,0.1251183,1.0438,-0.4771282,1.494738,-0.2818823,-2.504012,0.9011346,-1.060321,2.156663,0.3192448,-1.300241,0.396118,-0.8237261,-2.499201,-3.963164,0.9772962,-0.4862701,2.722337,-2.0342,-1.106474,-0.1621909,0.6864257,2.555001,0.3718219,2.46122,1.61478,2.197274,0.7769175,0.2016144,-1.545494,-0.018004,0.748682,2.366363,-4.068114,-0.87441,-0.9205661,0.8006052,0.7842955,0.9138324,-0.1038431,-0.8517709,-0.9788356,-0.3318714,-2.173131,0.4633292,-1.500021,0.4478465,0.4071881,-0.4406705,-0.3964508,1.356226,-0.1224248,2.265713,-0.5287048,0.7624168,-2.621092,-0.3917561,0.5773914,0.5047669
-2.283674,0.8891428,-0.7916813,1.670721,-1.381318,0.7791726,0.5471451,0.7511405,1.441586,-0.4346224,-0.489609,-2.820421,-0.6143305,-2.628374,1.487514,-4.447918,-0.8165896,0.9785753,-0.6225109,3.36903,1.153493,-0.5916034,1.113649,1.740348,0.2871255,0.59376,0.7173949,0.8420544,-0.9375563,0.1392196,-0.6037468,2.859125,-1.571585,0.7050686,-2.601546,2.243144,-1.238446,0.2193439,0.5816507,-2.339425,2.254533,-1.551101,1.24628,0.9712847,0.8753007,0.1709076,0.1871331,-0.4257722,0.2164513,1.418177,0.2211848,0.9761053,-0.7373304,-0.6721609,2.269978,2.154807,-1.026938,1.135007,0.07115911,-3.204187,-0.9634011,1.404585,-0.08978456,3.66837,0.2331581,-1.723325,-0.6775932,-1.551672,0.3871113,1.547326,0.2585663,1.667261,0.09753987,-1.112865,0.7705411,0.2666226,2.020615,-1.332575,1.83504,-2.839316,1.509707,-1.997971,-0.1965757,0.8226054,-0.464837,0.1265984,-0.9381852,-1.91055,-3.190472,1.115484,1.680142,0.4588759,0.5604955,-1.864227,-0.356941,0.366145,3.288838,-0.859224,0.852109,-1.878128
-1.904879,-0.7807942,-0.2484802,-1.236681,-2.074975,-1.330467,-0.7496653,-0.0398918,-0.614696,-0.5436216,-1.616899,0.75672,-0.2557727,-0.261906,0.2070329,2.149325,0.4724182,-0.09637266,0.5928444,0.6305288,2.08153,0.6047816,-0.3728212,2.192112,-1.3397,-0.604584,-0.896594,0.3762684,0.9671075,1.765481,0.5206137,1.539672,-1.33613,1.433273,-0.2596584,1.137375,1.724937,-2.010089,-0.4832399,-2.983521,0.4533437,-1.12873,-0.6291438,-0.6123493,-0.2344607,-1.054226,1.629967,-0.7525712,0.9882043,0.8543893,0.006338835,-0.2053881,1.386226,1.583921,0.5366774,-0.4888024,-1.497337,-2.320045,-0.4927918,-1.571978,2.040826,-1.202366,-0.945446,1.175201,-1.61033,2.060742,-0.7034334,-0.8188938,0.539256,0.4514598,-0.7739337,1.254087,-0.340104,-0.5782474,-1.196435,1.389046,-0.8562955,0.617153,-1.108729,-0.4979064,3.19642,-1.518992,-0.149008,1.226333,-3.89106,-0.2327777,2.361997,-0.1606227,1.382901,0.01849797,-0.4911014,-2.218609,2.029348,-0.1145775,1.220875,0.2062596,-1.902517,-1.025936,1.533646,-1.453108
-0.7109365,0.3634492,-0.643975,0.8977465,-0.3984424,0.1520406,-0.8182746,-0.6898612,-1.066501,-1.379535,0.9119872,-1.308152,-0.1674545,-1.143351,-0.3306404,-2.778113,-1.103047,0.3784816,-0.2952695,-0.6800697,-0.2880373,0.4149476,1.494829,2.571895,-2.052974,0.7442614,0.8833021,-0.657735,1.953151,0.5097063,0.9952261,0.9976873,-0.6432594,0.1444756,0.2014819,1.490253,0.2071147,0.8641621,2.497973,-1.582573,-1.249643,1.56755,-0.003469586,-1.13967,-1.087914,0.3622599,2.242748,0.5585117,-2.047772,0.8031355,-0.9768217,-1.057583,-1.921306,-1.495478,1.024603,-1.351572,0.7858782,0.6430846,0.4807663,-0.1649716,-3.294897,-0.86721,0.8907535,2.147643,-2.20834,-0.676534,-1.74545,-2.13278,1.156278,-0.1870891,-0.5082702,-1.327029,0.1302522,0.8297634,1.156516,0.6232734,1.060087,0.794534,-0.2473913,-2.194813,0.2960322,1.122653,1.448061,-1.277356,-2.929243,0.345518,0.4235526,-0.1237851,-1.313794,-1.350466,-1.063396,-0.9087874,3.032492,1.610195,0.8266368,-1.575272,1.529028,0.4649298,1.35463,-2.206933
0.0780163,1.687344,1.081011,-1.173222,-1.616241,-0.7543741,2.610767,-1.036773,-1.217583,1.268849,-0.6144289,0.4745886,-0.8490193,0.9791692,-0.1783823,1.999593,0.7670765,-0.4198335,0.3187662,-0.4289157,-0.7229754,-0.2230197,-0.06798015,1.366806,-1.964214,0.9142032,1.092579,-0.9823363,-1.881241,-1.18724,-1.391159,1.128093,-0.8928623,1.637017,-0.642754,0.5889087,-1.77814,-1.063436,0.2946588,-0.8651631,0.4477972,0.5209421,-0.8806438,-1.153786,-0.2574863,-1.218099,1.23895,-0.2443701,-0.2513992,2.772264,0.4288373,0.1453675,-1.071887,-0.5722775,-2.147758,0.2324668,-0.9543988,-0.5965549,2.00707,1.246499,0.3023797,-0.4500221,-0.1250795,0.7667804,-1.173803,0.1789103,-0.4641277,0.5625934,0.7817347,-1.605463,-1.143063,-1.24617,-0.2215534,-3.146726,-1.059848,0.3592406,-2.505937,-0.3351624,-0.3347159,-0.7420675,-0.4472494,1.127248,0.6358944,0.5050856,-0.5711647,2.134503,-0.03085265,1.041703,1.490306,-0.9810311,0.01969445,-0.25954,-0.4707876,-1.235265,-1.492852,-3.431144,-3.336352,0.703212,-1.599594,-0.6136031
0.5168104,-0.1026384,-1.218382,0.05190986,-1.339421,-0.9473366,0.7807003,1.442225,0.4656703,0.9248737,-0.4684249,0.04518391,-0.4798649,-1.309106,-0.233907,-2.385338,-1.322544,0.191269,0.6657385,-1.246145,2.264818,2.062177,0.3334286,0.4970156,-1.840512,-1.647876,0.2979332,-1.042198,0.07645008,2.220985,-1.193928,0.5196242,-0.4701773,-1.417147,-1.525947,0.6615387,1.656286,0.5856356,-0.7129907,-0.7206084,-0.1040788,0.06948987,-0.1717253,-0.4646257,2.531717,0.024345,0.4597653,-0.6707071,-1.068249,1.997173,1.294682,-1.131791,1.645591,0.2156375,1.847951,1.024999,3.646679,-0.5376022,-2.529411,-0.01461865,0.3833226,-0.9122929,-1.1029,3.067981,-3.055008,-0.7947247,0.4583086,-1.192192,-1.649321,0.05875592,0.8352628,-0.4611993,0.1962342,0.9528279,1.401621,-1.295509,3.276069,-0.5998772,-1.462412,-1.016876,-0.6130741,-0.7354255,0.7844297,-0.6175425,-0.533764,-1.361615,-2.031573,-2.369725,-0.3635859,1.764926,0.1604498,1.629442,1.986594,1.033451,1.308876,2.739306,2.136965,0.04200332,1.76232,-3.185563
0.3503236,0.6285272,0.8524582,0.4543021,-2.656174,-1.220741,0.9878922,-0.5831651,-1.061994,0.497705,-0.6059867,-0.916373,0.4599208,0.4042773,0.4256985,-1.036614,1.141293,0.2218383,-1.355312,-1.543949,0.4808032,0.9369463,-0.2959132,1.11783,-1.080586,1.36703,-1.706634,1.642288,0.05036309,0.4267448,-3.084976,0.7801309,0.2350904,1.097343,1.397566,-1.00051,-0.9438429,-0.2455047,-0.4210625,0.3392378,-1.419301,0.08717121,0.1658035,-0.4406635,2.046237,1.231897,0.8074883,2.025435,0.5634719,-0.9932927,2.31285,-1.090792,0.9868808,-1.020246,-1.843835,0.616909,-3.428355,-0.9897958,1.126676,2.252962,-2.241321,-0.9335589,-1.074536,1.795403,-3.519549,0.4498371,1.813889,1.238895,1.883819,-0.5108005,0.07761204,-0.6209507,1.032537,1.234279,-1.425661,2.305429,-1.67016,-0.4567419,-0.9535793,0.8125486,0.08406657,-0.8274957,3.288389,-0.8084147,0.8409237,0.9887587,0.01223978,1.867931,-0.2354262,-0.1861554,-1.361298,0.06125848,1.056228,-0.8438884,-0.672445,-1.484056,-3.206722,-0.8253516,-1.584548,-1.511437
1.407526,0.6758397,-0.9879971,0.1028859,-3.437755,0.2669994,1.729919,1.994212,2.269405,-2.085716,0.318335,-0.3647001,-0.8444843,-0.9061918,-1.202548,0.07075192,-2.044024,-0.1118399,0.2403549,-0.4777745,0.8801155,-0.0917165,-0.8116111,-1.006086,-0.4252935,1.609419,-1.143736,-2.826197,2.310558,0.4459291,-0.3872383,-0.4348762,0.8338547,-0.7052103,-0.5565665,-1.308184,1.499891,1.002242,1.077766,1.578986,0.9541885,-0.5826967,-0.5262198,0.8063207,1.413185,-1.542639,1.653483,-1.660529,-1.281024,2.379775,0.9114836,-0.02031559,-0.1556626,-1.478128,3.220906,-0.2317995,2.025433,0.5081716,-0.5399723,0.2066744,0.01269956,-0.1999118,0.2905015,3.15704,-1.018376,0.282483,-0.7294157,-0.7278858,-2.108599,0.9859818,-0.6087568,-1.783099,1.126179,1.755085,2.283834,-4.75215,0.5813808,0.05474139,-0.4883946,0.01902163,-0.08767521,0.4732458,0.8136836,-2.488259,-0.6221809,-0.001931808,-1.884943,-1.69291,-0.289608,0.3925836,2.269509,2.647895,0.8805897,-1.079037,1.67505,0.2095754,3.898939,0.9042402,0.251234,-2.162408
1.820373,-0.3198429,-1.168856,1.236825,-1.816041,-0.6735783,0.6869911,-0.2702874,-0.08041105,0.8012357,-0.5188541,1.083242,0.2580473,0.04025956,-0.1535671,-0.9290916,2.957636,1.183727,1.465376,-4.01658,-1.616586,-0.430041,0.9700701,0.3672322,-0.05026239,-1.215332,0.897357,-0.4368633,2.9139,0.4891877,0.8089833,0.7300196,2.223849,0.6454496,-1.63727,2.394604,0.2139234,-0.8727449,1.112779,0.8082101,-0.391039,0.7403563,-1.886996,0.1645076,0.374558,-1.57763,2.329195,4.894097,-0.1050107,-0.6787151,0.07070047,0.1388147,-2.469509,-0.01472657,0.1970216,2.480891,-3.467065,0.2888828,0.5699099,1.964714,-1.912027,-0.5451504,0.8975573,-1.324987,-1.778587,-4.224581,-1.267177,-0.2906151,0.7080817,-0.8550234,-1.653236,3.444855,0.2658579,1.925366,-1.463202,2.146474,-1.675183,-1.134213,1.339842,-0.1302138,1.688366,-0.7913328,0.13941,-3.094154,-2.454935,-1.490464,0.7932073,2.177287,-0.4406335,-2.508445,2.264176,0.5269014,0.4704947,1.825453,-2.725029,0.1450873,-4.488324,-1.461867,-0.4419241,-0.7944142
0.560472,1.214451,0.02444574,-0.2295354,-1.738911,0.4956519,-2.478111,4.020497,-0.5549652,-0.1147838,-1.008718,-0.3767618,0.08683839,0.9433542,-1.149051,0.5066468,-1.08926,0.8939341,-1.324391,-1.16787,-0.444135,1.355645,2.097618,0.8476866,0.2283753,3.391966,0.6120399,0.4355881,0.4155936,-1.581457,-0.746411,0.7970901,0.3214789,-0.9044644,0.3682402,-1.652749,-0.09057759,-0.4222761,-0.5883641,0.7482433,0.5431345,2.161644,-1.193075,2.504612,-2.45696,-0.5533314,-1.21507,-0.605899,-1.56429,-1.687652,0.1129259,-0.1950374,0.1054021,0.4820593,2.180749,-2.870539,3.524685,-0.623178,-0.01114531,-1.703111,-0.1203278,-1.562227,0.4548146,-1.4859,1.159473,6.37764,-2.458571,-0.1295096,-0.1142854,0.2417239,0.3774815,0.6818106,-0.3059722,-1.966341,-0.1156882,-3.323563,2.206245,-0.0147823,-0.06788819,0.2577391,-0.3138902,-0.2037485,0.9886473,0.4664716,1.84241,0.2287696,0.1760149,-1.346845,-0.9272329,1.358137,2.933281,1.021975,0.8650725,-1.691097,1.684447,-2.995614,2.698858,0.08943443,0.9495773,-4.357443
0.1010153,-0.2959263,0.8699584,1.220981,-1.980848,-0.3092634,-5.360532,-2.874003,-1.765738,0.9593052,0.07753229,0.6178685,-0.1058504,1.367434,-0.18422,-2.347589,1.524213,-1.820909,-1.143461,-3.36513,1.861995,-1.722304,1.366251,-1.329621,0.429801,-0.6081342,-0.438231,-1.380327,0.7891172,-0.486496,-1.896677,4.330598,-1.412321,0.6133549,-1.649396,-0.162677,-1.49592,-3.309377,1.455649,1.528237,2.175102,0.9368218,1.004153,-1.484208,-3.362332,2.029978,0.19469,1.259082,0.6539842,-0.6652447,-0.9173776,-0.3150655,1.162368,-1.476018,-3.534043,1.467343,-3.19363,-0.1176467,0.781065,2.049146,-1.100161,1.494385,0.02184977,-2.679363,-0.2897616,-6.576044,-1.1008,-1.334426,2.118049,0.2911994,-1.051316,1.301753,-0.01623416,1.341153,-2.476591,1.496706,0.0473859,0.2695161,-0.8483363,2.345101,1.620898,0.9659603,1.675096,-1.753809,-1.96525,-0.4537715,1.002708,2.575426,2.866174,1.617696,1.354457,-0.6571544,-1.90165,-0.9536649,0.5581772,3.825193,-6.723656,-0.1093218,-0.2896271,-1.102322
1.960966,-3.196042,-1.942809,0.6907412,-2.500348,-1.324069,-1.981734,0.06663312,1.309547,0.6910756,0.2614833,1.743532,0.5689343,-0.4322998,0.1868446,-0.02617916,0.5626737,-0.3044538,-0.002182461,-2.382331,-1.54057,0.3581274,0.2265003,-1.835196,0.8632846,-0.4576151,-0.6128703,-0.3665037,0.5310648,0.5538064,-3.598375,3.200405,-0.4946007,1.196286,0.5718405,1.783396,3.112728,0.3353838,-1.087545,1.228634,-0.5587582,-1.949487,0.8261161,0.844583,-2.200266,-0.3152999,0.9877217,-2.524804,-0.7305391,0.6295094,-1.591114,0.9012533,0.1206291,2.70752,1.757352,-5.116673,5.046355,0.6821813,-0.8380295,-0.7373634,-1.47735,-0.3625356,-0.1511922,-0.6990276,1.602347,5.702399,-0.06570935,2.073916,-2.058602,1.896416,2.71737,1.096213,-1.421247,-0.4219579,-0.5465581,-2.821,0.1344857,-0.1682885,-0.9785691,0.5493406,0.6201563,-0.384671,-1.015755,0.4313984,-1.247938,0.4584987,-0.2661923,-1.903562,-2.95228,0.1360233,2.279351,2.399576,-0.9375591,1.081579,4.768357,-4.241286,4.619545,0.08164927,-0.6153539,-4.603371
2.923852,-1.220282,-0.6197736,2.456331,0.3844841,0.8251078,-1.198967,1.212152,-1.462355,-0.4903671,-1.822834,-0.8125224,0.7156618,-1.095648,1.226856,-1.57902,1.466404,0.3893274,0.8640499,-2.316222,-1.428386,1.960534,-1.079784,-3.233696,1.915365,1.908369,-0.6702706,-0.5772995,2.431087,0.9285584,-2.0475,-1.147866,-0.4087149,0.3397313,-3.641766,0.6582451,0.6585897,0.02952736,1.327624,3.112156,-0.58139,1.282274,3.261376,-3.96451,-0.9998556,-1.137641,-0.331916,2.40852,0.3562472,-0.6243234,-0.2526025,0.2106866,-0.8725228,1.130678,-1.16453,2.48522,-5.461984,-0.4677697,1.491597,3.008567,0.9260688,-0.6968527,-1.690986,-2.059006,-0.08010862,-6.643751,1.503569,-4.327434,2.0177,0.2846994,2.021127,0.9879658,-0.5280268,-0.2828321,2.502485,2.190712,-1.081546,0.04700888,0.2232457,0.6934821,1.278919,1.95168,-3.124247,-4.162305,0.4434767,-0.3465358,0.5990204,3.352111,3.607749,-3.652218,-2.457878,1.365586,0.899965,-0.3238887,-2.697247,4.296844,-4.917229,0.6214747,1.799794,-0.2865441
-0.4132201,-0.6804162,1.831364,0.8455564,-3.901749,-1.198149,-0.9275581,-0.8923431,1.325502,-2.016541,-2.041719,-1.34935,-0.5379465,2.034015,-2.779045,2.160151,0.5509483,0.0403076,-0.09227192,-0.1353468,-1.46988,-3.330561,-1.056597,2.275202,3.022995,-0.19219,0.6252581,-1.127178,0.8703709,2.702657,0.1524937,-2.368813,1.738507,0.07105838,-0.8730936,-1.265758,1.694942,0.1468425,-0.777989,-0.1701694,0.4293306,0.4581298,2.277174,-3.369375,0.7657533,-0.7085581,-0.7214696,-1.387061,-2.050575,1.904305,2.372937,-0.357653,-0.4344445,-1.18317,1.027821,-5.329887,1.948434,-1.282873,0.9189148,0.3303066,1.262329,-0.213006,0.1088614,-1.332672,1.404642,3.537795,3.573929,2.571746,2.100369,-1.109793,1.521928,-1.649395,1.265887,0.02669392,-1.109102,-1.454152,-1.477891,-0.2358738,0.2946589,0.2293406,-0.515453,0.4523934,-2.494205,1.951834,4.249735,3.857727,-3.210862,-1.92413,-2.557679,-0.7291743,3.188711,0.4717074,-1.266483,0.7944678,-0.3458947,-5.992647,6.37522,0.6999552,-0.1049936,-3.67966
0.0252469,-0.5999042,0.8468498,2.450369,-2.599197,1.260431,1.164822,-1.446501,0.4883002,0.06801049,-1.593432,-1.746537,-0.3903891,-0.9200706,-2.332842,-0.7412056,1.159877,-0.1363703,-2.026165,-2.953622,-1.807435,0.7592448,-1.594248,1.141187,1.454696,-1.528384,1.270939,2.814898,-0.1107035,1.97147,-0.6561036,-0.5446507,0.815768,0.03737359,0.7594335,2.750245,-0.1530444,-1.051169,0.914946,-0.5959175,0.9186959,-1.17637,2.357484,-5.988421,1.206184,-1.111222,2.372268,1.515965,1.080076,-1.945989,1.731114,3.496902,-0.03376591,0.4786311,-0.4604697,4.336101,-2.968491,-0.542027,0.5726768,1.05596,0.03110935,0.4581141,0.8459021,-1.210116,1.985596,-0.1776982,0.3339885,-1.595291,0.4456774,0.3454182,2.464502,-0.919668,1.08501,0.6798569,1.067845,-2.342614,0.9313548,-0.7692199,0.2195542,-0.6503443,-0.875997,-1.977557,-3.166786,-1.136886,0.3339676,-1.514114,0.4938786,-0.6766453,1.785182,0.8249553,1.284656,0.1963713,-0.7726295,-0.6832048,-1.075321,7.172864,-2.659927,-0.2311784,-0.133834,1.200944
0.3535184,3.382776,-0.175957,1.951184,-3.202352,1.536634,0.7980627,-2.540812,1.762369,-0.5137649,-2.42815,0.1439017,-0.8023529,0.4947669,0.9794621,3.125235,-0.1541714,0.4024774,0.2015783,-1.575302,0.5094416,0.7632281,-0.7780368,3.19387,-1.09422,0.3860883,-0.1449507,1.645039,1.035856,0.07304674,-2.874768,-3.243203,1.431616,-1.620552,1.636678,-2.044528,3.417118,1.892574,0.4326468,0.8234618,-0.344849,-1.064697,0.6715058,-2.424216,4.898692,-0.6112677,2.50149,0.116352,-1.447849,-0.7651058,3.901636,-0.03209728,-0.2093544,0.03465886,2.65554,-3.278188,-0.6194823,0.3506629,0.8792645,-0.2726552,1.778906,-0.8824258,1.318521,-1.570146,3.030353,0.1842481,-0.4360556,0.8555564,0.08541443,0.1509455,1.872083,0.6346397,-0.09829578,-0.7885415,-0.1404502,0.6751733,-1.579307,-0.5971953,-0.8359302,1.768018,-1.164217,1.276014,-2.397689,3.260804,1.998221,1.704307,0.383426,-0.08873523,0.461287,0.08622238,-0.02277172,-4.177385,-1.372123,2.302382,1.911063,-4.318012,3.294259,-0.6519261,-0.498188,-0.6494064
0.5664116,-0.9171139,-0.6907914,1.354609,-2.660667,1.942897,-0.2888776,0.1192669,-1.773754,-0.5835021,-2.210766,1.033277,1.14804,1.910286,-3.395632,-1.570575,-0.2529825,-0.314421,-1.127094,-1.760353,-0.8888705,0.1651785,1.263308,0.9174567,-1.781586,0.699736,-2.71244,1.420331,0.419535,-1.646989,-1.455622,-0.3140889,0.1427219,-0.154878,-2.037435,1.956429,-3.655712,-1.584395,-0.3912262,3.619017,1.156268,1.504499,0.4721963,-3.361098,2.985836,-0.3813203,1.547704,3.083581,0.4513738,-0.595145,1.349785,1.470507,-1.755688,-0.6871321,-0.146092,4.518467,-2.604598,0.04483572,0.8003634,0.602507,-0.03965521,-0.5615727,1.264095,-2.829087,2.799578,-1.001943,2.385458,-0.492774,0.06137251,0.8861854,-0.937765,1.490691,-0.5558277,0.5151499,1.92593,0.2167427,-0.4008924,1.150797,0.05024028,0.4979927,-1.930374,-1.423951,-0.8180099,2.839915,-0.08283135,-0.9105428,-0.3399968,0.07125911,1.506681,-0.8840192,0.02343011,-0.9427076,-0.3449163,-0.076372,-3.243055,3.21796,-2.806621,1.635067,-0.6765794,1.877742
-1.359911,0.2438032,-0.3547276,0.8936934,-2.989714,-2.059371,-2.001459,-0.3314935,-0.5873812,1.630969,0.9946949,-0.5882126,-0.6794428,-1.076296,-0.2129785,-0.4880576,2.844414,-0.5240426,1.603517,-1.403343,-1.311332,-1.638752,0.6312417,2.181775,-1.521708,0.3771667,-2.168326,-3.808367,0.4233004,0.7998516,0.4730085,-1.560442,0.148685,0.07657032,2.406648,-2.10658,3.928766,-0.2975135,-1.327669,0.2445333,-0.02290741,2.179574,0.8456349,-1.277443,5.170144,-0.07912279,-0.1414043,-0.306221,-0.7621804,-1.619458,-0.571638,-1.78694,0.6793844,1.429936,0.2612731,-3.062664,0.1501796,-0.4428478,0.02685258,-0.2049356,1.24441,0.1680625,2.187325,-2.509305,3.352469,-0.09416467,-1.241129,1.026527,0.02906259,-0.0318242,0.8844402,0.3186085,-0.1634032,-0.9738883,-1.522779,0.8209121,0.331671,0.2837128,0.05242145,0.2396805,0.7073721,1.523249,-3.357526,4.618196,-0.1059251,2.736162,-1.251437,-2.043229,-2.526408,-0.2853197,-0.4754897,-2.733734,0.9910023,-0.4702792,0.3564852,-0.8311992,4.052882,-2.018022,0.474967,-0.4069483
1.160098,0.1276269,-0.5443763,-0.5089802,-3.973586,-1.124047,-2.337867,2.741429,-0.281058,-0.319465,1.585004,-0.6073543,1.112071,1.91368,0.04651371,0.688061,-0.7571205,1.936362,-0.5501,0.1745161,-1.703685,0.4898418,-0.7876365,-0.3751472,-0.2251179,0.1971058,1.661022,-0.1504584,-0.1886528,-1.536987,-1.006772,1.183698,1.088329,1.098168,-1.153211,3.747578,-4.381167,-0.7850134,1.335833,3.485344,1.877551,-1.147809,-0.165371,-2.821074,5.859197,1.818374,-1.918266,-3.449823,0.8800523,-1.004122,-0.3399264,0.4603521,0.3479743,0.4767676,-1.445773,3.57628,-1.454035,1.280495,0.02467484,1.916604,-1.118014,-2.23911,-0.2519279,-2.365752,2.213049,0.365245,-2.118562,1.032287,-1.134098,-1.231766,-0.6716573,-1.27018,-0.2329757,-0.789322,1.213387,1.40972,-1.335994,0.3274989,-1.27809,-1.117755,0.1654239,-1.635294,2.392855,4.81964,-2.166755,-1.37972,-1.639095,-0.8363644,3.533807,-0.531661,-2.429476,-2.944243,0.4741411,-0.3507535,-2.077991,2.294849,-0.7805223,1.61856,-0.71367,0.05829866
0.7464287,-1.150064,-0.2281821,-0.9201326,-2.312921,0.8531693,-2.434566,-2.82278,-1.365192,-0.3346237,0.9763597,-0.290506,0.3440678,-0.5054419,0.216737,-3.938342,-0.4218276,0.4132381,0.8920982,-0.9896884,-1.514664,-0.23646,2.047762,1.880971,-0.5502828,-0.1771491,-0.6301444,-1.501797,-0.8659527,-0.03216383,0.3680342,-0.6984318,-0.03636886,0.698985,0.4933545,-3.45605,3.519333,1.693518,0.06203607,0.8521569,-0.3414187,-0.9478981,-0.221546,0.9584877,5.367495,-1.311339,1.519356,-2.194313,0.7467493,1.619639,0.2976286,-1.225476,1.349941,0.62631,0.9573116,1.230734,1.878659,0.2636527,-1.30834,0.87528,0.6795603,0.8832174,-0.8820768,-1.197519,3.047562,-0.7545722,-1.815464,-2.141038,-0.9651646,-1.415881,1.634948,-2.166819,-0.3296589,0.02483393,0.1828373,-2.58462,0.8440968,-0.5748688,-0.07967798,-1.558252,-0.5148029,-1.634496,2.449452,4.477019,-3.128425,1.923698,0.3930447,0.470119,-1.229388,0.3011273,-3.08332,-2.007447,-0.5076565,0.4622162,-1.959067,0.4115553,0.929755,-1.476388,1.348409,-2.068258
0.06128877,-1.295749,-0.4675986,-0.8842205,-2.351092,-0.5295688,-0.7816804,-3.181175,0.4872286,0.1868349,0.0400666,1.726762,0.7700791,1.208663,-0.6527714,-0.1874643,-0.4173954,-0.02771406,-1.565732,0.5844322,-0.8706292,2.4592,-0.399451,0.137762,-0.2109045,1.091113,0.9699342,1.279315,0.5590219,-0.03682535,-1.437597,2.167754,-1.454015,-3.201596,-1.291744,3.57159,-4.215549,1.201957,-0.02665253,3.374813,-1.286133,1.735072,0.6214107,0.9593973,3.058145,2.452247,0.7831427,3.640375,0.808598,0.4383276,-0.8453711,-1.508984,0.5674601,-0.08959729,0.07954441,1.317412,-2.064488,-0.4585474,1.034093,3.290523,0.2681327,-3.266097,0.4858292,0.1350303,2.263833,2.360505,-0.8084437,1.630315,-0.9400095,1.020896,0.5589123,0.4909055,1.412943,1.294518,0.5990419,2.747603,-0.9665142,0.573022,0.4747993,1.064472,1.217964,1.292881,0.1780889,2.025856,-4.341403,-1.592252,-0.1608542,1.001947,1.474765,1.034763,-2.046022,0.4017322,-1.561571,-1.33355,-2.380355,-0.5204281,1.889856,1.946401,-0.5081573,-3.184885
-0.8119642,1.024633,-0.02579686,-0.9090708,-0.9429713,-0.3190939,0.7117182,0.2758109,0.3631834,0.6025501,0.6853732,1.489802,-0.04232097,1.654354,-0.9250786,0.6698854,0.5475543,-0.1287651,0.700779,-0.3952519,-1.657764,-0.5434822,-1.91163,0.4697253,-1.586355,0.6494211,-1.152304,-0.879076,-3.45674,0.7257634,-0.3338976,-0.3255369,-0.002144747,-0.9205566,-0.0320203,-3.015076,4.589096,0.1090302,2.364729,1.330175,-1.875074,2.315577,0.03091273,-0.233445,0.5396842,1.113738,-2.331116,-1.456312,-1.253035,0.3743047,-0.5692977,1.635818,-0.2969949,-0.2436777,1.160933,-2.052088,2.932897,0.1169584,-0.4085655,1.458852,1.920955,1.511767,0.1735864,-0.8918029,2.836862,-1.692761,0.1229646,-1.313262,-0.389473,0.0573526,1.496003,-1.353933,-1.054994,0.9802873,1.511012,-1.403449,1.60463,-1.539746,-1.793627,0.5273373,-0.2280597,-0.600827,-0.6875134,1.146098,-1.750924,1.592021,-1.236688,1.930226,-1.322116,2.299845,-1.356401,-0.2751276,0.304913,2.254021,-0.9504063,-0.4678108,0.6290762,-1.304605,1.603006,-2.710958
0.1779886,-1.204264,-0.3953712,0.8438976,-0.1218146,1.860869,1.325828,0.1266237,0.7385398,-1.083708,0.1366363,0.4795287,-0.3673756,-0.4810918,-1.099477,-0.242826,0.4805444,0.8325093,-0.197424,-0.2343107,-0.7148123,1.478491,0.5197312,-0.4018929,-3.657932,-3.141041,0.4531256,1.163858,2.041734,-0.2761069,-0.6206476,1.109353,0.8643324,-1.410782,-1.501499,1.649008,-1.115086,0.2897536,-0.804449,3.955144,-0.6781318,-0.7035865,-0.1390567,-1.900634,0.7539758,-0.6571922,-0.5043025,-0.45766,0.1116375,0.7077539,1.18061,1.217807,0.5817991,-1.469042,-0.06026722,2.719152,-2.467822,-1.092057,-0.4914621,4.143903,-0.4678833,-1.595522,-0.3194965,-3.416068,3.097967,0.7763961,1.201776,1.229514,1.611325,0.2351929,1.051674,-0.8112077,-0.1870198,0.1076773,-1.616519,1.564655,-0.1554621,1.548412,0.3310097,1.94069,1.415137,2.041006,0.6893725,0.6545403,-1.600904,-2.419611,-2.657373,-3.361658,1.554672,1.853057,0.5299484,0.2142781,-2.207632,-0.6732897,2.201946,-2.088213,0.4630109,-0.9141746,-0.6120545,-1.240771
1.130018,0.2082255,-0.5441277,-0.09806979,-0.3485873,-1.628684,-0.7561621,2.443276,0.7430392,0.5915504,0.29769,0.1581836,-0.7063189,-0.3405201,0.5257491,2.506771,0.1075198,-1.026583,0.9044711,-2.278962,-2.298631,-1.198588,0.9852409,0.6972321,-1.474005,3.12569,-0.8439119,-0.4079473,-1.939735,-1.497394,0.4156157,0.5075656,0.9005457,-1.176759,0.7658692,-2.742287,0.6830079,0.3541766,-0.8585827,1.82005,-0.6921607,0.5995813,1.909595,0.8685581,-1.223574,1.150497,2.263762,-0.4076526,-2.065359,0.5260367,0.08427307,0.3639069,1.112584,1.085702,2.770013,-1.788507,0.942804,0.3635579,-0.05990683,1.500147,-0.6714281,1.143549,-0.8131285,-0.8683898,2.135284,-1.366342,3.118106,-0.01506883,0.5215871,1.076973,1.242835,-1.589632,-0.8080677,-1.356772,0.2714634,-0.6052672,0.1962468,-0.9567875,-1.842078,-0.07817227,-0.2180048,-1.56459,-0.420749,-1.853337,-1.529912,1.591076,1.580715,0.6936199,1.364921,0.069181,0.7096511,0.3863729,0.4015383,1.115944,-0.6272259,3.609161,-1.368633,1.249812,-0.2353598,2.124669
2.174303,-0.1487806,-1.534765,2.454315,-1.146415,1.218746,0.4597006,1.242153,1.71724,0.3408143,-0.08297241,-3.188587,-0.02724592,-0.341006,2.213733,-2.954097,-0.3594733,0.632796,0.1580169,0.5641663,-1.022454,-0.02891204,1.42597,-2.73741,-2.295072,-3.618597,-0.4443534,-1.388015,-1.250974,1.241619,-0.7164258,2.530119,-1.10067,-0.4674007,-0.4210672,1.188488,-0.6922063,-1.002395,0.1167945,2.265225,-1.289562,-0.6089666,1.732226,-0.997232,-1.02009,0.4790972,0.9057844,2.955929,-1.53963,-0.9174806,-1.010538,0.7544822,-0.3933381,-0.06899884,-2.579335,1.654814,-3.091549,-0.1440152,-1.668696,1.668268,-0.04680523,0.6758177,-0.0457434,1.633554,1.598911,-0.2017206,2.199808,2.571969,0.1882284,0.9658285,2.238068,0.1150946,-0.355782,-0.9862596,1.252098,0.6076024,0.2433083,0.2639009,-0.3111607,-0.1733587,1.096518,2.247929,-1.764426,2.070452,1.168265,-2.729721,0.2508411,-0.142181,-2.178334,0.2493714,0.8021809,-1.421372,-1.702551,0.02835986,-0.5052984,-4.119693,-0.02881739,-0.3189227,-0.9338691,1.798563
0.2171226,0.7513348,-0.2609318,2.25151,-0.0006843805,-1.426271,0.5506359,-1.609538,-1.080888,1.927369,0.2470646,1.011854,-2.203068,0.05839266,-0.4461474,1.775839,0.1255378,-1.615424,-1.757722,1.919193,-0.04535171,0.4879248,1.303961,-1.501184,-1.3972,1.177206,-1.657642,2.307327,-0.2568008,1.096546,1.320583,1.445385,-0.942933,0.1995575,1.417948,-2.335268,-0.3929067,0.7019128,-0.6913794,1.133025,-1.092756,0.7375311,2.167831,0.6372157,-0.3414708,0.2321638,-2.424789,-0.3244096,0.9756182,1.10089,-0.3404786,1.197711,-0.3096288,0.004463442,0.8128091,-3.252658,3.287423,-0.09262452,-1.128968,-1.450702,0.5580978,-2.212116,-1.784525,-0.305927,-0.7720915,0.1864723,0.5728781,2.622799,-1.042779,2.027867,0.4148257,-2.31058,1.354133,-0.184212,2.107826,0.4640065,-1.390357,-0.05583919,-1.38828,-0.5473074,-0.5026982,-2.285532,-1.71701,-0.7655425,-1.55543,0.2150302,-0.5416279,1.236594,0.1853055,1.347461,-0.9240212,1.161056,0.02057221,2.071212,1.054579,5.235433,0.9630193,1.749925,0.5208447,2.531966
-0.8786046,-0.3616318,-1.450282,1.877261,-0.8521062,0.9457099,1.052967,0.8569247,2.494523,2.387254,-2.780478,0.6672608,-0.9124601,0.2436647,3.211034,0.205808,2.304424,0.7735331,-1.00216,2.166114,-0.403295,0.8769022,1.503413,-0.7568948,0.3040181,-0.8928896,-1.123078,-2.367877,1.531076,-0.1049719,1.041333,0.6652782,0.3272351,-0.6128038,1.199232,-0.9163414,-1.884229,-0.6488131,2.372537,0.6933839,-0.5625491,-1.621705,0.4275271,-1.136751,1.363597,1.142241,-1.951893,1.460315,1.105208,-0.6333262,0.3893925,0.6199924,-1.136919,-1.17373,0.005740392,0.1433435,-2.264831,1.448545,0.02096553,-0.4859322,-2.181746,-0.7511444,0.03741752,1.775705,0.1248749,-0.7020606,-1.192158,-0.6681401,-0.4778835,0.1103964,-0.3501569,-3.207637,0.5807767,2.035729,2.655922,-1.494853,1.198602,1.013526,-0.5523014,0.2781446,-0.6338207,-0.2719367,0.7716585,1.383873,0.9015732,-1.578083,-0.4249987,0.2557287,0.4648221,1.568146,0.8310999,-5.882145,1.072519,-0.8361925,0.1796012,-4.685645,0.9969464,-2.62737,-0.4783086,2.803929
-0.3068132,0.8955432,-1.411108,-1.490264,0.2361046,-0.9762397,-0.869765,3.492315,1.999673,-0.9186721,-2.955555,-1.2232,0.6299782,1.43219,-0.04805686,0.445181,0.27559,-0.9284379,-0.07204278,4.145683,0.6782221,0.8174084,0.8648629,-0.5955002,2.351816,1.671515,1.439681,0.009946316,-0.2028171,-2.607551,1.2961,3.553784,0.4193366,-1.086735,0.2018087,2.129515,-1.717049,-0.4352106,-0.6360814,0.2842026,-0.6311643,-1.339016,-1.478573,-0.4124171,1.07007,-1.814713,-1.669048,-0.7574342,-1.38436,-1.43068,1.481529,0.7337542,-0.6148155,-0.9989104,0.001527238,0.5583547,0.7293162,0.2281556,-0.7880871,-0.8697122,-0.5078235,0.9716231,-0.2118892,0.1611028,0.09420831,-3.313274,0.2907799,-0.4034699,-1.957244,-1.340854,-1.350195,-0.792461,0.1685817,-1.078387,-1.83468,1.383768,-2.415817,0.3129214,0.5383046,1.058034,-2.197735,-0.1165844,1.386331,0.3296155,1.000043,0.4459836,0.710459,1.087583,-1.064062,1.096629,1.524645,-1.394722,0.09802362,-1.833819,1.446686,1.819037,1.474634,3.0853,0.7817725,1.086472
-0.4189062,-0.1846705,-1.057954,0.6310613,0.9955808,3.811808,-1.258241,-1.644747,0.3198203,0.06359126,-1.595322,-3.078097,1.423399,-0.2012375,-1.486925,-4.893406,2.035015,1.131984,0.7364195,3.627212,-0.03853329,0.2666705,0.2724516,-1.30127,1.389468,-1.371488,1.266847,-1.475114,-1.625687,-1.453503,-0.998514,0.4917963,-0.8131649,-0.5177448,-0.4159585,-1.549571,2.016719,0.435254,-0.6774743,-0.5547545,-0.3105947,0.2796755,-1.635783,0.07588279,0.9386355,0.6073714,0.0797475,-0.1180361,-0.8077949,0.4780197,1.609186,1.101372,-0.1314494,-0.4188784,-1.246181,-0.5928296,-0.4518389,-0.9188655,1.975656,-2.620673,-0.233505,0.441358,0.6821674,2.310056,-1.426382,2.525261,-0.4920548,0.4534454,-2.980093,1.472772,-1.119492,0.1454139,0.1854572,-1.074126,0.475134,-0.785026,4.863155,-0.07811063,0.001662446,-0.461487,-1.285995,0.02759125,0.5364268,0.08439198,-2.240267,-0.6942315,0.7705151,1.653947,-0.1983977,1.875318,1.280262,-1.23503,-0.07987298,0.6132243,1.822491,-1.005685,-2.756116,-0.81297,0.4360544,2.40742
-2.477977,-1.714556,0.8444105,-1.025409,0.8676271,-1.226865,-0.7096157,-0.6736706,-0.4882811,0.3432283,-0.7034484,1.450133,-0.7626315,-0.4804943,-0.4209936,4.001053,-0.1832356,1.512883,0.1759623,4.536109,-0.819652,-1.926089,1.484135,-0.7819203,1.686751,-0.1603203,0.6788666,2.006098,0.8385559,-0.2548366,0.511564,1.688378,-0.7976285,1.083194,-1.516305,3.588766,-1.278959,2.007115,-0.0183446,-1.212828,1.576513,-0.2702448,-2.410518,1.111968,1.123228,-1.604584,-0.3154281,1.113199,1.334573,1.412603,-0.9992425,-1.5755,-0.4391541,-1.287316,1.485223,1.213053,0.9778221,-1.468194,-1.588064,-1.77015,1.058609,1.505155,0.3672532,0.8708258,-4.468879,-3.566463,-0.7247044,0.1500122,1.73105,0.05005038,-2.978174,0.1770573,-0.1188856,0.5167719,-2.029544,0.1058083,-3.838611,0.4003429,0.7062464,1.894294,-0.2895936,0.5244508,2.013824,1.630016,-2.545552,0.6226839,0.6811496,-0.7375162,-1.609624,0.07510707,-0.4662822,0.8957011,0.1575041,-0.2678887,1.943316,-1.412328,-1.667534,0.143859,0.6970258,2.01144
-0.6722769,0.7167972,-0.2809193,0.3058621,0.6451718,-1.309636,-0.9189934,1.079805,0.4991222,0.06082483,-0.6889833,0.4291099,1.574559,-1.618836,0.6610645,-2.54617,-0.8010774,0.1680325,0.5812429,3.71973,-0.2040414,1.482275,-1.207149,0.6236815,3.350317,-1.552987,-0.02266154,-0.1683696,-3.033219,0.3942479,1.550302,-0.5040739,0.05717629,-1.858295,2.181332,-0.4979458,0.05060795,-1.763459,-0.7660173,-2.650477,-0.6169249,-0.261119,-0.8395121,2.523124,0.9158527,1.193303,0.5140896,2.178239,1.927318,-0.7027643,-2.200115,-2.749907,2.971976,1.965743,-0.6923036,-0.4824745,-0.578045,1.481738,2.442898,0.6332283,-1.846564,-1.341494,-0.01145861,1.876205,-2.87384,1.977215,-1.945862,-1.337986,-2.107399,1.470438,-0.02806079,1.936227,-0.3654971,-1.840402,2.370081,-1.470959,3.397764,1.145886,0.6792198,-0.7893494,-2.260177,0.9790553,0.2160913,-2.096079,-2.20373,-1.814272,0.9050457,-1.422716,-2.34057,-1.886307,-1.672693,3.052264,-1.221938,0.3048685,1.230286,-0.5470923,-0.6509765,-0.561615,-1.133774,0.01133533
-0.2050783,0.9694402,-0.2846444,-0.1999045,0.1015911,3.025217,-1.516339,2.385047,-0.2426111,1.201305,1.522146,1.97926,-0.7227808,-1.24375,-0.6887662,0.05410102,0.2502311,-0.9267856,1.587288,3.842191,1.941104,-0.415864,-1.871136,-0.2849324,1.371838,1.063786,2.473168,1.327289,1.103456,-0.04241816,-1.402654,-0.06196082,0.8455953,-0.05408378,0.0413228,-0.1481537,-2.183384,0.7714825,0.06610481,1.362632,1.574837,1.125368,-0.9151115,3.095485,1.447636,-0.9538013,-3.079096,0.896976,-0.2023746,-1.061291,0.02242991,-1.648206,-0.5515718,-1.366068,-0.48382,-1.369791,0.6078655,-0.1026374,-2.008165,3.15625,0.7203438,-0.8667634,0.9156151,-0.005549002,-5.684759,-3.213543,-2.048949,-0.1196789,1.462069,0.727438,-0.8254486,-0.9095615,0.9507225,-0.5701288,-1.464146,2.385261,-3.274547,0.3092155,-0.8284233,3.79963,1.804449,-1.296484,-1.234645,-4.756112,-1.437481,-0.2514262,-0.2469576,0.5385439,-0.3017981,-1.636622,0.7404082,2.082025,1.367304,0.1329084,-3.070388,0.1823554,2.292804,-0.6537613,0.03669379,0.8195908
-3.918329,-0.2978972,-0.3484861,-1.028323,0.178515,-0.7184482,-0.6050395,-3.305265,0.009677373,-0.1683261,0.3456742,1.571012,0.3260827,-0.04251276,1.680932,-1.069053,-1.194571,-0.2137054,-1.695607,3.460398,-1.249604,1.7094,-0.003508665,-0.1682311,0.3188457,-0.6123062,3.070318,-1.156827,-1.636605,0.5565166,-0.4650519,-3.270805,-0.7153075,2.092114,0.5114174,0.9195895,2.481558,0.5355883,0.5346642,1.366823,-0.9240198,-2.056409,1.444704,3.426942,-2.714551,1.177382,-2.504524,-1.993711,1.44251,-0.7842827,-2.757088,-1.130099,0.04402846,1.117944,-0.01922403,3.029669,1.209669,0.8261985,0.3884747,1.818523,-1.891867,-0.3918233,2.204262,3.332135,-3.358168,0.9140785,-0.961095,0.8243424,-1.219426,0.1198259,-1.720161,-0.7840227,-0.5262318,1.267849,0.7503443,-3.210871,1.343318,0.9858354,0.2967217,1.740364,-1.673961,-1.128424,-0.005574644,-2.643655,0.5812991,0.5239348,0.74714,1.050014,0.864244,0.1075304,2.836737,-0.2978128,0.02541597,1.220625,-0.4502425,-3.744348,0.01892473,-2.333823,0.3220018,-0.07141738
0.2599418,1.317302,1.911792,-2.479157,0.5091345,-0.3579255,0.5574722,-0.9830866,-0.1355345,0.03066883,0.7807527,-1.493441,-0.7269635,-0.5394573,-2.67535,-0.4010219,-0.310821,-0.4338097,0.4864747,2.613487,-0.4117832,-0.820264,-0.7222843,-0.366096,-1.010215,0.7365239,0.03699329,3.905535,0.04393845,-0.1957855,0.9202304,-1.546049,0.008217308,-0.7149305,-2.027752,0.6408463,-2.936861,-0.4728686,-0.7213309,1.498839,0.3114533,-1.341375,0.7249008,2.921374,-2.645101,-1.570478,-1.205504,-2.52714,0.01454817,-0.9678177,-1.757227,-2.541411,-0.1660063,0.8007596,-2.964847,-2.450583,0.6824057,1.372326,-0.2561463,-0.5098573,1.541603,-0.05947001,0.7026153,0.9572337,-3.008136,-3.223435,-1.481005,-0.7828104,-0.4441153,-1.243163,-2.687985,0.4419958,1.320387,-1.606013,-0.7025383,3.907044,-0.6134316,-0.1823485,-0.2307426,1.737705,-1.468054,1.413906,0.3768753,-2.561477,0.5028042,-1.633208,2.877523,0.4882145,1.306575,0.8825735,2.971472,-0.8632804,-1.62613,0.01839694,0.9330381,0.6593696,0.05231729,0.8657855,-2.674489,0.4883958
-1.127424,-1.3241,-0.2661649,-0.836768,0.3114815,1.269657,1.643802,-1.746727,0.6249481,-0.9702423,0.3295776,1.40114,0.4043862,-0.440349,1.479544,0.6008012,1.642727,-0.1995407,0.639308,1.775234,-2.28055,-1.514041,-0.8044944,1.922959,-2.138699,-1.0802,-1.926172,-1.376712,-1.433372,1.737332,0.2750972,-3.69551,-0.6193557,3.178355,3.02574,-2.974179,2.734785,-3.151004,0.188956,-0.0791434,-1.412877,-0.8302445,-0.7973933,1.181866,-2.569251,0.862939,0.5108021,-0.4141745,0.6157811,0.964571,-2.232603,-1.39469,-0.4998662,-0.404422,-0.02577357,2.213045,-0.001351342,0.6227329,1.444683,-0.7031413,-1.621677,-0.2907489,2.84878,1.774446,-4.021677,1.671338,-2.163532,0.740356,-1.584473,-1.410922,-0.7003219,-1.00165,-0.1100568,0.6305216,-1.692852,-3.486267,2.914269,-0.7765527,0.7606124,0.8507887,1.26957,1.999625,-2.201364,0.173839,2.169156,0.3685341,3.168705,1.132807,-0.6667921,-0.9328901,1.928202,0.1246803,-1.908537,1.036911,1.337843,-1.774117,-1.101556,-0.2308292,-0.009672228,1.473996
-1.909113,2.916649,0.9175185,0.4664713,2.616985,-0.1434696,1.609532,1.052105,0.05040517,0.234958,3.58028,-1.061907,1.477135,0.01040478,0.4074675,0.009709239,-1.201071,0.4508558,-2.029154,2.120992,1.464254,-0.5480666,-2.284341,0.5785986,-2.683813,0.2732084,-0.8049427,1.494823,2.417927,-2.03039,0.8669071,-1.485491,1.006912,-2.203168,0.8211305,1.986039,-2.026177,1.185633,0.4974646,2.691267,1.132447,1.96247,-0.03048626,1.554292,-1.437172,-0.0891994,-1.273349,-1.193918,-0.9705034,-0.4497388,-1.299029,-2.907435,0.7646537,-0.2899182,-2.91734,-0.1090188,1.274677,0.0407462,-1.42999,-0.5580739,-1.491751,-0.003716033,0.990051,-1.782301,-5.852909,-4.000008,-1.671912,-1.117904,-0.8268247,0.7528782,-1.298975,1.033457,0.2467135,-1.044359,-1.187852,1.655293,-1.087343,0.01734681,-1.315637,0.3474979,-0.4813479,0.3192269,-0.8385106,-0.9901723,2.566977,-0.6393222,2.978716,-0.8205858,-0.4159358,-1.393656,0.08316821,0.7381318,0.8604872,3.173078,-0.092046,2.341165,0.1968399,1.254964,0.7432187,-0.6227539
-3.247736,2.070829,1.911067,-1.329495,1.559367,1.669534,1.630152,1.912582,-0.5627618,0.1032563,1.537934,0.985671,-0.2735977,-1.059583,1.017111,0.7850882,-1.171318,-0.3850865,0.5170174,0.4387829,-1.315521,-1.713074,-1.328847,2.555171,-2.931543,0.9946134,-1.091668,-1.63295,-1.859302,-1.599973,-1.307446,-5.680318,1.592276,0.4277536,-0.2957539,-1.116199,2.032864,0.2049464,1.69074,1.992088,-0.1349235,-1.144789,-1.067683,4.542591,-0.7804378,0.07653316,1.200429,0.5622361,-0.4984337,1.018817,-0.02781823,-0.2365965,0.8443528,0.02432645,-0.9332417,0.99885,1.910636,-1.447081,1.492417,-2.058673,-0.4002567,-1.036217,-0.09070169,-0.1268712,-4.760699,2.244796,-0.1319795,0.7301633,-0.4841594,-0.08468917,1.320405,0.2242321,-0.4011356,-1.214054,0.8701782,-3.334752,2.521537,-1.073044,0.9839561,-0.05415517,0.1192362,-0.3320593,-1.481343,-0.3486979,6.121737,1.469193,1.480731,2.556138,-0.5025815,-1.069137,1.509872,-0.6619766,1.323873,-0.9559954,-1.528271,-0.03008448,0.09362152,-0.08240393,-0.08326327,0.04761641
-1.874103,0.5543489,0.2157039,-2.930849,0.9498973,-0.8264256,-0.4263558,-1.250259,0.01563414,0.09856991,2.539372,2.392308,-1.251958,-1.055642,-1.393863,-1.094125,-0.4482113,-0.9019992,-0.244011,-0.5948578,-1.344104,0.6168027,0.8689855,4.196282,-3.148777,-0.5635418,-1.465479,-0.2509284,1.579613,-0.3620471,-0.8316198,-2.148608,-0.02510942,-1.338673,-0.1399469,0.4935851,-2.070628,0.5158573,0.5484474,2.471309,1.64353,-0.08376682,-0.5769049,1.897658,-3.462994,-0.5965433,-1.06383,0.1995956,3.073267,0.5199279,-1.333107,-1.579727,-0.5759028,-0.6062999,0.4494648,-0.8418263,-0.1274226,1.64339,-0.1288083,-0.887989,1.766569,1.947707,-0.3434064,-3.077563,-4.80934,-3.036544,0.8629102,1.112039,2.516313,1.098619,-1.027688,2.596838,-1.776267,-0.7794095,-2.189368,1.013396,-1.182229,0.7229058,0.5299535,-0.3782349,-0.8167374,0.6587762,2.995681,0.2481291,2.854737,-2.08383,-0.09947869,-1.06198,0.3281703,0.2187462,0.3825268,-1.591433,0.048311,-0.5712912,0.67711,1.169183,0.8618291,-0.7986004,0.467876,-1.238475
0.2571759,-0.8452561,-0.07747287,-1.56737,1.378213,-0.1457259,2.623628,-0.9480573,1.392265,1.172944,3.028823,3.988334,0.1305275,-0.7392412,2.005738,0.6213603,1.270383,2.323893,1.04326,-0.1137152,0.04085616,-1.485243,1.275788,3.476136,-4.363353,0.411719,-2.315038,-3.244037,-1.908734,-1.653507,-0.1119041,0.6405542,0.441371,1.779787,-0.2501378,-0.2248922,1.003908,-1.121334,-0.8610063,0.8857549,-0.5310753,-1.719221,-1.198007,2.101883,-2.8847,2.545074,0.00933817,-0.2872481,0.2110918,2.453952,-1.173789,-0.3948337,-1.496469,-0.4693252,-0.4033462,0.9886755,-0.3449867,-0.5011377,1.723728,0.2026521,-0.7095765,-1.031418,-1.121073,-1.920878,0.01972305,3.672135,0.03037486,0.4053165,-2.40653,-1.365506,2.140883,0.5751447,-0.2720482,-0.3938947,3.100215,-2.472624,0.04639837,-0.8804616,1.335703,-1.378433,2.147442,-0.2644402,0.6566639,-1.711847,3.999979,1.699214,0.7680233,1.642791,1.879296,-1.469137,0.2927253,0.8226344,-0.4482293,-0.9838645,1.607756,0.7541327,-0.2866077,0.2668172,-0.709173,-1.238398
0.0854077,2.388558,0.4221744,-4.534362,2.418224,1.131957,1.983877,1.620927,2.608623,-1.006723,2.086402,1.080076,-0.8479439,0.84781,0.9577501,1.658575,-2.680012,-0.169988,0.3254052,0.1812469,1.9669,-0.2532704,-1.954199,2.346433,-6.095631,-1.575897,-0.04569894,-0.4182835,0.0921877,-0.6079512,-0.5381605,2.781464,-0.07347935,-1.012072,-2.585268,1.675004,0.3774002,1.735394,-1.65784,2.127602,2.148595,-1.727337,-1.388743,1.603074,-3.755306,-3.87692,0.2711304,-1.518628,-1.814477,1.645015,-0.3050106,-1.696521,0.2647215,0.9275879,0.7673974,-0.2511745,1.202298,-0.6159449,-2.198387,-0.1487753,2.407097,-0.06839244,-1.0238,-1.626949,-0.5150565,-2.864787,-0.3153643,-2.153342,0.4454841,-2.773873,1.700218,-0.02629024,2.086224,-1.223113,-1.591179,-0.6479622,-1.66779,-1.223981,-0.4588071,1.119198,0.981093,0.6897091,0.511653,-4.090968,3.70126,-0.4416337,-0.05568042,-0.9435239,0.9872133,0.2180174,0.9746153,1.481993,-3.129761,1.950379,-0.6977748,1.126439,1.528665,0.2002787,1.283057,0.316108
-2.764596,1.70385,1.770019,-4.985457,6.997076,1.933491,0.9746739,-0.3298179,-0.6018612,-0.8884986,2.759378,0.2097806,-0.1922464,1.800393,0.4976982,-3.475689,0.6501933,-0.8875671,-0.3988397,-1.452952,1.023106,0.7516006,-0.3719505,2.902524,-5.204907,0.5772305,0.4432443,0.9541929,-0.6664761,0.7799857,0.1468179,0.2472301,-1.404514,0.785474,1.377612,-2.935854,2.189142,-1.940236,1.519346,0.4571343,-1.146948,2.510053,-0.7276103,1.671396,-3.697022,-0.3338477,1.862457,2.243435,0.9018455,1.380026,-0.5828425,-1.142642,0.5613167,1.078612,0.1778401,0.1760387,-0.8445633,0.6291088,3.592118,2.148542,-1.872289,0.9564875,0.01814029,1.591853,-1.581101,1.200957,1.771544,0.2222122,0.05130313,0.4513283,-0.198361,-1.883033,-0.2380335,2.658946,0.1908991,-1.766003,2.268442,-0.293935,0.816554,0.2239057,-0.7718452,-0.2524658,0.1568012,-0.6330907,6.418625,-0.5484108,1.908246,0.8391305,1.175827,1.295954,3.010765,0.5407429,0.5464697,3.13288,-0.1638379,-0.4037015,-0.5034485,-0.9121328,-2.533461,-0.7707133
-0.4147944,0.5012478,1.397841,-5.209848,8.582189,-0.468834,0.8744826,-1.304687,0.2687587,-0.1335801,3.13854,3.088628,-1.315916,-1.571043,1.40335,2.919545,-1.751454,-1.645141,-1.001392,0.07112524,0.07529405,0.6740325,1.220578,-0.8099437,-3.320593,0.1636322,-0.4287601,0.5930339,1.984404,-0.3944744,0.1301745,3.068439,0.2379091,0.8985274,-0.8920233,0.8633291,-0.9368458,0.8862699,-0.1692968,2.545438,-1.372288,-0.08410174,-0.9911741,1.750328,-1.668504,0.8728276,-1.821585,1.325093,-1.662025,-0.9224662,-1.016001,-0.5486652,0.8956214,-1.046864,1.405013,-2.301913,1.592066,-0.006233133,0.6733015,1.825919,-0.6998474,2.43321,-0.9343018,1.10432,0.1818429,-2.194865,0.6838284,0.1102462,0.9894777,0.8438627,-0.5783354,0.04079783,1.279242,0.2157295,-2.364787,1.104888,-2.185269,0.6025034,-0.790109,2.186037,-0.8562795,2.093984,2.150496,1.821499,6.570281,0.0533937,1.22464,-0.7257113,2.567876,-0.5635222,0.4383041,1.862991,-0.08198448,-2.956378,1.715117,1.880067,-0.8628064,2.012477,1.0224,0.586213
0.4532399,0.3322738,-0.4767112,-3.693776,6.593039,-0.8506241,0.9014922,0.7048938,-0.502905,-1.028166,2.675679,2.210235,-1.184876,-0.9313065,0.4904771,1.19969,-2.047963,-0.1032164,0.7481449,1.101462,-0.492393,-1.433373,-0.4714876,-0.2864077,1.430546,-0.03593083,-1.697733,-2.063921,-0.3801859,-1.292379,1.269153,0.5553626,1.460544,-0.254248,0.9053937,-2.627661,0.5456969,0.321179,-0.006704252,0.5497196,0.4837694,-1.51733,0.6570164,0.4185068,-1.171444,-2.022685,-3.566524,-1.551183,-1.811369,-1.764325,0.1706413,0.5488148,-0.4014738,0.1559897,-3.09679,0.9571252,0.03477998,2.027118,-0.7762878,0.3521651,-0.3880538,1.211281,2.313512,3.300907,0.06994974,3.10855,2.163243,1.309956,-1.43136,1.061056,-1.732549,-0.02853337,-0.3984345,0.336093,1.073145,-0.4416139,1.978479,-1.025649,-0.6678234,-1.304996,-1.052326,-0.05820173,1.669094,-1.097901,3.293384,3.088049,1.478387,0.5648969,-0.4894632,-2.014833,-0.349762,1.287709,0.9379095,1.055754,-0.1965454,3.60892,-1.698801,-0.1532923,-2.462032,-0.1100393
0.06460545,-0.06427135,0.6800096,-2.028914,7.410966,-0.6572105,2.184825,0.1495989,-1.552342,-0.3052454,1.912547,1.471666,-0.2371033,0.5759274,0.8129376,0.9236798,0.4370519,0.05270282,0.5962564,-0.2640406,0.01108858,-0.4369858,-0.5932478,-1.412816,1.736,1.035493,1.727437,-0.7552352,-0.8800669,-1.067915,-1.166465,1.735847,0.5549799,-0.6637446,0.5246708,1.941114,-2.232364,-0.2594784,1.702136,1.536094,-0.3730656,-0.3906291,-1.095602,1.43481,-0.866828,3.012305,-2.081295,0.4877193,-0.150161,-1.62745,0.5653985,-0.141284,0.01413988,-0.9294054,0.2262853,-0.9713613,-1.080889,-0.7222378,1.594115,-1.827334,0.05272955,1.617903,-0.005163603,-0.7166938,-1.267222,-0.2493811,-0.4397455,0.4515274,1.345405,-0.3015712,-3.494394,2.312463,0.4970024,1.344954,-0.835889,0.2108029,-0.6522894,1.218532,0.8180056,-0.3282027,-0.3774258,0.8056279,1.204881,-0.3496017,2.460709,0.1260632,-0.2929947,-2.471069,0.5333342,-0.9328285,1.864207,-0.4955344,-0.8162085,-1.165528,-0.1906247,-2.738951,1.129177,-0.1081167,-0.7060067,-1.119794
1.643745,2.268536,0.387525,-4.006659,5.794803,-1.3099,1.653413,2.570607,-1.127207,0.3114415,0.8905005,-1.894451,-0.2394635,-0.8304678,-0.5669162,2.022547,0.5823705,-2.003342,-0.5542799,0.5529918,-0.9635816,0.1490399,0.2876834,-0.5666145,1.497902,-0.0308462,-1.395313,0.06871977,-1.091488,-0.7580805,-0.2614867,-0.03729928,-0.7031239,-0.5715124,-1.031275,-1.804934,1.08499,0.4608698,-0.3483819,1.500321,0.804682,0.5120868,-0.1660354,0.3818944,-1.364678,-2.846352,-1.0822,-2.05325,0.3355846,0.2814153,-1.005112,-0.936787,-0.6312941,-0.1429246,-0.5825467,-0.4648019,1.443237,-1.455666,-2.170166,-2.463816,-1.301772,-0.6729435,-0.3732787,0.8467878,1.642107,1.560501,-2.94964,-1.173863,0.06212916,-0.01339397,-1.158286,2.372496,1.417489,-0.06420064,-0.2313245,-0.03196993,1.046155,0.09925089,-0.3867328,-1.638047,2.497327,0.6585455,1.457908,-2.480002,3.665707,0.4469834,0.8833736,0.8417712,-1.678768,0.05971232,-0.8742626,2.549195,-0.09414234,-1.335686,-0.374251,4.963762,-2.986208,0.3500281,-0.4641247,1.176792
0.4023242,0.3679275,-1.230593,-0.156585,4.941055,1.522719,0.4779898,0.8979726,1.827126,1.284891,0.6322306,0.8655369,0.7849081,-0.03331582,-0.4414649,-1.195659,-0.9558016,3.049746,0.9467664,1.491189,-0.5025034,-1.946693,-0.9038446,-1.724277,1.587219,-0.8958881,-0.1706411,1.130507,-0.7145993,0.1214681,2.981643,0.201726,-1.42441,-0.3252206,-0.2112111,1.43513,-1.693995,1.654157,0.8717985,0.9818583,-1.206757,0.8792548,2.456992,-0.2000558,-2.218831,2.383531,-0.5384938,-0.1728297,1.168972,0.1396508,-0.4060532,-1.6755,1.333145,-0.05358078,1.372538,0.7597388,0.7304906,-0.07552458,3.740285,-1.480463,0.9122586,-0.7520358,0.3920056,-1.909651,0.08546107,-0.1042515,-0.4336812,-1.700276,0.6664401,-1.229717,1.80095,-0.4553772,-0.7258189,0.8421826,0.7931806,1.74586,0.053252,-0.2865742,-0.9764296,-1.113002,-0.3600706,-0.9175637,2.175471,-2.302739,2.713765,-2.294177,-1.918503,-0.0818601,-0.4812808,0.2700931,0.7008837,1.569704,-1.025333,-0.1228106,-0.1975754,-2.867164,2.568616,-0.8667684,2.248882,-0.9254338
-2.26945,0.7534385,1.065232,-0.9661475,3.502396,-0.5726508,0.1408241,-1.528878,-0.2382649,0.1120807,0.9343019,0.009973034,-0.4918935,-1.636712,1.199211,2.185816,0.03342491,-0.1151005,-0.3500028,-1.361817,1.479827,-1.016713,-0.472041,0.6587458,2.976635,-2.644284,2.424017,-1.092606,-0.6719321,0.003255574,1.063758,-3.144367,-0.1659052,-0.8220761,3.230989,-0.1528631,1.451128,-0.2542628,-1.094274,-0.3110865,1.460719,-1.261353,0.2043808,-0.7873272,-0.827744,0.6962551,-0.948927,-0.5586067,1.191526,0.09130758,0.9586664,1.517665,1.603614,0.9975122,-2.352255,-3.405055,-0.8226458,-0.9856099,-2.200349,0.384795,-0.3872037,-1.523696,-1.597772,-1.394124,0.6095566,0.7729164,2.337424,1.675645,-0.8985427,-1.28859,1.49951,-0.5795777,-0.7377559,0.2467234,0.6758245,-0.2297876,-0.6235197,1.146215,0.8120648,-0.1354557,1.679039,-2.428833,1.648364,-2.777974,3.295627,0.2450104,0.4899429,1.436381,1.876161,1.720315,2.066189,1.673583,-0.5130794,-0.07615346,-0.7501374,3.163982,-1.492864,1.236308,-0.709547,1.20202
-0.03361651,0.3656203,0.2549937,-1.172208,1.112752,0.3903203,0.8693524,1.774155,1.398018,-0.7438965,-1.733165,1.095474,-0.7672067,0.1311203,-0.0003943741,1.126538,-0.6267756,1.742814,0.1838592,0.2733021,1.250412,1.581598,-0.2450574,-1.741034,1.462405,-0.8854541,1.844541,3.203708,2.216687,-2.674824,0.8000482,-3.189294,-0.8069803,0.8810443,-2.778162,0.3989913,-1.885099,0.05071465,-0.46931,1.331624,-0.04111218,-0.5400522,0.9387185,-2.713851,-0.1858996,-0.6697236,1.027081,-0.8145354,0.9041364,1.262712,0.5284714,1.200291,-0.7805895,0.6751627,1.572917,1.11207,1.153137,-1.404245,-1.090063,-1.610972,2.735052,-0.3228821,-1.027294,-1.226784,1.027911,-1.273915,-0.8329117,-1.242622,-1.790742,-1.388399,0.6608238,0.1099871,1.662614,-1.21275,-0.7534034,-2.414277,0.184045,0.4616522,0.9161656,0.05578253,0.0009734612,2.614487,-0.3131695,-0.6282341,3.325747,-0.2025356,0.3847643,-0.7060302,-1.91,0.4739761,2.75529,0.3326631,2.495536,-0.1832734,2.452139,-1.749493,-0.2843697,-0.6447818,1.180443,-1.981879
-1.020798,1.755044,0.600134,0.2488963,1.7887,1.499973,-1.078662,-2.392229,-1.891969,-1.098916,-0.8058466,0.6473033,0.7405372,-1.266446,-1.542564,-1.247046,-1.636645,0.7041707,-0.4376557,-0.6743807,-2.624885,0.1082748,0.8318731,2.278362,2.641734,0.2270676,-0.4677317,-0.4131587,-1.651373,-0.2851438,1.058905,-1.126789,0.7721966,-0.2262628,1.713509,-1.075803,1.683113,-3.57239,0.8184941,-1.485301,1.426565,0.046139,-0.3713083,-1.624085,0.796321,1.535435,0.9525172,1.41086,0.4077628,0.01820567,0.1876735,0.05480695,1.149466,-1.459405,1.097917,-2.169868,-2.930838,-0.5572926,-0.3477207,0.2924762,-1.108928,0.8185887,2.009767,-0.04000436,0.1568637,-0.3586926,1.238687,0.777491,0.872519,0.1773197,1.268991,0.8127713,-0.8302426,1.711431,0.7984331,-0.1013146,0.03448054,0.2466634,-1.762567,-0.0429194,-0.4569926,0.03069385,0.1289406,-0.1866938,3.126472,1.120046,3.644384,0.2685035,-0.4067883,-1.094245,-0.9760559,0.4496154,-0.3004528,-0.1388693,1.283156,0.9286611,-3.658553,1.396753,0.4399802,-0.06905179
-1.874756,1.330709,1.240643,-2.823756,-0.2289294,-0.4878376,1.599854,-2.967133,0.6156982,1.385112,-0.6197892,0.91227,0.5783721,-0.6523325,0.6983061,2.093284,1.594957,-0.3107398,-0.1947638,-1.306855,1.156038,2.090778,0.4196774,-0.5957783,1.431882,-0.8098723,-0.8777843,2.126073,1.957613,0.3513673,0.3734327,1.026951,0.5280885,0.3802112,-0.3768596,3.479174,-2.57665,3.008803,0.4633823,0.05117583,-1.271922,1.143217,-1.297489,-2.147088,0.6581324,0.2800635,-0.8651432,-0.3336534,-0.547659,-1.154115,1.080248,-0.06189811,0.06113492,1.293103,0.6938434,-0.6461424,1.475719,-1.09977,-1.032116,0.8209215,0.3213587,0.06243681,-0.7547168,-2.185784,1.363576,-0.7809283,1.099453,1.129925,-1.023872,-1.022078,-0.4820271,1.773931,-0.7345392,-0.9815545,0.1494595,0.09514042,0.2324995,0.1264172,-1.344894,-1.888371,0.8014327,0.296947,-0.3425245,0.4997919,4.657053,-0.976691,1.998809,-0.403469,-1.107658,-0.4913667,-0.8611764,0.8981763,-1.023296,0.4313919,0.803726,0.5837818,1.37501,-1.310037,-0.5007458,2.313204
-0.06820139,-0.1476809,2.431348,-1.011019,0.4391947,-0.0766591,0.7936857,1.461256,-1.556907,0.3292736,2.509269,0.9837354,-1.289917,-2.125656,-1.554648,-2.684054,-1.848949,0.09535815,-0.04286489,0.3325245,-0.5677982,-1.497403,1.904891,0.4572362,1.997293,2.176127,-0.6331908,-1.103353,0.5540816,-0.2766114,0.02757148,-0.09889832,-0.6665669,1.012163,2.047223,-2.258243,-0.3061258,-0.2749345,0.4251407,-2.154334,-0.39281,-1.913442,-0.893872,-3.240213,1.944834,-0.1568471,0.9257404,0.02800223,0.8287759,-0.435168,2.608254,1.158648,1.025579,-0.8912925,-0.2404801,1.621845,-1.204541,-0.6058156,-1.232355,0.7486389,-1.867397,1.917925,-0.4265768,-1.057647,1.18944,-1.122245,-1.622727,1.052011,0.1797609,-1.316051,-0.460924,0.753867,0.08842496,1.518318,-0.4126951,0.8723139,1.748901,0.2226348,0.1600121,-2.091018,-0.4756222,0.5434925,-0.03330037,-0.4515563,3.222965,0.1699757,0.4695069,3.768025,2.562387,-2.392112,1.055563,0.04899016,-0.3798215,2.455098,-1.591043,1.180007,0.5670862,1.225605,0.04821761,1.967472
0.7086551,-0.02240586,-0.4858736,-2.063274,-0.152335,-3.180058,1.743514,-0.936618,0.5475916,0.6512932,0.3267898,3.505037,0.8987429,0.744879,1.731874,1.905206,0.4111303,-0.2280878,0.2045898,-1.485502,0.164489,0.2356262,0.7078859,-2.616899,0.5951576,-1.370006,0.6909305,-3.441282,-0.1993007,-0.1241437,-0.1347319,1.496979,0.8292771,-1.508939,-1.16495,3.682068,-2.233692,-0.1424393,-0.4073129,-0.4175836,-0.2654012,0.860779,0.8848986,-2.229088,4.23701,-1.314507,3.416096,-0.2803499,-0.4313313,1.303771,1.720351,-1.448081,0.5605892,0.8374286,1.190685,-3.26514,0.8129359,-0.8790532,0.373319,0.4014194,0.5404797,-1.392296,1.0444,-0.715771,1.536165,3.845152,0.84178,1.914523,1.410154,1.963969,0.4944997,-0.4509261,0.5160015,-1.722109,-1.436755,-3.013657,0.4468538,0.537675,-1.120122,-0.6192952,-1.623513,0.9631779,-0.2758215,-0.5489243,3.773762,0.9328629,-0.3928618,0.1260891,-1.104695,-0.05367745,1.740332,-0.4256266,1.063039,-1.246922,-1.073866,-0.6936678,-1.368046,-0.1108718,-0.03373845,1.176333
0.6393027,1.528749,0.2482393,-1.010117,0.5767694,5.107925,0.2953188,4.238367,-0.3665372,-0.3547161,1.00373,0.6534973,-0.8572303,-0.1724708,-0.6829031,-3.050295,-1.624355,0.3673816,1.098964,-2.646697,1.11119,-1.515801,0.6457124,-1.236087,-0.09503096,0.6691942,1.31794,0.5529323,-1.659981,-0.04972518,-0.07388692,0.4212435,-1.265281,2.216617,-0.573152,-3.951741,2.843622,1.389289,0.9674841,-2.344662,-0.3314683,2.792795,1.280947,-2.828367,4.148823,-0.4398418,2.784699,1.185011,-0.1829925,-0.9120425,1.731144,2.144929,-0.6294482,-2.356968,0.186484,2.780442,-2.847981,0.2475245,0.5978281,1.571278,-0.01137918,-0.9127769,1.286198,-2.761163,0.007170789,-3.183234,-0.111946,-1.215506,1.279396,-0.1505679,0.06670702,0.7866254,-0.1793579,0.2243183,0.02165701,1.677183,-1.350334,1.024256,1.575895,-0.9123144,1.681171,-0.1449353,0.4642326,0.003969669,2.351031,-1.099138,1.05347,-1.243091,0.2763909,0.9698721,0.7783781,1.236223,1.652465,-1.440841,2.39412,1.208795,1.809279,0.5454218,-1.721919,0.3472258
-0.7641794,-0.689063,0.7807078,-1.394539,0.5037448,-3.911243,1.07114,-4.141707,-0.8863932,2.423058,1.445044,0.5072432,0.03755718,-0.4016592,3.501003,-0.3219634,0.3133472,0.09612469,-0.6006477,-2.634653,0.9935915,2.41655,-1.360946,-2.883362,0.289919,-2.838784,0.4564055,1.638091,-0.7723437,0.2109734,1.582927,0.4230854,0.0581525,-0.9177044,-0.6336166,1.491733,-3.284606,-0.7191961,0.6598792,-0.8885994,0.4582295,0.6373926,-0.07579519,-0.9604213,2.770937,1.373843,2.456038,-1.162088,-0.4567177,0.3101346,0.5156682,-0.1534461,-1.436034,1.481708,1.074173,-2.73352,1.460789,-0.5745261,-0.8415155,-1.481146,1.10338,0.7792521,2.250467,-0.9531223,3.00525,2.516257,-2.261075,0.2814075,-0.7659914,-0.42884,0.4054562,0.8817812,-0.1098204,0.02086451,0.3202393,-2.540295,-0.2225818,0.4834409,-0.9525715,-0.5945461,-1.352898,0.3022873,1.635615,-1.872918,1.475224,1.630516,1.531318,1.001215,1.200937,-0.6920123,-0.1644337,0.494152,0.6217787,2.038704,-2.358959,1.306573,-2.555574,-0.3099056,1.083299,1.394628
4.481429,1.776779,-0.306234,-2.111202,-0.3247004,0.5569116,4.641476,3.002646,0.3714882,-1.768218,-0.4894015,0.4024094,0.4923884,0.1507339,0.7932041,0.7561551,-2.501044,2.043368,-1.03884,-0.9424596,-1.197867,-1.445506,-0.927575,0.7295347,0.5484333,2.431277,-1.017277,1.586605,-0.7266693,1.418575,1.098379,-1.558556,0.01776018,-2.048403,3.268444,-3.538346,2.817052,1.216139,-0.4066685,-2.121185,1.937581,-0.4273877,-0.625525,-2.550408,1.792904,-2.327031,3.403153,1.842739,-0.5279166,1.215222,1.201737,0.2816955,-0.5009645,0.1514833,-2.103834,3.372574,-0.5713611,-0.6590267,-0.6859146,-0.3863171,0.1459792,-0.3075835,-0.2676212,-2.322326,1.96904,-0.1671199,-2.317555,-2.262431,1.090996,-1.404631,1.47466,3.057981,1.488097,0.3051811,-0.3184071,1.503416,-1.454577,0.6723053,-0.2409894,1.389286,-0.8196851,1.628497,-0.3372898,0.1026582,1.007424,2.32446,0.3295845,-0.8291351,-1.183685,-1.448586,0.3380241,0.9719256,0.1010687,-2.490697,2.326163,-1.189407,1.759765,-0.9670581,-0.6006961,-2.503881
-1.213879,2.327643,-0.5296144,-1.399035,0.2623144,0.3453738,1.644394,1.575875,-1.912293,-2.993148,1.452734,-1.806832,0.1853968,1.801197,-1.066018,-1.983961,1.086626,-0.8471662,-1.895289,-0.3008071,2.10137,1.316504,0.4646432,-0.3468527,-0.7690651,-0.8568184,-0.5784646,-0.1618361,0.9312818,0.5359449,-0.4825257,-0.9303386,0.4545022,-0.0725392,-0.1726308,2.57331,-5.531177,-0.3368887,-1.314508,1.231692,-1.548816,1.642132,0.05276862,2.460452,2.260231,1.391534,2.291564,3.171036,-0.8087284,-0.8257313,0.4698194,-2.113662,-0.5099609,-0.4261118,3.032111,-1.681671,0.8569462,1.604707,0.4039531,-1.714315,0.9013447,-1.888893,0.4203196,-2.904102,2.090917,0.5872512,2.054315,-0.5049986,-1.1828,0.8703632,1.075494,0.3576556,0.1551941,-0.411566,-0.2112193,1.105318,-0.6576701,-1.348726,0.4280302,1.178214,0.4008939,-3.105327,0.2663107,-1.345149,-0.5323343,-2.503867,0.6496282,0.3379935,0.08575477,-2.858566,0.7412223,0.6053702,-2.55733,-0.08115971,-2.598649,1.599978,-2.712749,-0.04546647,-0.3288338,0.7958646
-0.98728,-0.8494949,-0.5424011,-0.1165299,-0.05868459,0.1467963,1.829589,0.6703343,-0.1522174,-1.250695,1.850779,0.1921194,0.8972507,-0.5215666,-1.665805,1.264428,-0.7879303,0.9520571,0.3576615,-0.01478672,-0.7010123,0.1668085,1.490183,-1.292776,0.4168691,1.061301,0.03623095,-2.215059,-2.048796,1.839888,0.3000036,-2.135028,-0.6678993,-0.3398998,1.834956,-0.599078,2.446066,-0.1438188,0.4852982,-0.975775,1.883186,0.564959,-0.05302863,1.537186,-0.1533015,-0.7187676,-1.419305,-1.315329,-0.6098526,-2.217647,-0.1581136,1.725211,-0.3744332,-1.376521,-1.549084,3.018201,-2.696605,-1.119347,-1.43051,0.1694129,-0.001189604,2.104428,0.2081943,-1.820832,3.689107,-3.016845,0.5862788,0.6562704,-0.5441914,0.6370791,1.372865,-2.018389,-0.6034388,0.3475773,0.9923238,-0.9041625,-0.8646506,0.3477308,1.160117,-0.1254056,1.010294,3.343654,-1.837598,-0.2686787,-1.323324,0.3971591,-0.3974124,-0.02711819,-2.992348,2.103703,1.897333,0.3356755,0.6820577,2.149501,-0.1460208,0.3581011,0.8758162,-1.207098,0.7090494,-0.9232311
1.044887,1.873939,-0.3419802,0.1792843,-0.102337,-0.7320586,0.5976812,0.6552821,-1.059183,0.3938085,1.559447,0.4674025,-0.2438566,-0.08247013,2.255031,0.1744952,-0.03467715,-0.8665835,3.039328,-1.93638,1.677436,-1.355714,1.322686,-2.226911,-0.4118407,-0.8004062,1.43456,1.033896,-0.4699067,-0.3826279,-0.4129836,1.216247,0.4679989,0.2952649,-2.100754,3.201858,-2.467948,0.3420411,0.8630287,1.140487,-1.308371,-0.2616121,-1.037704,1.782136,-2.9873,0.6344287,-1.343517,-1.236717,-2.331569,0.4971085,-0.4025307,1.001963,-2.106223,1.372677,-1.666648,-0.1507947,2.321656,2.224064,-1.103355,-0.4086236,0.481994,0.06486621,-1.123678,-2.245717,3.424227,1.422214,1.022273,1.595252,-1.256533,-2.230632,-0.1589595,-0.6110483,0.1643268,0.7488707,-0.09155426,1.448467,0.8213186,0.5892282,0.7799767,0.2030153,1.01411,-2.034775,-1.320876,-0.1050246,-2.075939,0.1705541,1.310017,0.261316,0.4735114,2.109038,1.016506,0.55086,2.400709,0.5125993,0.3646422,0.6981843,0.8201434,-0.8628922,0.2855724,0.4160553
1.019624,0.5368083,-0.8297076,-0.4204869,-0.1768075,0.7540267,-0.6239706,-0.9160776,-0.3095293,-0.3336974,-0.2692716,-0.3833669,1.196135,1.075125,0.4525123,0.3983313,-2.417842,2.191159,-1.171517,-1.1793,0.1478116,0.7194177,-1.170847,1.500566,0.1069322,0.8873082,-2.278319,-0.461077,-2.084948,-0.2473014,0.0582801,-0.933398,0.05129252,1.089114,2.327813,-3.696547,0.3793969,1.505769,-0.4102176,0.2041399,-0.9674565,-0.1630043,-3.059767,3.185607,-3.810231,-3.797076,-1.954029,1.903108,-2.079471,-0.8585917,0.02655044,0.182323,-2.770905,-1.173498,1.509801,2.013814,0.09684153,-1.027066,-1.077545,1.651771,0.8181167,1.284833,0.2116131,0.9371676,1.834652,-1.177704,-1.5665,0.8588577,-0.7957078,-0.7252184,1.367159,-1.261212,-0.145981,-0.1172021,-0.4612365,-0.5927402,-0.429401,0.2797054,0.1677428,-0.009869516,-1.317922,2.004725,0.9216732,0.4775338,-1.195967,0.6061746,0.7814939,0.9534898,0.7598971,-1.104479,0.4718831,-3.070986,0.6282399,-0.7207046,0.5544256,-1.441407,-0.2995566,2.652411,0.2615674,1.866186
0.8704507,-0.7308287,-1.136674,0.937133,0.4788675,-1.833291,-1.732783,-0.7616361,-2.5297,-0.8429474,0.9244892,-2.381862,0.02093842,1.224764,1.742129,0.01257816,-1.675167,0.07451713,0.4663005,-1.927232,0.2508219,-1.039679,-0.5806096,-0.8113165,-0.3184362,0.4706079,-1.01527,-1.277536,-1.344672,0.7026919,-2.518773,-0.6003689,1.471587,0.7147854,-0.3422182,0.8740236,0.8567817,-1.952667,-0.4148396,0.4469709,-1.422468,-0.238336,-1.438252,1.34452,-5.398508,-0.475592,-3.880143,0.588273,0.2445153,-0.01737246,-2.321953,-3.919522,1.768108,0.2405038,-1.72852,-1.542366,2.784897,-0.1283528,1.817673,1.594574,-0.4693582,-1.76948,-0.6890709,1.139235,2.118224,1.274552,0.4049863,-1.557045,-1.277151,-0.009156168,-0.6101903,1.830189,-0.1897038,-1.071438,1.560301,1.285732,-0.7387035,-1.33238,0.5709644,0.9200471,-0.7509719,-0.3792912,-1.446417,0.3784953,-0.9183864,0.365572,0.06707308,1.092993,-1.811392,-0.2355753,-0.5616628,1.776039,0.8109897,-3.710303,-1.671461,0.2583842,-2.897635,0.8379977,0.8374662,1.921782
0.7050278,-1.67828,-1.140566,-0.6585848,0.0230639,0.03428737,-0.3928724,0.2503102,-1.700323,-1.460798,-1.287394,-2.684237,0.942016,-1.644644,0.4187915,0.02461222,1.328239,-1.587087,-0.8692586,-2.880649,-1.806342,-0.4852433,0.4221465,0.4200588,0.7141879,0.2952861,-1.930662,0.6929718,-1.497807,-1.668227,-1.411972,-0.7686453,1.224459,-0.2368752,-0.8407542,-1.305327,2.221307,1.231207,-1.141574,-2.569628,0.9760602,0.3808233,0.5358161,2.206981,-5.229536,2.453948,-3.001367,0.2325393,1.108612,0.5941575,-1.068816,-1.767267,1.396013,-1.012109,0.7850595,0.2340631,2.250663,0.5430255,0.3812616,-0.3938272,1.904671,1.240593,-0.09375613,-0.4674571,0.04644119,-1.212501,1.447436,-0.2427612,-0.369855,0.6819897,-0.6342588,-1.73542,-2.734038,-2.070771,0.3956109,-0.04613974,0.5708176,-0.3527652,-0.7938442,1.305096,-1.81087,-1.03313,-1.194577,-0.165359,-2.801518,-1.77109,-0.6360451,-1.20384,-0.9531564,1.361124,-0.008052051,0.3649945,-0.6677882,-0.1335514,2.643272,-2.213667,1.613951,-1.353568,-0.5847647,-0.236031
-0.570357,0.2347305,-1.319617,-0.4713381,-0.3451725,1.586159,-0.1354587,1.568938,1.75653,0.6141807,1.347596,-3.016554,-0.9757735,0.8832535,-2.748263,-1.440074,0.9397421,0.5722297,0.9030047,0.9779565,3.057909,-0.6592435,0.7781265,-0.1428485,-2.532133,-0.5655917,-2.923046,-1.02613,0.7006125,-0.04136528,-2.661633,-0.4150446,-0.734399,-1.739089,-2.107735,1.018143,-0.8747672,0.3877488,-0.3570649,-0.1504461,-1.441816,-0.8945802,-0.8658686,0.9313464,-4.250316,0.5863279,-1.83659,-0.8352351,1.275235,0.0991914,-0.240422,-0.8936723,0.5069067,1.451154,-2.231371,-1.769571,-1.923885,-0.2131239,-2.13161,0.5289472,0.1125124,1.013664,-0.07155763,0.4228109,-0.2524534,0.2814053,-0.3267879,1.841046,0.2469355,0.4342464,0.9835266,-0.7891012,-0.07536705,2.113119,0.09709667,0.3521311,0.2659521,1.277471,0.7963953,1.828239,0.01703635,1.345451,-1.524125,-1.735372,-1.578757,0.1884599,-1.881389,1.764132,-0.3816398,-1.660822,-2.197753,0.06213821,0.6519062,-0.4092463,1.577173,-0.4772346,0.2078409,0.7873271,0.1207313,2.569156
-0.9301963,-1.087891,-1.354041,2.594967,1.090153,-0.6307142,-1.235074,0.105106,-1.648183,0.9419931,0.5222324,0.4368223,0.05376878,1.022877,-0.02440406,1.478467,-0.1084734,-0.5000807,-0.7024391,0.8925858,-1.317234,-2.090882,1.237689,0.6088625,-1.659412,-1.227109,-3.184732,-2.438735,0.5901164,0.7512897,-1.497972,1.066679,-0.9073755,0.3964861,-0.06993124,-3.494225,3.373537,0.2508008,-0.9502824,-1.253715,-0.5747114,-0.9061753,0.9388159,-0.2960651,-1.283285,-0.6680946,-0.6010382,-0.0766881,-0.3141077,1.041018,0.4025627,-1.371249,0.3760799,-0.8266434,1.769823,1.618241,2.846496,2.220886,-0.2440444,-1.505633,0.5657976,-0.9615998,1.28253,0.2673294,2.107467,-2.077862,-1.211668,-0.04245107,-0.5441356,1.734826,-1.805594,-0.1950854,-1.30392,-0.7620257,1.66251,1.694275,0.1587233,-2.403153,-0.1607181,1.340241,-1.968934,-0.6895916,1.109613,-1.104865,1.448823,-0.7737351,-3.399298,-0.5797658,0.2737599,0.08992982,-0.8356785,2.472648,0.03839261,-0.8843079,-2.533329,-0.9406127,0.7862858,-0.05015139,-0.6391254,2.182229
0.8019217,-2.684498,-0.2234986,1.901355,-0.821506,0.5064796,1.218049,0.4162026,-0.4358618,-0.05677965,-0.3238328,-1.207581,0.04954525,0.3540299,1.066641,1.45104,0.4869426,-0.8082593,1.409963,2.125224,0.9254479,-0.2735053,-0.1164584,-2.856939,-1.114403,-0.6143426,0.8353928,0.9601012,3.959459,-0.04960078,0.9111261,1.657115,1.573977,1.060925,-1.109622,1.07147,-1.425233,-0.640511,-2.492635,1.512245,2.354733,0.7721192,2.067724,-1.604342,-1.672343,-0.2101568,-0.8580298,0.7368043,2.320466,0.1146211,0.29354,-0.9894814,0.2079801,-2.019703,-1.91849,-2.278081,-4.349419,-2.334587,-0.02118126,0.2679,-1.260351,0.4036994,-1.812495,-1.067486,0.07078605,-0.9434927,-0.6837941,0.1325261,2.001929,-1.513687,-2.074693,1.383151,-1.081449,-2.095464,0.7085257,1.954061,0.2739419,0.7286847,-0.086304,0.3966943,0.05954766,-1.970722,-1.761886,-1.6178,1.050047,0.05263362,-2.446585,-1.769648,1.611241,-0.8386962,-0.03209716,1.708603,-1.074164,1.410915,-0.7032402,0.4974033,0.01038055,-1.064678,0.8378448,0.4937904
