-0.7285709,-0.1746715,-0.7799532,-1.150386,-2.026329,-1.773574,0.4416355,1.411019,0.8348882,-0.02672205,0.6980802,0.01329308,1.368513,-0.4689833,-1.434597,-0.8762202,-1.346016,-0.8099183,-1.727,-0.9347668,-0.3209656,-0.0005335435,-1.041467,0.4438047,0.4135531,0.006505914,-1.231478,-1.191494,-0.3597098,-0.2613488,-0.697775,0.03862872,0.9046008,1.974454,2.797491,1.308495,2.151132,-0.497046,0.1247447,-0.4424064,1.629277,0.4405858,-0.8334199,-0.5980871,0.9985833,0.4443893,1.199334,-0.3276939,0.09037202,0.07324595,-0.4940559,0.537375,0.9645017,0.3611154,1.053492,1.83112,1.938133,0.01581924,-0.06323377,-1.139178,-1.203083,0.3130202,-0.2642974,-1.131053,-1.087672,1.333988,1.131031,0.5969823,-0.1502754,1.009312,1.783625,1.979215,0.8586469,0.4950031,0.2698724,-0.2738043,-1.528214,-1.106321,0.1239985,-0.3026033,0.5119708,1.044268,1.952444,1.132278,1.600913,0.06098747,-2.205133,-1.118975,-0.6934041,0.1008022,-1.481224,-1.260164,-1.193446,-0.8030322,-0.7427825,-0.1009211,0.4705619,-1.717641,-1.286274,0.130825
-2.505467,1.190555,-2.011105,2.252735,-1.036834,1.363057,-0.09943283,-1.065856,1.165817,-4.242096,2.439509,-4.427928,1.960582,-2.162073,2.004986,-0.7895794,0.5221957,-0.5830199,1.789311,-0.9292001,2.178162,-1.625442,2.614139,-2.759944,1.893659,-1.89143,2.009351,-1.486262,3.686431,-5.418336,5.200911,-1.69578,3.980933,-1.233866,0.9617066,-2.749014,1.644384,-2.046134,6.285388,-5.479255,4.911097,-6.723008,6.103137,-6.223953,5.11337,-6.589423,6.043022,-5.774539,4.326255,-3.100021,3.816892,-2.406959,3.71227,-3.21278,3.604151,-3.074207,3.547348,-2.661722,1.845616,-1.155308,0.3495385,-0.6824895,0.4405887,-0.1756439,0.5906867,-1.840407,1.743575,-3.631228,1.720128,-1.876527,0.5197972,-1.262231,1.295523,-3.416198,2.039274,-3.144394,4.761734,-5.184997,3.58075,-4.533079,4.681491,-1.912562,2.402415,-1.792419,3.918957,-4.101897,3.188116,0.3655152,2.577128,0.1718517,-0.5091143,0.6561195,-0.2583955,-0.4113126,0.01036597,0.6784968,-1.803105,0.97177,-2.015449,0.8806262
2.219814,0.1080559,1.763009,1.77395,-0.3769636,0.004052393,-0.02772094,-1.991757,-1.384517,1.000758,-0.04584431,-0.3384614,0.08496492,-1.701804,-2.59311,-0.7863983,-2.975386,-2.90703,-1.341175,-1.321447,0.8395025,-0.06131632,0.5166315,-0.4585415,1.78713,0.2639121,-0.590673,1.141489,-0.6272572,0.3649302,-0.1598241,-0.0250726,1.126286,0.2901407,1.565927,0.8023849,1.391933,1.450278,-0.9885737,-0.2179502,-0.01380529,0.3786344,-1.117697,0.2400853,-0.7858274,-1.15322,-0.6284627,0.08829587,-1.61724,-0.9893498,1.162768,2.881247,-0.125083,1.580029,0.5118611,0.9535804,0.919624,-0.5207583,0.9383085,-0.09806711,-0.04102952,-0.6042501,-1.357671,-2.499187,-2.044211,0.05983865,-0.8337649,-1.143955,0.4287469,1.643929,1.400784,-1.297773,1.383841,-1.330827,1.960123,3.665955,1.482812,-2.466282,-0.5240145,-0.02398915,1.138989,1.815475,-0.2858427,-0.8013158,-1.568492,0.5838518,-0.1579688,-0.09156866,1.167986,0.9158325,-1.349493,-0.4073754,0.8907074,0.3390067,0.3553016,-0.1510446,-0.9441609,0.8864784,-1.276937,0.9022456
0.1315002,0.8251792,1.245249,-0.006700965,1.676333,0.5949305,2.753235,-4.252247,3.227,-2.893244,0.7418795,1.040816,-0.54145,0.007917611,-3.40567,2.110191,-0.4435347,-2.988473,-2.313107,-0.1464758,-0.9129894,0.5131255,-3.271654,4.33446,-2.346119,1.781825,2.119093,-1.213279,2.09884,0.1022003,1.62503,0.1851437,-1.259967,-0.1914752,-0.6198077,0.7779631,1.590618,1.699201,-2.636556,0.2595659,-0.4327241,0.1260163,-0.9937604,2.591414,-2.550438,-0.2804387,1.641675,-0.3937284,-4.987635,2.057962,-1.617348,1.149274,-1.585106,1.474632,-0.1208945,0.7852849,-2.225916,1.977291,-1.892641,2.65629,-2.324876,0.7961175,-0.6557546,0.3981512,-2.315909,0.772575,-1.01058,-0.6805618,2.382361,-1.779532,2.005036,0.6482356,0.109778,-0.3332288,0.8361905,1.607518,0.4704186,4.310899,-2.383299,2.570791,-3.696861,2.796393,-1.582501,2.256822,-1.72392,0.7457074,-2.224205,1.375611,-0.7521047,0.7636216,-1.052701,-0.1715348,-0.5868208,-1.1014,1.55762,0.3611559,1.493538,-2.110686,1.354226,-2.504048
0.3497148,2.005872,2.031571,2.530544,3.213577,1.862842,-1.774548,-1.135738,-0.6215472,-2.713543,2.356726,0.1958198,1.574538,-0.2530639,1.51956,0.9587148,-0.7162857,-2.108892,-1.109245,-1.857036,-2.617969,-2.267959,1.022122,-0.5235148,1.09185,0.6624866,0.09083287,0.2922351,2.233178,-0.4508067,1.670734,-1.769219,-0.3612022,-1.647246,-0.6378479,0.4972189,0.7990578,0.2480075,0.806668,-1.293733,2.333118,-0.4278268,2.601839,-2.285937,1.098045,-0.969347,1.72839,-3.957282,0.8732889,-2.645796,-2.220493,-1.934083,0.311413,-2.265868,1.009241,-0.2976247,1.882757,0.4011835,-0.3001952,0.2044749,0.7771832,0.9697145,1.847001,-0.9625003,-1.643415,-2.882694,-1.467604,-2.287975,-0.3707705,-0.7154074,-1.090253,-0.5392258,-0.6211812,0.7270556,1.037133,-0.429581,3.335008,1.196149,2.57831,-0.2836673,2.29393,0.6787106,1.918885,0.708311,2.015145,-1.618738,1.569496,1.227192,1.783942,-2.442199,-0.2442401,-1.18627,-2.4016,0.6005433,0.2477473,0.4104804,-0.8208253,-0.5256476,-1.618414,-1.063493
-2.871082,-0.7193126,2.545797,-1.191699,2.740164,-1.235471,-0.5142094,-0.6980413,-1.510638,0.6577418,-2.537577,0.8328596,0.02086649,-0.2727929,0.8795304,1.060025,-1.801808,1.139584,-1.629338,0.7011649,-0.7583763,0.5183403,0.8759665,-0.7111333,0.01778845,-0.5710124,3.334287,-3.239497,0.6525286,0.8400542,0.6682809,1.578242,0.4663752,-0.03313208,-0.158708,1.589975,-0.2423399,-0.5825382,0.4264401,-0.59373,-0.55575,-1.070894,0.1068373,-2.2672,-0.7010718,0.5479687,-1.929689,0.1066849,-0.5178986,1.541411,-0.12839,1.127488,0.1785116,-0.4249961,-0.9256621,1.772047,-1.034982,0.3556358,1.724952,0.09452653,-2.033305,2.631953,-3.405056,1.304189,-0.5988148,0.8239495,-0.5765237,2.525661,-3.184479,2.821866,-0.6438878,-0.7542378,0.1528639,1.040517,-2.296341,1.615017,-0.4693036,0.14476,-0.9200869,-0.4300037,2.574024,-1.891648,1.551744,-1.577612,3.372306,-1.420971,-0.06146871,1.558431,-1.904031,2.965125,-1.948775,0.4289373,-0.009790324,-1.312475,3.919025,-1.777397,-1.391625,2.912151,-0.6856146,-0.7221785
-0.6156726,-1.996764,-0.139672,0.8094516,2.161549,1.076528,-3.496224,-0.6809925,-0.9728152,2.38008,-2.933988,2.752438,3.840983,-0.3923945,-0.2513166,-0.9457837,1.058646,-2.381361,-3.928253,-3.344655,1.048523,-0.3674721,-0.2212099,1.619505,0.2194401,1.235463,2.219061,-0.8022982,-1.467713,1.542332,2.032959,0.6620965,-0.4464158,-0.6804668,-1.358618,0.185786,2.920816,-0.2789175,-0.4351692,-1.103721,-2.168485,-2.706522,0.7026259,-1.699347,-0.6478339,-1.358982,3.218111,1.647623,-2.950524,-4.277696,0.9623577,0.1575218,0.6459945,1.131701,0.8508674,-1.855986,-0.863421,-0.2311632,0.2255722,0.2096257,0.3250998,-0.7182433,0.9448989,0.3575251,-1.909756,-2.023627,-0.3864669,1.46043,0.06908644,-0.1717382,0.6547533,2.863606,-3.43403,0.08321214,0.4800063,-0.3442885,2.494502,2.770418,4.266232,-2.703315,0.2946722,0.4678023,2.5761,-0.7348843,1.309929,2.262829,-3.480515,-0.7889179,0.8740841,1.056469,1.241637,-0.3077314,1.418414,-2.09592,-2.139527,5.282672,0.4066084,-0.4857682,0.4260173,-2.178081
0.04505576,3.465127,-1.261449,0.4220054,-2.146509,1.206143,0.003642317,-0.5599856,2.290591,-0.8273762,4.106946,0.6687353,2.336827,-2.574718,0.9047151,-0.3103667,2.111125,-0.5072587,0.7119642,-0.1978885,0.5696782,-1.401798,0.3720743,0.2055615,1.554913,-0.37763,1.754503,-1.178555,-0.8704677,-0.4878937,2.17515,-3.08943,0.1641013,-1.265154,0.1748647,0.2834248,3.124542,0.2207042,1.09653,-3.987782,2.701908,-1.225523,2.214717,-2.274827,3.119467,-3.504838,2.393821,-1.158106,1.12765,-2.646641,2.227303,-0.439449,0.863283,-4.315845,2.537447,-1.649945,0.8268486,-3.029315,-0.334512,-0.4734088,1.094827,-0.9007205,-0.2384399,-2.896257,1.188667,-1.025065,1.269157,1.067882,2.698584,-2.157583,-0.5012101,-1.422632,-0.002560634,-0.2232402,2.21066,-2.159107,1.56469,0.03830859,3.353813,-0.171966,-0.7835978,-1.656961,0.8070233,-2.026556,-0.2086383,-0.08913842,2.329926,-2.596621,-0.867423,-3.498473,0.7636709,-1.374699,0.9293804,1.11834,-0.8972139,-0.2795791,-0.5398735,0.5150425,-0.1969026,-0.1202123
1.462351,1.609253,0.06360029,1.238097,-1.334421,-0.9195853,2.203857,1.250715,0.9283141,1.344825,1.733973,0.9804778,1.196307,1.377287,0.04483041,0.6301632,0.7663779,-0.8213878,1.19157,0.445268,1.712286,1.185768,-0.6057602,-1.474755,-0.3832501,-1.513631,-0.6005641,-1.738365,-2.966756,0.7013443,0.6036057,-1.699565,-1.614766,-3.14257,-0.4891061,-1.347781,-1.022517,-0.2240124,-0.6518027,0.2901973,0.6357279,2.92576,0.08764881,2.461658,1.385146,2.516472,0.286774,-0.5211741,0.5027307,-1.54634,-1.29336,0.4336282,0.5522351,-1.707545,0.7638948,-0.9904734,-0.1833241,-1.696779,0.8557025,-0.9151354,-0.1970589,0.09870255,2.067605,1.446298,2.521323,1.397317,1.601709,1.187967,2.047082,0.0457381,-1.103912,-0.7038553,-0.06649017,-1.974518,-0.8194762,-1.032816,-0.8834575,-0.4229677,-1.166297,-0.6378663,-1.840942,-0.5722691,1.114169,0.9688373,-0.372173,0.1034429,-1.384138,-5.001745,-0.6955682,-2.351934,-0.003611803,-0.9032151,-0.5869482,-0.1771149,0.184207,0.3564376,0.1775191,0.3027741,0.3240939,1.99003
1.590331,-0.4926937,1.317284,-1.25083,0.2295171,1.404868,-1.700319,-0.2004301,1.128068,-0.3492209,-0.2627554,-1.429169,1.334043,0.146294,1.889609,-0.06885048,1.59813,-0.410609,0.23432,-1.52109,0.5214831,-0.004885623,-2.628862,0.2918044,-1.074427,-1.272318,0.3257483,-1.536189,1.324323,-0.00588871,-0.5980145,0.6891804,-1.342497,1.353395,-0.181173,-0.4292388,2.843351,-1.001371,1.142449,-0.3579958,3.836293,-2.097769,1.590874,-0.1450771,1.168941,-0.1074754,1.36755,0.5069559,0.6618644,-0.3008629,-0.1121778,-1.690763,-1.528642,0.4053887,-1.176982,1.179852,-0.2076146,1.090106,-0.8512748,1.223912,-0.7199919,0.6774437,-1.454657,1.935205,1.559728,0.2038361,-1.521762,-1.070009,0.7566814,-0.6258566,-2.17706,2.764092,0.07673121,-0.1447578,-0.1367375,-1.553627,-0.6132307,-2.736923,0.471213,-2.14338,1.508584,-0.116211,-0.636716,1.082139,1.017773,-0.7313969,-1.128446,1.753689,-0.03341942,-0.9918432,-1.250095,0.7709728,1.173008,0.6707993,0.5425136,-1.864232,0.2434156,0.1257019,0.6891969,-2.430841
3.25657,-0.9477726,-0.7288151,-1.726967,0.8008935,1.360732,-0.8691738,1.087187,-0.92637,-2.776184,-0.5687867,-2.530786,-0.06702853,-1.763853,0.3580384,0.07346129,0.03318779,-3.386118,2.675247,-1.045932,2.418004,-0.3702483,1.378259,-0.07702837,0.2769345,1.034037,-0.3718337,-1.263572,0.5161664,2.655474,0.3947401,0.0211569,1.279147,-0.4944501,0.2737558,0.03617688,0.3870998,-2.092191,-0.7546251,-0.6522031,2.365179,-1.835284,-1.717479,0.4107425,-1.857667,0.2378936,0.471115,0.5744337,0.4223521,0.7239625,-0.3256879,-0.06943727,-1.463035,0.4735468,1.880068,0.08419376,1.379159,-1.382865,2.133585,0.8712246,-0.03299344,-0.5332869,-0.9140438,-0.7624634,1.74825,-0.2056906,-0.5078157,-0.7719405,-2.368102,-1.539656,0.5721731,-0.2418399,0.1980125,1.896064,1.849488,-0.916308,-0.03541125,-2.069444,-0.4529181,-1.583891,0.9141672,0.8927563,0.4975387,0.09371682,0.1552038,0.6252234,1.675866,-0.6741175,1.223861,0.4696464,2.668155,-0.8512456,-0.09939361,1.551019,-1.317585,-0.3480924,-0.5393911,0.3002659,-1.514394,0.6702858
-0.02495796,0.09128869,1.539955,-0.2503694,-0.7447984,-0.5760707,2.572366,-1.141822,-1.091162,-0.1317258,-1.408056,-1.815758,0.4031858,1.170933,-0.1611397,-0.1459126,0.9016229,2.303943,-0.7506416,-1.615813,-2.73973,0.6627248,-1.497339,-0.4648956,0.03280133,-0.02894154,0.3971453,1.347569,-2.125592,-0.01607055,1.511766,3.90801,2.057245,0.6603372,-0.1603301,-1.256249,-0.2585015,4.066133,1.15509,-0.9183726,0.03130251,0.438517,0.04059988,-0.6879414,-0.1586899,-1.40418,-0.778406,4.202077,1.140631,-0.4172305,-1.881594,1.75786,-0.9244636,-0.7289379,0.7088192,3.361471,-0.49135,2.140397,-1.985582,-0.06275228,-0.3951059,0.4092648,-1.801671,0.7282342,-0.008278133,0.4763865,-2.15076,-0.5089284,0.09181137,-0.003129603,-2.595383,0.6141425,-0.4659039,-0.3908653,-1.401798,0.274223,-4.104795,-1.20675,0.7865165,1.680512,-0.6161727,-0.2939011,-0.3875313,2.034122,0.7238464,3.165852,2.769197,2.332071,-0.7522746,-0.3017369,-1.60934,0.7251275,-0.1118616,-1.282932,-0.8403776,-4.257236,0.9189361,-1.283886,-0.209376,-0.5086618
1.735699,-0.8765119,0.2881013,-2.018274,2.199666,0.386649,-1.636077,2.156498,0.1217421,0.2940384,1.191449,0.6098821,0.5947289,-2.782165,0.8284487,-1.621804,-0.5490982,-0.6311041,0.2272888,-0.03694836,1.441049,-0.4628186,2.684422,0.3130196,0.4110717,1.797376,1.272482,1.90587,-0.9144725,1.074362,-0.9156622,0.2333331,-0.4267347,-2.226519,0.4472944,0.4482844,0.07570189,-2.234437,1.192884,0.9806566,-0.1151602,-1.706895,-1.684846,-0.833387,-0.897296,0.9540313,0.5849871,-1.889229,0.9851184,-0.7744437,-0.3345786,0.2390206,0.6208811,0.4062296,-0.3446936,0.1029992,-2.501289,0.03041744,-1.15149,0.4019715,-0.3653207,0.1772562,-0.8625672,0.747647,-1.327126,-0.06555563,-1.605952,3.274857,-1.426959,1.636788,0.7243906,1.9682,-1.585757,-0.4633327,0.08162002,-0.3118543,1.385131,0.1296061,2.950116,1.049133,-0.2775295,-2.377026,1.523802,0.4364047,-1.146645,-0.1739314,0.6536093,-0.566606,-2.083906,0.2183231,1.946253,-0.666885,-1.72632,-1.198142,-0.5360588,-0.8225701,1.063836,1.21818,-1.133827,-0.1329989
0.2120896,0.1064605,3.048402,1.767779,-1.368698,-0.5930107,-0.7278643,-2.912274,1.605837,0.1469132,-0.7018003,-0.0870056,-2.876276,-1.490384,-3.770875,-1.515171,-1.92547,0.4757122,0.6496636,-0.5298263,1.743288,2.85353,2.248196,2.742836,2.747481,0.08460404,2.550945,1.768804,-0.03733273,-0.1124208,0.2347217,-0.3037032,0.2385947,1.125407,-1.892996,-1.245235,-0.8047137,2.167916,-3.144194,-0.9229261,-0.1464315,1.811212,-1.636901,-0.1125696,-2.67712,-2.318888,-1.291777,0.1257571,1.509511,2.937835,1.771467,1.579175,0.02618103,1.569423,-1.001647,-2.034528,-0.6165132,-1.731192,-0.6323276,-1.218534,0.04586507,-1.404728,-2.076041,-3.422278,-1.226382,0.9443699,-0.599822,-1.312161,1.326489,-2.202999,-0.3836405,-0.5030195,2.932675,-1.385503,3.268775,1.654332,-0.2489917,-0.4072519,0.09966493,1.274143,0.8563616,0.5739917,0.01881088,1.023737,0.2630993,-1.662911,-1.851025,2.128107,1.54494,-1.978395,-0.7159724,2.276248,1.202886,0.654982,1.388564,-1.208278,0.2587422,0.8093346,1.037843,-0.4636998
-0.6178167,-0.5925103,-0.8774601,0.4653122,-0.7634296,1.475869,-0.3951559,0.1177974,1.279346,-0.572651,-0.7084465,2.527218,-0.390036,1.092514,-0.4359398,2.320918,-1.091771,0.5184453,-2.243729,0.6639247,1.490865,-0.4046491,-2.175474,1.125065,-0.9542247,-0.9186118,0.4143534,0.3646345,1.045117,-2.063098,1.978593,-1.461678,1.446733,0.07176805,-1.079831,2.560974,0.3894436,1.435104,-2.433448,3.532845,-0.4856709,2.440342,-1.286657,0.06866427,-1.053229,0.4780029,1.457975,0.6020931,-0.7693964,0.6885475,-1.558382,-1.665552,0.1444051,1.340849,0.410343,0.4089244,1.650531,-1.470589,0.5306391,-1.390759,1.951019,-2.261693,0.8757286,0.6466142,0.390193,-0.8325887,0.827414,-1.125686,-0.05807176,-2.679219,4.955411,0.5039322,3.262865,-2.185872,0.4471907,-1.818514,-3.910454,1.072651,-1.56464,2.687315,-0.5967158,-1.524138,0.4555066,1.713274,-0.4276821,0.6077293,1.005558,2.029162,-1.232576,-1.813535,-1.389744,2.080599,-2.104175,-2.275408,-2.401751,0.02858713,0.8991748,1.283327,-1.902831,-2.295913
0.6216657,-0.8423149,-0.003981827,0.7740543,-1.82261,1.234609,-3.245686,1.740286,0.09873664,-1.423441,0.9098108,-0.7552257,1.826484,-1.033074,-0.1342492,0.6813325,0.2428929,-0.3360342,-0.01893712,-1.868059,1.036325,-1.832621,0.1706281,0.8615122,-2.310461,-0.6255085,-0.419299,1.142637,-1.403031,1.223472,0.9952026,0.3441566,2.293637,-0.4290569,-0.1148655,-1.716843,1.271101,-0.007087536,-0.6616701,0.6202636,-0.4650627,1.279929,-1.938533,1.829311,-1.243659,0.4043954,0.7853019,-0.8626809,0.2303608,1.478747,0.6333442,1.205569,-0.6343115,0.05659903,-0.04278632,0.2542937,1.234783,-1.195543,0.7996801,-0.8073025,0.3630653,0.5681694,1.798058,-1.087805,0.2369933,0.1175543,0.2894661,0.6285161,-0.7500702,-0.8280132,1.289612,-1.090781,-1.469478,0.3274658,-0.5670906,-0.7882832,1.169557,1.224819,-0.629851,-0.7783455,-0.6166929,0.4738562,-0.3454446,0.05318593,-0.1543956,1.324632,0.4415723,0.9932433,1.456755,-3.66311,1.629274,-0.5108337,-2.131137,0.6212599,0.06862276,0.8619514,-1.044023,0.3880268,0.005283825,0.03723153
-0.8974901,-5.964445,-2.529142,0.7343991,1.379158,3.158612,2.525222,0.1015552,-1.518103,0.565975,1.39123,1.384845,2.287583,1.738799,0.1714748,3.925699,3.401639,0.8022155,0.993145,-1.477068,-0.9454456,-2.791025,-1.366186,-2.197674,-1.105437,-1.172824,-2.111658,0.08902252,-0.7581562,-0.6100577,-0.3630756,-0.9990457,-0.4851743,-0.5639859,-0.3839498,-1.244684,-1.514499,1.966581,0.03775519,0.03460032,0.4298714,1.650758,-0.2975194,2.951992,-0.3340711,0.5679036,0.5628313,-0.4911919,-0.9358242,-0.6055204,-2.042666,-0.4040145,0.1931986,1.893425,1.132596,-0.688842,1.819227,0.1088961,2.047566,1.963918,3.41196,2.019953,3.936857,1.643864,0.6770634,0.6340733,0.8668619,-1.266015,-1.294891,-2.676131,-0.3393757,-2.164566,-0.4510512,-1.808617,-1.73141,-2.412542,0.9653701,0.7193591,0.5692761,-0.5451953,-2.110546,0.458352,-1.801548,1.591691,0.6997539,2.724241,-1.314257,-0.5119506,0.9312145,1.397343,-0.895025,-3.315887,-1.68635,-0.3932714,-0.3721047,0.6572333,-0.7237498,-1.656516,0.5782502,-0.2246368
-4.692537,1.86693,-3.104439,1.472505,0.6513776,-0.1720115,2.059562,-3.665569,1.360211,-1.230561,0.02817219,0.324602,0.393792,2.081547,0.2467467,-0.8986108,1.351982,-2.01946,0.8240104,-1.885524,-0.5929053,0.7183723,-0.9684265,0.991392,1.061329,-0.4440827,-0.1930096,2.34614,-1.803326,-0.2718888,2.607597,1.162871,1.876434,0.3416403,-0.5305969,-1.453468,-0.8638431,2.151075,1.218558,-1.741378,0.5121418,0.6850278,-0.7553428,-0.1013456,0.05521892,-1.013043,-0.6777399,0.733313,1.833701,-1.213003,-0.1956997,-0.3962638,2.039894,-2.101075,0.1599706,0.2617579,1.990205,-0.8126611,1.494874,-1.980316,1.070558,-2.848964,1.94542,-0.1456792,1.174538,-1.580312,-0.5469877,-1.753763,1.325684,2.068763,-2.044325,0.4625975,1.964633,-4.378117,3.282864,-1.424812,-1.671683,-0.345491,0.6830173,2.03943,-2.844122,2.066279,-0.7542656,1.096138,-1.825136,-0.5811416,4.586346,-3.297108,3.447105,-2.030931,1.075356,0.02482511,-2.246657,1.448198,-0.2974117,-1.49354,1.113411,0.07987022,-0.814232,0.8448203
0.787544,-1.106644,-0.1433767,1.845104,-1.343439,-0.8528814,-0.7271616,0.7571542,0.3593661,0.223217,-0.1380579,0.401042,-0.3546177,0.697398,1.156338,-0.4789514,-0.152301,0.205421,0.3479573,-0.2807004,-1.486989,1.1856,-0.09689061,1.495269,-1.575923,1.116314,-0.638513,-0.6335224,1.840126,-0.1414383,0.5200217,-0.1574115,-1.588656,1.541153,-0.4257331,0.7247699,-0.9331697,0.5814103,-0.8956802,1.057267,-0.6831,-0.4833634,-0.08466274,-0.02614557,-0.7524873,-0.5491509,0.6928465,-0.561832,0.7635021,0.03010293,-0.8824852,0.8101429,-2.232405,0.0123054,0.4900035,0.86144,-2.28161,1.510397,0.5186937,-0.9571606,1.335781,-0.2471148,-0.1082056,0.004453845,0.08562332,0.1066391,1.868237,-1.218415,2.239512,-1.360873,1.405237,0.8931534,-0.3127548,-1.298168,0.4538872,0.4236564,0.740442,-0.9078437,-1.141261,0.670113,0.7276726,0.5808394,-2.390787,2.205239,0.2183585,-0.3057395,-0.1702745,-0.0800321,1.179955,-1.663876,-0.05045817,-0.7415788,0.8900087,-1.649381,0.8114254,-2.775321,0.454045,0.2087716,-1.740269,1.773859
0.9334384,0.09141214,-0.5651793,0.6019539,-0.0927109,0.5318962,2.268291,-0.003202293,-1.95383,-0.2500981,0.8679955,0.7142656,-0.2765639,0.4790094,2.430028,-1.144146,-1.367138,-0.6136754,0.6653016,-1.349148,0.1337723,1.836207,1.397473,0.2773305,-0.7885053,0.09586553,0.9629974,0.273941,0.8277472,0.3596899,-0.2701832,-1.119926,0.9558552,-1.101394,0.1174959,-0.2141591,0.4438961,-0.4785917,-1.101716,-0.8113306,-0.2531921,0.1370576,0.4029588,0.4510824,-0.6834528,1.388106,-1.549342,0.5399686,-1.250624,-0.7681809,-0.2196154,0.4956349,0.4126527,1.242781,-0.377005,0.3102373,-1.001043,0.1918519,1.38633,1.300903,0.4346277,-0.5197991,-0.430172,-2.028627,1.201773,0.8742316,-1.576022,0.4771882,0.8593475,-0.277741,-2.075262,0.2632207,-1.594151,0.3959094,-0.3609005,0.284733,0.9987969,-0.7790929,0.3179057,-0.2926461,-0.05251239,0.7953503,-0.8023974,0.8100204,1.131805,0.36151,0.4035917,-0.8790595,1.290776,-1.159082,0.2686371,-0.7265701,0.2565286,0.08606201,-1.528641,-2.233915,-0.2444393,-0.412012,0.5433793,-0.003826503
0.1376819,-1.183658,1.18977,-1.418693,-1.251666,-1.728865,-0.2116835,1.851959,0.6183397,-0.7399698,-1.02454,2.532563,-0.5468338,2.395436,1.224251,0.3518763,0.130649,1.357577,0.8660215,-0.6280753,-1.355493,-2.304937,1.483019,-1.548796,-0.8440362,-0.3956318,2.345988,-0.9908206,0.05688329,-1.3291,-0.8297428,2.001145,0.470055,0.8377987,-0.3319489,0.6673715,0.5172572,2.567667,0.2790938,2.556524,-2.629456,2.670449,0.5976835,1.525635,-0.666255,2.252982,-2.230094,3.248141,1.808874,1.051807,-4.769615,-1.249315,-2.804054,0.02603863,-4.754757,2.345172,1.186579,1.407544,-0.543326,-0.6459514,0.4496973,0.006904453,0.547913,0.574508,0.3802461,1.303263,-0.8993297,1.019123,0.8647436,1.437811,2.000777,-0.5083801,-0.5427163,-0.863251,1.699714,-0.7425793,-2.678049,0.7426404,-1.084315,1.764286,0.4960126,0.09059943,-0.2372305,0.5861104,-0.3967558,-0.5642098,0.421178,3.074366,-2.071837,-2.697879,-2.521896,-1.934018,1.083745,0.1780768,0.225864,-2.743991,-3.591037,2.156317,-1.30683,-1.322106
-1.998206,0.8848878,-0.676073,0.7044307,2.495298,0.6600364,3.111515,-1.092579,0.4098085,-0.253511,-2.439038,1.228026,-1.832856,0.883728,0.6945701,1.193385,-0.6142641,-0.171757,0.230055,0.9625634,-0.4302651,2.298326,-0.8195491,0.08751258,-1.379726,1.308871,0.450768,-0.7467746,0.4360156,1.315595,-0.9191999,0.3905133,0.4249181,2.112666,0.2278323,-1.331588,-2.70514,-1.9262,-2.838656,2.076358,-0.9905483,-0.6440148,-1.93601,1.225716,-0.3897716,-0.5688982,-0.2857807,2.864142,-2.96214,1.741043,0.5281551,0.3994882,0.07785192,1.505156,-1.111709,1.265527,-2.182961,-1.545317,-1.1359,0.6999391,-2.347177,0.05946481,0.9395368,3.079047,0.2554791,-0.09641269,-0.2262122,0.4203999,-1.349072,-1.306046,0.07342437,0.7715378,-0.1387784,-2.370883,-1.017287,0.2868545,-1.438636,3.085968,-1.626937,0.02313478,-4.157508,1.775602,-1.92726,0.513044,-1.240952,-0.9044876,-1.40213,3.024745,2.506445,3.96531,-0.002466232,-0.1706721,-0.6322935,-1.487676,1.340486,1.391983,1.535702,-2.247858,1.998599,0.07771236
2.886975,2.325544,1.539851,1.468575,0.3780916,-3.876576,-1.625354,-1.944048,0.7288572,-1.914673,3.944037,-2.296186,-1.538146,-1.964226,0.3793699,0.2209928,-4.105978,-2.185162,0.2822552,0.0759567,0.1555215,3.222885,0.985482,0.2613099,-1.079656,1.783168,-1.129317,-0.9136382,1.551181,-2.122728,0.4055882,-0.7218675,1.153571,2.25625,3.473641,1.024946,-0.2857693,-0.007258743,-0.202197,-1.840564,0.7260647,1.799398,-0.09047066,-0.3341962,-2.556397,0.7486535,-1.724611,-3.097049,2.485703,1.589101,0.2436595,2.900225,3.074281,2.111277,0.5733834,0.2836723,1.489018,1.223775,-1.080198,1.574625,-0.3973348,-0.01971561,-1.976743,-3.146682,-2.325057,-0.1850405,-1.207183,-1.660056,1.497539,0.7200712,2.980121,0.1329694,-0.2784482,-1.347526,-1.296334,0.02715981,1.536605,-1.864252,-3.857082,-0.8588011,-0.4662502,2.118704,-0.8936014,0.7684381,-2.212737,-1.625597,-1.336875,1.712753,-0.4861407,0.2451465,0.1148477,0.6398258,0.931792,2.627479,0.6661983,-1.2098,-0.5222154,-1.579077,1.30271,0.03956008
-2.354669,-1.562927,-0.537554,-0.4783642,-1.454532,-0.04092769,0.00248076,-1.524754,1.538572,-3.282119,-0.3849706,0.2523202,-3.283901,1.813205,-0.3790306,2.884305,0.4798908,2.249728,3.427011,0.2518678,-0.579851,-1.995449,-0.09292319,0.6887709,-3.08158,1.692757,-0.8743918,-1.677602,0.02976693,-1.14031,-0.3147289,-1.378456,0.8509601,2.014716,2.13014,-1.570024,-0.3826599,-0.7809743,-0.1177175,0.297674,-3.025926,-0.6302545,0.4611049,2.65172,-1.783104,0.7203606,-0.1218346,-1.177505,1.576597,3.530806,-1.23335,0.9473924,0.5891079,-0.01576312,-0.6671688,-0.5574033,1.411763,2.909636,1.215918,1.011987,-1.428642,0.2979471,0.03086574,-0.2091716,-0.3424534,3.50067,-0.1827872,-0.9322041,0.1973962,1.113108,0.07855652,-4.136037,-0.377679,1.009291,1.778419,-0.5609089,-0.3734779,-2.00447,-2.993985,-0.6677279,-1.138232,2.009565,-1.498912,2.215737,-1.098865,0.2752511,1.23451,1.290776,-0.02562468,0.7042263,0.7843693,-0.3667011,2.48893,-0.5559891,2.828109,0.7123029,-2.747531,-0.8674607,1.121118,-0.3101162
-1.295491,0.2952849,2.374655,3.149647,1.354512,2.090934,-0.4859889,-1.193875,-1.259083,0.4481733,-0.7728136,0.7579946,0.6284023,-0.06946561,-0.2820517,-0.6608212,0.9182107,-2.63819,-2.704489,-0.4675508,-2.195161,-0.9254515,-2.391691,0.4489593,0.2327423,0.557,-0.7773462,0.3210051,1.283493,0.4893579,0.3762791,1.299295,-1.421555,0.9956163,-0.7642848,0.3948297,2.096279,1.713883,1.550511,-0.364208,-0.6476156,1.01825,-0.4188145,1.557004,0.7973289,-0.9671918,-2.333617,1.191882,-2.715367,0.5875286,-3.776917,-0.5616646,-0.7898868,0.7408789,-1.034762,1.53509,1.074334,1.919289,-1.704941,0.2043477,0.2977209,-0.2353165,0.5084612,1.088451,-0.252627,-2.854698,-1.75446,1.835261,-2.694909,0.02275564,0.1379289,0.4284999,0.2394478,-0.3851507,1.240252,0.9446258,1.749658,0.3147831,-0.4819447,1.842373,-1.239683,1.406799,1.196612,0.4331483,-1.204306,0.7646354,-1.952061,-0.07880304,0.1823992,3.058538,-0.5204035,-0.4640244,-1.766467,-1.124177,0.6820375,-0.8801421,0.148422,1.05297,-0.01987871,-0.4494304
-0.9819779,-0.4944453,0.7507743,-1.698093,-0.7549709,-2.265951,0.6085871,2.566959,-1.7403,3.505847,-2.247738,0.649325,-0.5060824,-0.4515682,3.226042,0.719969,-1.401904,1.024093,-2.411363,2.467361,-1.842864,0.4061357,-0.2516525,-1.750783,0.7131547,2.083641,-0.2008802,-2.3399,1.229813,-1.80022,-2.064628,-0.4436771,-2.754632,0.2650252,2.99128,-0.3003621,-2.150999,-0.09164441,1.208374,-0.275977,-0.6573645,0.6306494,-0.04486082,0.7420069,0.7003232,0.4260959,1.629244,0.7232561,-0.1771365,0.7289292,-0.3946986,0.2405255,0.3186408,0.1760677,-2.326904,-1.130518,-1.257258,2.508437,-1.26408,0.07773376,-0.1189847,2.662822,-2.057176,1.93611,0.08942814,1.323741,-0.580687,-0.3395955,-0.643437,1.354453,-0.8790203,-1.523317,0.2837573,1.257473,-0.8449296,2.255918,-0.0525143,-0.5489661,0.2459684,1.607109,0.9178004,-4.208049,1.702479,-0.4718815,1.387321,-1.31008,-0.9357572,2.426672,-2.207419,1.764141,-2.207659,1.390005,-0.2165995,-0.9276725,1.136386,-1.130126,2.096538,1.342337,-0.8996686,0.08021653
-2.995193,2.512126,-2.360671,-0.4237868,1.602146,-0.814531,2.328392,-0.2897204,-0.8206349,1.363957,-0.2568479,0.0076937,2.324529,1.526064,-0.7906148,-0.6861549,0.8115356,1.32385,-2.589253,-1.084704,-3.136919,-1.406437,1.495174,-1.922474,4.603626,-2.018364,2.005834,1.416198,-1.02708,0.1811599,-0.1783331,1.858031,-0.04706574,-1.354597,-1.861913,-1.337162,0.459641,4.655099,0.3954043,-1.357177,-1.994155,-1.78921,-2.893242,1.634928,0.1961118,-1.349004,-1.868841,4.954311,3.045478,-4.936156,-1.916164,-1.763964,1.275128,-1.720539,2.564299,0.3343119,0.5090353,-2.309181,2.526009,0.1942193,1.85956,-0.7899877,-0.7592493,1.030216,1.176149,-0.5736356,1.006388,-1.024478,-1.742873,5.432665,-2.802266,1.182474,3.426982,-2.863757,-0.6918182,1.820742,-0.9071365,2.516639,1.626099,3.069656,-2.249278,-2.638678,1.65061,-2.218741,3.070412,-1.517411,1.324521,-4.479875,-1.852401,1.553726,-1.021431,0.5214905,0.1446754,-0.009224363,-2.478235,-2.704996,0.7821552,2.496866,-2.016799,2.846042
1.737397,1.891665,-1.521709,1.575645,-1.114536,-0.09415144,1.650483,-0.3176592,1.308372,-0.9388736,-0.004437787,1.228332,0.5077198,-0.5328771,-2.876501,0.09431502,-1.233303,0.3350226,0.398194,-2.240929,1.956493,-0.02340644,-1.086608,-0.3166173,-0.4068059,1.057751,-0.07141903,1.234156,-0.2921214,1.033417,0.7767816,-1.237141,-2.404451,-0.3341848,-0.6790865,1.593312,0.8414678,1.744004,-2.114379,-0.3544694,0.1690812,1.49496,-1.562844,2.146716,-0.483624,1.222562,-0.6843643,0.8783457,-0.6049283,0.1010905,0.3563107,0.7202095,1.863127,0.8825817,0.6832832,-2.159726,1.299521,-0.8799698,-2.726458,-0.5210128,1.240534,-0.2065579,-0.3551174,-1.407552,-0.9626951,-0.09121208,-0.8788809,0.3716188,1.184276,-0.7480044,-1.417719,1.900487,-0.004378436,-0.7950836,2.437023,0.954525,-0.5842041,-0.1127797,-1.310361,0.9973499,0.447679,-0.974798,-2.342073,1.101369,-3.338565,-0.2968537,0.0672631,-1.032884,1.091739,-1.883363,1.51871,0.9565481,-1.201915,0.8197405,-1.77453,-0.9953309,3.699799,0.9418234,-1.030652,1.051304
-0.4101217,2.161067,-1.822468,1.027012,-0.775031,0.2617024,1.37569,-4.251394,-0.06772216,-0.4343472,0.008670226,-2.33077,-0.8126219,-0.798407,-0.9183303,-0.02823265,-1.088308,-0.06102498,1.147366,-1.766359,-2.001628,0.5456163,0.511312,-2.214748,0.7763517,-2.146497,0.5207481,1.794267,-1.376418,1.207096,1.029449,-1.66851,1.074852,-1.359864,2.954424,1.165155,1.788011,3.447759,-3.846353,-0.3919019,-1.4845,3.088967,-2.822137,0.8689658,-0.8691869,0.9373931,0.9253507,2.071272,-0.1233851,-0.202021,0.6465473,0.5267338,1.294199,0.07150261,2.963685,-0.498589,1.786967,-0.6462656,0.3764763,-2.710184,1.764746,-2.046905,2.332762,-1.177401,-0.2130327,-1.970772,0.5968978,-1.603874,-0.0152971,-0.3404498,-1.132804,1.375362,0.2431846,1.070052,2.826299,-2.534108,-0.7337794,0.383862,-2.409587,-0.3932132,-1.487027,3.520596,-0.7690282,1.279374,-1.254748,2.33981,2.581631,-2.987735,2.79244,-2.094377,2.768985,-1.285519,1.07755,0.6000962,-1.007646,-0.01874039,0.08508484,1.385415,-1.201532,-0.7738504
0.5542452,0.1308448,-2.805422,1.126094,0.01739855,-1.614722,1.576634,-1.328471,1.069639,1.437889,0.01106799,-1.995823,0.1719824,-0.0920046,-0.745434,1.116374,1.262996,-1.312624,-0.7676852,-2.533922,-0.932495,0.1180535,-1.978077,-0.7470967,3.070982,-0.1156734,0.5064096,2.205034,1.527271,1.699262,-0.6596761,0.7371221,1.781617,1.992605,2.080197,-2.389956,0.5293068,0.3888251,1.08917,-2.0253,1.293435,1.166741,-0.8847225,0.3860318,-1.112197,-3.170142,-1.686537,0.260856,2.93615,0.8117588,2.994146,0.3266018,-1.114298,-1.269029,1.986499,-2.366094,0.4680339,-0.07531786,-0.5901048,-0.809621,-0.7243724,-0.04210928,-0.7550289,-2.349997,-1.84518,-1.339476,-1.400578,-1.526611,-2.474265,0.8873748,-2.628089,0.09009016,0.6965383,3.317783,-1.325899,1.852661,1.012078,-2.546629,-1.352336,0.9190105,0.7538269,1.914702,0.8722682,-0.5137285,0.1530257,1.616352,-0.6451783,-1.447076,3.062317,0.4473353,-1.052384,0.2513193,2.747504,2.00339,-1.264656,-0.469437,-2.381532,0.4990419,-0.1616381,1.440761
0.07717883,-0.3568014,1.619238,0.05580526,0.1814163,0.0701968,1.580809,-0.1809686,0.1465845,-1.737464,0.5556822,2.253448,0.8000538,0.8894398,-0.3592924,-0.18469,-0.7783136,2.662336,-0.5530468,1.576333,-3.823126,1.741613,0.07871526,0.5558195,-1.237546,-0.5379596,-1.193756,0.08052211,-0.4505778,0.3758387,-0.5140271,1.675308,-0.2427754,-1.387794,-0.009544795,1.602725,-0.7730525,2.78448,1.186727,0.01330736,-2.502219,1.117751,-0.3646332,-0.9593688,-2.341128,1.586393,-2.020314,1.687311,0.3049015,0.4090992,-0.9778985,0.93638,-1.867451,-0.2854446,-1.542846,0.1488426,0.6573523,-0.6088573,-1.35641,-0.04842225,-1.977958,-0.08713172,-0.8011716,0.394082,-2.08086,3.040077,0.1026301,1.709145,-0.6996545,-0.4391945,-0.460405,-0.1905083,-1.982675,0.1547315,0.5052737,1.682136,-0.2034183,-0.1269494,0.7298872,2.441239,0.7735997,0.8980305,-0.7987176,1.410809,-0.1966556,0.2630451,-0.3400411,0.6456564,-0.6062769,-0.1651961,-0.8454093,0.02971571,-1.030882,-0.2395672,0.9762573,-1.256181,-0.1812724,0.3453283,-1.338714,-0.2686816
-0.1066101,-1.207352,-1.125643,1.151658,3.256504,1.835013,-1.605922,-1.573234,1.679548,-2.935723,2.22648,1.465896,-0.7776945,-1.125744,-0.2575844,-2.256399,-2.451635,-0.5173669,-0.3375786,0.2969501,0.6935196,0.6136812,2.306626,1.453779,1.250063,-1.250031,1.86767,-2.421231,-0.3618732,2.342433,1.453884,-2.96504,-2.266063,-3.56785,1.433634,-1.611805,-1.281084,-1.699125,-1.38848,-1.493843,3.551105,-2.041864,0.05952905,1.115327,2.326062,0.4082171,3.116356,-1.406519,-2.044299,-1.43844,0.4786011,0.2889712,0.1218579,-0.2309037,1.543182,-2.135334,-0.5623093,-2.817366,0.5968152,1.133336,-0.5420783,-0.8275249,1.209526,1.755138,0.9609404,-2.145585,0.9782863,1.511652,2.076888,1.217197,2.508665,1.815119,0.185205,-2.14544,-1.570434,-2.182165,2.642655,2.870464,-0.8214929,-2.487653,-0.08719155,1.324177,1.206702,-1.196279,0.8981376,-1.425879,-2.905935,-2.727956,0.779801,-0.9417595,3.566185,-1.226709,0.01215392,0.6161723,-0.08311029,3.487009,1.340473,1.022884,-1.74502,0.2720304
-0.4925519,-0.8540184,-0.04286663,-1.549542,2.197044,0.6560208,-2.011801,3.741442,-1.628218,-2.145542,1.86066,-0.6844608,-1.818994,-1.636822,2.466313,-2.251309,0.841046,-0.675744,0.08350663,-1.495136,0.6963853,-1.192605,1.729871,-1.258452,-2.208683,0.353943,-0.02636528,-1.899991,-0.869708,0.3669349,-0.6894097,0.5832227,-0.478659,-0.04186182,0.1091881,-0.2875633,-0.5094985,-1.4209,1.957552,-1.583248,-1.192727,0.09878655,1.105258,1.256688,-0.7927839,0.7590541,-0.6690699,-0.8609094,0.5334014,-0.3043862,-0.2288394,0.4479036,-2.287825,3.209933,-1.14618,1.515808,-1.348797,0.7388812,-0.09809908,0.5446792,-1.298032,-0.5764968,-0.5119256,0.9498087,-1.250096,-0.2761431,-0.2198029,1.085462,-3.659992,2.260724,-0.371202,-0.2723008,-3.763828,1.418071,0.9905484,1.699044,2.979477,-2.033832,1.269622,-0.02223329,0.718865,-0.02668105,2.87639,-1.967007,0.4985272,0.1591218,0.9785474,-0.9345879,0.5154453,1.888785,1.089212,-0.6501085,1.958979,2.29629,1.379933,1.448288,-0.1744886,0.6836858,-2.097247,1.791221
0.8005466,0.1919998,0.7097756,2.434563,1.579657,-2.130669,0.03121721,-0.4134572,-3.736654,-0.5236953,-2.221552,1.458845,-3.343745,-0.1883954,-0.6748275,-0.9434208,0.5951737,0.005299219,-0.5479876,1.874068,-1.903553,-0.31852,1.554709,0.572863,1.112815,1.09613,0.09407861,1.778133,-0.8452307,0.3837808,1.435553,0.3873221,-1.488436,-0.7644873,1.735036,-0.6413978,-1.316006,0.7413529,1.864603,-1.590865,-0.3420601,0.7286876,-0.9017758,-0.6476482,0.5885438,-0.1622946,-1.353878,-3.42363,0.575702,1.178992,1.870562,1.29067,2.023681,-1.776327,-2.252397,0.7283734,-1.578475,-0.1106281,0.3372238,-0.4546052,-0.09935337,0.5503955,-0.5030396,-0.9386399,-3.329741,1.758566,1.6756,0.6987517,-3.407518,-0.4120428,-1.051189,0.5892491,-3.686466,2.266383,-0.7282413,2.350172,0.6690328,-1.195678,-1.351469,1.408154,0.07650191,1.31225,2.825777,-0.7099581,0.0496918,1.185816,-1.786001,-1.04078,0.7150878,3.003963,-1.293965,-0.2887735,2.948881,1.758674,1.501387,-0.6965063,-0.8787984,-0.3833421,0.6729617,0.6008732
0.5832098,-0.2455685,1.585003,2.021941,0.05744903,0.9435272,1.668624,1.135413,-1.396285,-0.2767123,0.07692288,-0.3851486,-0.4740807,-1.746111,-0.6438546,-0.8500275,0.5400468,-1.338474,-0.1659195,1.907208,0.6767989,0.3620533,1.572751,2.896677,0.7745107,-0.3373247,-0.2771162,2.365347,1.275201,1.016388,1.187855,-1.574536,-1.149157,0.6666867,-0.5745083,-2.425823,-1.493771,-0.8899638,0.7562876,1.057476,-0.3502803,-0.7946084,-0.4897372,0.2693539,0.5253928,-1.818415,-1.349308,-0.355105,-1.406594,-0.3587182,2.117043,2.329539,0.006285597,-0.7262747,1.023886,-0.7771391,-1.422312,-1.487473,-1.172044,-1.226403,-0.9846234,-1.06053,-1.125758,-0.7534119,-0.4270616,-0.2316691,0.1580231,0.4537358,-0.4714999,0.04101549,-1.36291,-1.356635,-1.12472,0.7677543,0.468026,0.2381684,3.664317,0.1218502,-0.5846045,-0.06125839,0.798741,0.4882444,2.158472,-2.718795,-1.258905,0.1970012,-2.089748,-1.452272,0.9642653,1.797843,-1.512603,1.483123,0.5775661,1.75025,-0.03149409,1.950522,-1.530803,-2.430295,1.158417,1.912181
2.003119,-0.6862552,-0.2487229,2.643102,0.6467929,1.786861,-1.157116,-1.214653,0.7532965,-2.259734,1.343147,-0.06877694,1.093038,-2.587409,1.640219,0.296829,-0.3943755,-1.915274,-0.7810091,-1.323599,-0.00575117,-1.65423,1.893448,-0.3431275,-1.340473,0.6534814,0.1022806,1.54381,-2.098106,0.3504918,2.286248,1.10592,0.1685247,-0.8365375,-0.8058094,-0.0286567,0.8953004,0.05958196,0.06016924,1.656704,-0.7832322,1.137393,1.11148,-0.3651399,-1.646631,0.9432817,1.500638,-1.915028,1.136834,0.5769452,1.097589,-0.1998102,0.02443875,1.282345,-2.451108,0.3205943,0.5882402,0.02950623,-0.108135,0.773542,0.2192501,-1.13354,0.4058475,-2.347177,0.1547301,1.460749,0.5563563,-0.568399,-0.8032119,-0.844441,0.2712488,-0.9621909,0.6728621,-0.8477661,0.8784211,-1.53738,1.932125,-0.593053,-0.808358,1.065782,2.348678,0.4315517,-1.605392,-0.1597606,-1.923655,1.029955,-2.392422,-1.909365,-0.5703778,-1.165972,3.073535,-2.782913,-0.8609623,1.496498,-2.112717,1.634079,-1.582614,-0.2705884,2.988643,0.8754516
0.1947541,-0.2963883,3.23598,2.078821,-0.4605982,-0.2501011,-1.976505,-1.383635,-1.544458,0.529557,1.617078,-1.226928,0.6513375,-0.4240358,0.1672485,-0.7221102,-3.671867,-1.540535,2.98941,-1.847113,0.4659562,-1.25477,2.331379,-0.8542627,1.721572,0.9112888,-0.5523672,2.122064,0.29119,-2.041661,0.3646942,-0.2064267,2.329898,1.691963,0.4186635,0.002130155,1.146219,2.422875,0.17763,1.751516,-1.637658,0.7933587,-0.2020377,2.785733,-2.676001,0.1925712,-1.602151,-1.709423,0.4226992,0.50561,0.8144755,1.251363,-0.6943288,-1.167616,-0.5920224,-1.284377,2.226133,-1.639295,1.806222,-2.055862,-2.005304,-2.217137,1.480325,-3.263001,1.015587,-0.5093641,1.250524,-2.92655,1.394284,0.5420305,2.702949,-1.483497,3.087456,0.8417801,0.3415156,-1.205141,0.9723592,-1.48436,0.000586933,-1.282567,0.2524224,0.9545208,-1.825318,1.808068,-1.797076,0.3126527,-2.044357,0.3419752,1.67751,-1.191134,-2.184295,-1.122425,2.146261,0.3574628,-0.7674938,2.254448,-0.2910667,-0.6237726,1.623647,-2.031361
-0.1144441,-2.066565,-0.9586079,0.5963106,0.4362541,-0.6649434,-2.498895,1.960886,-0.8142427,0.02541872,-0.07862718,0.2667052,0.6563026,-1.630846,2.080215,-1.491814,1.83783,0.2898123,-0.111466,0.9702992,-1.143641,-2.132052,-0.4395255,-1.190433,0.6523493,-1.968026,0.715062,-0.870096,1.236803,-3.319149,3.338428,-0.6286407,3.461339,0.5011168,0.8931174,-0.1980964,-1.700369,-1.818156,2.346421,-0.1675575,2.052704,-0.367584,5.868341,-5.030707,6.253617,-0.4357992,2.445343,-4.542522,2.824776,1.268133,2.461285,-4.146686,2.09242,-0.2981434,-0.5705279,-0.4643229,0.9129112,-0.7129416,0.8453135,-0.5478101,0.4790052,0.1615535,-0.2022063,1.010325,0.4358396,2.702757,1.606667,-0.5009121,0.5845174,-0.6728421,2.228109,-1.918884,-2.365686,2.671395,-2.038373,0.6800084,0.6393675,-6.445301,1.602472,-2.861917,3.589639,-4.609369,1.176158,-1.830622,3.562512,-2.261265,0.4217588,4.500647,-2.880003,0.1201686,-3.08163,1.562877,-0.8504184,-3.092651,2.622566,0.7273999,-4.601571,1.005561,-0.510606,0.4666728
-2.962241,1.251862,-1.05932,0.1112787,-0.1656462,-2.228596,-1.47242,-1.320409,2.385926,-0.8138655,0.7698176,-0.2085016,-1.450196,-1.223647,0.8087099,2.037318,-2.558292,-0.03162337,2.299651,1.897897,0.7828701,-1.841299,-0.2695414,2.090752,0.7574505,-0.01413629,-0.1443899,-2.334619,0.9428498,1.053697,-2.870443,-0.07917175,0.1931442,-0.8700981,0.6085237,-0.008812655,0.06937225,1.246427,-0.4807955,2.800541,0.7337487,0.5232951,-0.2432433,0.4660839,-1.029117,0.9494669,0.7207382,1.709921,1.384518,1.932793,-1.873242,-0.0738723,-0.6633686,0.7129141,-0.6428148,-0.2417503,0.7687072,1.539765,-1.326519,2.88546,-0.9202709,2.308213,-1.426261,0.9612291,0.866767,0.7328466,-0.387786,1.426294,0.1966595,1.230702,1.395742,0.7502777,-0.9473405,0.738454,-0.1360575,1.23639,-2.342001,1.284033,-2.460911,0.1079791,-0.2722026,2.674652,-1.491945,-1.172483,-0.00385521,2.423205,-1.944781,0.8672003,-2.581088,-1.181007,-1.958684,-1.189693,-0.7016008,1.196167,0.7079185,-1.358298,-2.129208,-1.821169,0.6461536,-1.257752
-0.2059657,-0.105819,-0.8206056,1.056151,0.6527228,-0.09187526,-1.534139,-1.381684,0.1993557,0.2012202,1.119206,-0.5962861,0.3239629,0.3591572,-0.0118307,0.1868813,0.5198718,-2.522218,0.06014917,-0.8898503,-0.9708349,1.519422,-1.220433,1.723303,0.3531044,-0.3521129,-0.1520736,-0.3499514,-0.2141949,0.4058715,-0.10779,-0.9301431,0.2830677,1.398917,0.3519133,0.7325675,0.6490306,0.7539406,-0.5056935,-1.871575,-0.7556512,-0.9316779,-0.9999125,1.369536,0.2302622,-1.114153,1.04597,-0.7528907,-0.07451479,0.5007745,1.526765,-0.1243252,-0.04162202,-0.06220193,-1.517765,-1.315929,0.6719065,0.397718,-2.046316,2.433053,1.143705,0.9684153,0.079334,-0.730903,-0.1725785,2.658092,0.2388622,-0.2284372,0.4148266,0.9184775,-1.076597,0.01528881,0.2057168,1.56714,0.827863,-0.7860475,0.141859,-1.753348,-0.7612346,-0.9371391,-0.670895,-1.570648,-1.451495,0.3867123,-2.185247,0.243216,1.079886,-0.05534981,-0.6308477,2.709683,-0.4379901,0.6627607,0.3880685,-0.4052936,0.4838706,0.5643289,0.2069646,-1.142374,0.1860369,2.451548
-0.2872816,1.087576,0.7488146,0.2761548,1.109083,-0.9970053,-0.8667173,-0.1205153,1.765771,-0.967126,2.189684,1.65351,-0.192017,0.3789902,-2.822691,-1.923138,-1.718554,-0.1614388,-0.05069217,-0.6608639,-1.371885,-1.515474,-0.3619912,0.4221183,0.9654865,1.936706,-0.5265989,-1.884991,-0.2647441,-0.9392275,0.7257236,0.4542385,0.2530506,1.434366,-0.1978152,0.8506003,-0.3252935,0.8989267,-1.073851,2.092702,-1.021981,1.008552,-3.855541,0.4648713,-0.5833231,-0.01744157,1.416482,0.9727763,-0.2625456,1.391404,0.8324831,-1.097622,1.008218,-0.1143439,1.694105,-0.1211777,1.000629,-0.006979138,-0.284418,-0.8492785,-0.6549233,-3.03993,1.516706,-1.143546,0.5978529,-0.03937259,1.244722,-1.159832,2.192108,-1.052174,1.257457,-1.997706,1.539209,-0.4004446,2.831769,-0.9516628,-0.4646885,0.3018809,-1.081002,1.943242,0.02721101,0.6993518,1.495654,1.154201,-0.8887606,1.605421,-0.846103,-2.721731,-1.146146,1.018832,1.442476,0.3276778,-2.37168,0.7994058,-0.1360658,0.5947264,-0.06316513,0.172557,-2.004367,-2.187619
0.2051255,-3.201752,-2.525593,-3.523413,1.941286,2.373525,1.419862,1.745207,0.2174487,0.8653986,-4.568664,0.5986979,-3.88972,2.035346,-0.4894297,0.9025712,1.285137,0.001719087,-1.901327,1.933572,-4.880698,1.952821,-2.080655,0.7511488,-1.211728,1.075238,-3.275319,0.9343798,-1.447736,1.533053,-4.85056,3.015585,0.796616,4.778111,-0.9289149,1.218445,-2.362228,1.844615,-0.3810422,4.728952,-3.363543,2.90154,-2.18118,1.73033,-2.107747,1.473302,-1.148248,3.046219,-4.138981,2.813752,-2.08806,1.705646,-0.8712248,2.882109,-0.6443107,4.408993,-1.193671,5.63385,-1.308385,4.067248,-2.819794,0.1783091,1.433372,2.368564,0.6167198,1.615407,-1.437928,0.3781555,-3.498532,-0.02677886,-0.187433,1.103149,0.5652504,2.408096,-5.017514,0.0136818,-2.803508,2.535611,-2.66399,0.8288383,-3.476668,0.7787609,1.908984,1.46631,1.544436,-0.2071303,-1.765369,1.398255,-0.1939867,4.587238,-1.721228,-0.4160576,-1.584183,-3.063029,-0.1023815,0.7249806,-0.2504407,-0.8290133,-1.339491,-1.302386
-1.762633,-2.625275,-3.698163,-4.072483,-0.5862275,0.7827787,1.361979,-0.01448126,-0.3881153,1.648629,1.368153,2.284773,0.6618551,2.279676,1.520813,3.166047,0.7256411,2.973836,-1.773433,1.726207,-1.240775,-2.054714,0.04762767,-0.6647899,0.5825467,0.1996477,-0.4403546,-1.228316,-0.8467609,-0.2533343,-0.3174167,-1.161791,-1.929061,0.05565469,-0.4338855,0.9319559,-2.075492,0.4390246,-1.809103,1.433718,1.493249,0.9310433,-0.2726443,-0.6897172,2.092315,2.178387,1.811152,-0.5938681,-0.2433967,1.600789,-0.9004983,0.9745709,-1.689947,0.4661645,-0.8083425,-0.5710732,-1.893462,3.427759,-1.677929,3.013026,-0.456901,2.434003,0.01132591,1.927077,1.802842,1.03358,-1.551341,1.069728,-0.4966468,-1.725452,-1.972369,-0.286503,-1.639356,-1.571717,-2.996235,1.209644,-3.4316,2.294117,1.553048,1.35482,0.09102732,-0.829134,-0.3486462,0.4062191,0.9598047,-0.1934969,0.3086222,-0.2803262,-3.678231,1.905605,-1.029809,1.597958,-1.056386,-1.973347,0.9034456,-1.159302,1.753815,0.8428859,0.05955933,-0.3038647
-1.722948,1.981051,-0.6900319,2.439141,-0.6700725,1.166267,1.103932,0.6366289,-0.6799357,-0.590987,-1.628978,0.1284362,-0.5675341,1.44627,0.03795675,1.68336,-1.849827,1.263096,1.381333,-0.2752644,-0.1360373,-1.501571,-0.4399634,1.050168,-0.7957019,1.798672,0.6914133,0.7423147,1.738755,-1.874928,1.272028,-0.1231757,1.532963,-0.05969512,-2.248268,-0.00363528,-0.4338892,0.3431624,0.7786652,1.761215,-1.380184,-0.335242,-0.7538518,0.8528314,-0.9489186,-1.873902,-0.3893269,-1.082852,-0.6277189,0.6144686,-0.7908945,-0.007609092,-0.4676223,1.740489,-0.5219799,-0.4779794,0.9338943,-1.078083,1.469646,-0.8823757,0.1062631,0.8049805,0.8360385,-0.8465289,1.568164,-1.238571,-0.3184046,-1.604995,-0.5390019,-0.862385,-0.3584405,-2.313663,1.185908,-1.69208,0.3700962,1.903567,-0.3072531,1.355818,-0.3892933,3.384857,1.732747,-1.216512,-1.277522,-0.9608837,0.4842895,-0.09911796,-0.209608,2.473362,1.531781,-1.472114,-1.878875,0.5112715,0.3006982,1.00936,-0.2046745,-2.459102,-1.721532,-1.657038,0.9501041,0.4411176
1.260763,0.9345288,-0.3714563,1.044742,-2.449192,-1.635973,0.2283235,-0.633319,0.502727,1.281436,1.445722,-2.89014,0.01702754,-0.4109484,1.351628,-0.1507475,-0.4809064,0.02728547,0.3603822,0.1690394,-0.7988599,2.180833,0.3759139,-1.099184,-0.866374,-0.1468778,-0.649434,-0.4932485,1.108121,0.5021625,0.2565131,-2.24407,-0.1618716,0.3606429,1.456486,0.915917,0.6168668,-0.9591902,0.6851141,-0.2656272,0.3570848,-2.093442,-0.4340917,-2.325629,0.3708849,0.6661751,-0.07914343,-2.611861,2.875193,-1.72218,1.083387,1.367615,3.479634,-0.3209502,1.828625,0.5408889,3.702801,0.7596681,0.9738194,0.5814523,-0.1914048,0.1338304,0.853511,-3.230021,-1.543683,-0.2561874,2.015236,1.562589,-0.4769838,-0.8916126,-0.3463699,2.158159,-0.8190082,-0.01466791,-0.565047,0.8943071,1.804594,-0.08815978,-1.223335,-1.12892,0.5682586,-0.8861305,-0.6560025,-0.7537087,-2.172578,-1.642006,1.653324,-1.360408,-1.463024,-1.186935,2.089061,-1.109676,-2.075286,2.284752,-0.786406,-0.004845142,-0.03716414,-1.004559,0.8042353,-0.2824172
1.0721,-1.953792,0.5096871,-0.7332113,0.03954133,1.119652,-1.541717,1.76632,-2.815966,1.523737,-0.2533893,-0.4785178,0.1283012,1.152969,1.996537,1.08545,1.052177,-0.8767999,-0.1176896,-0.3641999,-0.4835721,0.7552624,-0.5174443,-1.392171,2.78764,0.4390013,-2.6859,0.1339053,1.159216,-1.606992,1.011312,2.802845,-0.5077232,0.8448921,0.076826,0.1362822,-0.801593,-0.5663146,2.623688,0.08914538,-1.072696,0.9899554,0.009553142,0.01538422,-1.110411,0.4450318,-0.8689734,-1.508138,1.670698,-1.687976,-0.3345423,-1.260716,-1.626985,1.317938,-2.046028,-0.4607132,-0.4872139,1.055705,0.3261644,1.210275,0.0616916,1.525574,-1.809422,-0.8121908,-2.540031,1.23521,-1.059845,-0.2453645,-0.5363848,-0.2156079,3.425266,-0.647445,0.1520992,0.5620456,-2.126777,1.683667,0.6585575,-1.396539,-0.8003475,0.2846852,1.061434,-1.178741,-1.096673,-0.7055339,0.7976459,0.2376673,-0.3468909,1.469696,0.358091,1.561359,0.04076656,-0.8009519,0.2397971,0.1741789,0.8224104,0.1174204,-2.502453,0.6934444,0.6499239,-0.1772353
5.032857,1.771351,1.110897,-0.06022086,-1.104061,-0.01295342,0.8724354,2.792253,-2.519426,-1.892962,-5.858828,0.8184712,0.08948884,-4.016468,-1.401643,-0.8469392,1.500839,-4.232282,-0.563042,2.434465,1.20348,0.1698292,1.890407,1.332176,-1.783739,-0.6914098,-0.5634834,2.271558,-0.7771997,-0.5397363,-1.547847,-0.9684796,-0.9089903,2.095182,0.2495417,1.17586,0.1577725,-1.861972,0.02892071,-0.007802151,-0.02778202,0.9323388,1.39336,-2.152141,3.180555,-0.9705569,1.604349,-3.488886,-0.7495408,-2.164395,4.32114,-3.274721,3.469503,0.7529331,0.3410797,-0.9187834,1.913095,0.203889,-1.05418,0.8064555,2.464026,-1.489676,1.49852,-2.117979,-0.9452591,2.208085,0.8033645,0.2036366,-0.4049864,-4.559421,-0.7902566,-0.1497376,-1.438459,1.897664,1.683423,-0.1124784,1.694596,-1.893499,0.3944118,-3.431769,1.60306,-1.270192,0.215532,-2.029601,-0.08371373,0.475869,-0.4435942,2.48684,0.3785766,-1.888426,1.883263,-1.236376,-0.4920689,-0.7723566,3.445278,1.555839,-0.6390594,1.106084,0.1932066,1.04162
1.240999,-2.854008,-0.2205745,0.120699,-0.3847787,1.98834,-0.05373685,1.084427,-2.227891,-0.1853286,-1.367969,-1.205073,1.699367,1.277336,3.262326,0.08852132,0.9916267,-0.8098772,-0.4916999,1.180118,-1.711275,-0.2883185,1.119152,-1.520247,-1.193126,-1.307725,0.6516376,0.4587275,0.3002779,-1.223449,1.615537,0.8451819,1.697067,0.5634621,0.2156828,-0.09939142,-0.2509223,-0.5798889,2.154189,0.6710835,0.5050812,0.06619741,1.126428,-0.4760838,-0.2996737,-1.004866,0.3264918,-1.81742,-0.4801008,-0.4744946,-0.2799001,-2.237915,0.7654233,1.043009,0.6174215,0.5395661,0.2669318,0.1822424,0.4400009,2.336189,-0.1566549,-1.511629,-1.337723,0.8111296,0.2540363,-0.9772524,-0.348404,-0.4558954,0.2736863,-0.4449545,1.359348,-2.394676,0.8481047,0.6168617,0.657271,1.455984,-0.03740614,-0.6912348,-2.691491,-1.430414,0.331931,-0.08653323,0.1395071,-0.8664588,-0.548941,-0.0001447648,0.973595,-0.8056376,-1.47258,2.12441,0.07473473,0.7498507,1.049023,-0.8422167,-0.03303728,0.3523837,-0.7193833,0.5774317,-0.6077077,-0.5839216
0.6937365,-0.06971873,0.8121808,-1.753516,-1.007699,1.667122,0.9713216,1.410401,-1.466926,-0.62529,0.7639945,-0.03610044,-0.6966143,-0.6588898,-2.464255,1.26325,-0.3326901,-1.066604,1.729443,-1.929337,1.470056,0.08473283,0.9433381,-0.6622144,1.185822,-0.06395598,-0.9414122,-0.8807664,-0.7622907,0.4212048,0.8469827,2.33935,0.3395798,0.5712266,-1.42688,1.269189,-0.3265032,-1.023328,0.4054623,-1.345449,-0.6409696,-0.100374,3.05825,-1.033374,2.08844,0.4133052,1.267231,-0.1584338,0.1464837,1.222588,-1.141835,-0.602862,0.732983,-0.4741699,-1.487341,0.2797996,0.4633166,-0.4615236,0.4962709,0.2345295,-0.5850134,-0.2487598,-0.8639528,0.6893163,-1.548957,0.9293553,-0.5390161,0.3776378,1.056697,-1.275188,2.69608,0.4630742,-2.632963,0.9307653,1.643459,-0.4206444,0.8630061,0.336944,-0.1363547,-0.4446476,0.6515111,-2.876212,0.9094276,1.923935,-1.665849,-1.747467,-0.4243396,0.2012441,-1.58397,-0.7575837,1.311301,-1.098439,-0.3505436,-0.5584387,-1.592467,1.815287,0.8362004,-0.004021842,0.5808044,-0.8114826
2.277105,-0.7724769,0.08451971,2.463995,-0.3111427,-0.6993335,0.09975637,-0.6870661,-0.5324677,1.204169,-1.3852,-0.1163885,1.111205,-0.5769319,-1.261218,-0.5573229,0.7246222,-0.4699208,1.151324,0.00332569,1.436955,1.655435,0.4121501,1.091357,2.516646,0.3032402,-3.833736,0.358105,1.101336,1.120355,0.6964688,-0.1771739,-0.4902847,0.0933709,0.1555341,-1.334237,-0.514993,-1.027203,1.821049,-3.176291,0.4315315,-0.01588703,2.154672,-0.7798429,-0.3111122,-1.365578,-0.3910553,-0.4317805,0.215231,-1.461935,0.4100388,-0.03978599,0.8014189,0.9024968,2.003678,-0.6192644,-2.223902,1.599661,-1.84058,-0.5268022,-1.164672,1.838159,-2.225489,0.7719591,-0.8305991,-2.18825,1.466727,-0.1620667,-1.720235,0.4158451,-3.106853,3.06258,0.8490525,1.208928,-0.1677636,1.632164,-0.01665701,-2.7221,-1.127971,-1.124046,1.100276,-2.176658,-1.999491,0.73952,1.050457,-1.467203,1.104167,0.4148225,2.494109,-0.214878,-0.04798473,-1.030228,1.499753,0.1060865,-0.0225109,-0.1729603,0.598166,0.8404889,1.325802,-1.300289
0.4472999,1.492881,0.8641313,-0.3455928,1.451037,-2.110717,0.5732786,0.4223484,-0.008889258,0.6275744,0.6864767,1.094116,0.1226187,2.168337,-0.6400025,0.02786568,-0.3249596,1.323973,0.8523386,0.2063457,1.168061,-0.9125603,-1.526812,0.2015887,1.20924,0.3704856,0.03653708,-0.3419774,-0.9822045,-0.06560376,-0.3137752,-0.4775627,-0.5952293,0.1723956,-1.106503,-0.3060666,1.511722,1.410427,1.356192,-2.012549,-2.084026,0.6480131,-0.460316,1.650268,-1.193785,1.362276,-1.947109,1.543414,-1.239854,2.378542,-1.630284,0.6319554,0.772103,-1.547746,-4.375204,1.058465,-0.1162998,-1.084388,-1.635855,0.4555879,-0.1914827,0.3916459,-0.7750719,-0.4676372,-0.7223017,0.860776,0.459562,2.823856,-1.251228,2.038049,-1.039165,1.768487,-1.153957,0.1855636,-2.078329,0.7352681,-1.877403,-0.4917823,0.4488215,0.8213608,1.895518,1.103862,0.5621939,0.1651599,-1.85273,1.081862,-0.04951996,-1.073235,0.1495047,0.4352605,-2.430416,0.2619608,-0.9083666,-1.352287,0.1772322,1.504524,-0.4740109,-0.1982113,0.2080919,-0.6034512
0.9187294,0.4014657,-2.792115,0.6858258,-2.11447,1.550348,0.9421993,-0.6557671,1.099707,-0.6218135,0.5438344,-2.348001,-1.229148,-1.110535,1.229447,-0.4883425,0.5689355,-3.557741,-1.204335,-0.1231754,-0.1678051,2.919709,0.9763824,-0.2394212,-0.4072073,-1.070768,-0.2860779,1.454094,-0.2092208,-0.6712802,0.9232965,-0.182678,-1.819714,3.035325,-1.74548,-0.04723099,0.6925623,-2.494015,-3.115961,-0.662926,4.870489,-1.043602,0.07095098,-3.035171,1.395692,-2.920366,2.727055,1.202632,-1.569618,0.1995711,1.223664,-0.5294785,0.05762096,1.183156,2.363224,-2.072139,1.441358,1.365987,0.8185728,2.082852,0.2252365,0.3492419,-0.3229321,-0.3320851,1.025046,0.8745069,-0.146209,-1.153417,0.7052206,-3.736384,0.506281,3.915902,-0.281243,0.8895013,-0.1494754,-0.8155124,-1.163569,-1.149013,-0.04555881,-0.622692,1.629243,-0.489998,-1.359745,0.7011135,2.172607,1.178626,0.3189771,-1.906626,0.5580735,-1.284759,1.825007,2.332448,1.739836,-1.644363,-0.2925975,-2.058178,-0.7975292,1.892486,-0.3957244,-1.100824
1.070792,0.9221528,-0.3795355,1.123139,-2.903732,1.205782,0.969836,-0.2300666,0.2037297,-0.2217526,0.7569278,-1.442691,-1.443484,-1.014647,-1.919242,0.728297,-0.7699288,0.7443957,-0.474649,0.2418477,0.470531,1.287446,-0.03163004,1.440157,-1.096555,1.656629,0.7251064,-0.770551,0.7552536,0.879669,0.4189321,0.03014776,-0.8888441,-0.1590495,-0.8197787,0.4789407,0.8792225,0.8103063,-2.736937,0.5982752,2.146202,1.392156,-1.989076,1.30601,-1.674112,0.3843083,1.224238,1.117808,-1.091846,1.609195,-0.9265044,-2.352552,-0.7010792,-0.8574797,1.76331,-0.9934027,0.5540454,-0.9374062,0.4045765,-1.397029,-0.7664927,0.5667062,1.965014,-2.716118,-0.107637,0.3837875,0.7358172,-2.500631,-0.1335476,0.8795354,0.7594211,-0.9677246,2.329777,0.1975373,-1.959901,0.8444941,0.8112278,0.9884287,-0.2775618,1.125337,1.50369,0.5660611,-1.051748,2.082222,2.789572,0.8558977,-1.172145,0.1822716,-0.4324078,-1.255797,-2.094807,-1.232613,-0.09064189,-0.799569,0.3183456,-0.4221613,-4.050986,1.318629,0.3954682,0.3574437
0.9174633,-0.6266084,-0.0578452,0.8218384,1.425359,-0.3393127,0.09645096,-0.05530753,1.581963,-2.210984,-1.338327,-1.361002,-1.255297,-1.361122,0.1999016,1.631169,-0.04186287,1.149026,0.3888523,3.29683,-1.056657,3.048668,0.04717753,1.445544,-1.431471,2.97662,0.2396021,-1.350151,0.2995703,-0.6121402,0.0805997,0.5564413,-0.6836424,1.381859,0.229068,-1.180858,0.5684992,-1.184055,-0.8064864,-1.309012,-0.3950693,0.4374045,1.041355,-1.456139,-2.030998,1.817069,1.089888,-2.157603,-0.1398715,-0.1652067,1.796245,2.046169,-0.6214842,-0.4551001,1.678017,1.564974,-1.104627,1.643729,-1.733441,2.994684,0.3721581,1.677171,-1.7987,0.5267553,-1.166598,1.631548,-0.3085487,0.1449787,-3.049584,-0.7177173,-2.218312,-1.44059,-3.049102,0.9298038,1.420355,2.742955,-0.390874,0.5749213,-2.62488,0.5236102,-1.061193,2.211034,0.2073666,-0.6753922,-1.001854,-0.02307167,-1.184208,0.6354222,0.6564302,0.5726686,-1.393809,-1.798498,1.464789,2.575224,1.651937,-0.9118699,-1.142306,-3.502286,0.3556652,-1.38576
2.285717,0.2630793,-2.131614,0.7495961,-0.01325775,-2.119904,2.263527,-0.9311234,-1.686552,2.510424,0.519173,0.4202638,2.170646,-0.3120961,-0.2027428,-2.322198,0.7725115,-2.020528,1.113913,-0.0640783,0.2623483,0.04262494,0.3753574,0.137633,1.771261,0.3679781,-0.6393734,3.181857,1.593641,1.100878,-1.915572,1.419002,-0.6868864,-1.04147,-0.07333005,-3.904344,2.548874,-3.049515,2.169846,-1.354292,0.3167334,0.457261,2.306907,-0.5799521,0.2546768,-2.741311,-0.263558,0.4712478,0.6060933,0.788098,2.208717,1.578438,0.5903563,1.73959,-0.7135278,-0.3946129,0.6396561,-0.2185001,-2.250372,-1.894553,-1.178206,1.233115,-0.5152054,0.3069638,-2.426403,-1.041865,-0.08998401,-0.7294139,-1.414765,1.502898,-3.025447,1.214707,-1.278388,3.547305,-1.143268,0.1549926,0.4757,-1.317077,-0.7884867,0.4793165,1.732696,0.6455315,-0.4036291,-2.320652,1.519614,-0.3847286,0.2197106,0.8260651,0.8854096,1.204227,-2.455052,-0.2830539,3.824026,-2.233658,0.5110818,-1.503841,-1.963175,-0.4517073,0.5610951,-0.3691079
2.544801,-1.256387,-0.4254718,4.147434,-1.217664,0.9985849,-1.725098,1.683127,-0.3657902,0.6374621,1.469243,-0.4445348,-0.9879628,-0.151298,-0.630946,-0.6067436,0.2172749,-1.512728,-0.3810224,-0.5830901,1.351774,-0.191718,1.896948,0.3402924,-0.1750775,0.1273361,0.6472074,0.8676,-1.327395,0.3095058,-0.4456946,0.4987066,1.51334,0.1442337,1.717019,2.777478,2.619387,-1.372658,-2.512671,-1.600011,-2.49144,-1.816062,-0.6648272,2.129639,-0.7403054,-0.2562184,-1.719552,-0.4829445,-0.6503427,-0.7855363,0.7842634,-1.333773,-0.8586318,1.6287,-0.02796358,-0.2551983,0.4605126,-0.4562167,0.580954,-0.7323894,-0.4354132,-1.252839,1.853073,-3.494483,-0.09925704,-0.2175843,-0.2517814,0.3545276,2.20075,-1.8546,1.669433,-2.328185,0.4678386,1.088227,0.2402168,-2.497635,0.5043639,-0.6576422,-2.0531,-0.5120343,-0.6649628,0.5787426,-0.5667391,0.6936237,0.3515278,0.7052357,-0.9635783,-0.7249979,2.188512,-1.859428,1.182068,-0.4847286,1.997496,0.8462623,0.4503388,2.420969,-0.06613492,-1.169512,1.976934,-0.5229656
-1.327872,3.860003,1.08004,-0.07318868,-1.033355,-1.728134,0.7863986,-0.3891659,-0.6040254,0.3600983,-1.274052,1.232814,-1.384173,-1.370532,-0.6466737,1.49254,-0.3086594,-0.6060844,-2.297832,1.179091,-0.07707697,1.714104,-0.7131696,0.02218357,0.5485477,-0.518808,2.133511,1.482077,-0.2225284,0.9675827,1.763974,-2.812797,1.57867,0.7277571,2.39896,-0.4181015,-0.6196085,1.817845,-0.05288982,0.3400805,2.124066,2.265567,-1.82712,-1.801778,-1.048321,0.6002678,1.031184,1.39892,2.214743,1.725845,-0.8812662,1.42183,-0.5246297,-3.132416,-0.9969136,0.8172954,-1.560059,-0.6630398,0.894437,1.222096,-1.287236,-0.5481195,-2.060408,-1.624536,-2.898571,3.173698,-1.622742,-3.216278,-1.970863,1.247133,-0.6429545,0.8302211,2.70922,1.152416,0.4034668,1.669665,-0.9494854,-0.9677011,-2.727129,0.2980122,-1.187737,-1.35277,0.4971907,-0.02843399,-0.7517065,-1.451284,-0.2103316,1.650412,1.459355,2.399012,-1.644914,3.059474,-0.03732586,1.166713,-0.6484472,-1.699433,-2.205127,0.2489649,-0.8728743,0.3531961
-0.4314411,-0.1457872,-0.1723025,-1.284355,-0.1158456,-2.265386,-0.5994509,-0.8076165,1.085329,1.232606,-0.932221,1.39201,1.018373,-2.295626,0.2300053,0.6537872,0.7457315,-1.099029,0.9147066,0.5686404,2.117576,0.7256233,-1.552033,0.03364341,-1.481447,0.0931354,-1.486605,-1.071774,0.02663825,-0.09444125,-0.1639998,-0.7412655,-2.366364,0.6079834,2.500654,0.6799341,-0.8361226,0.3452516,-1.139715,-0.321211,1.829655,1.824927,1.204067,-1.834074,2.65516,-0.9392989,0.9321051,-1.929735,-4.025897,3.163939,1.182438,0.4629315,-2.145433,1.102315,-1.926423,-1.381301,-1.199142,-0.3956451,-2.553329,1.278804,1.016454,0.4036322,0.2638699,0.5795465,0.8232581,1.535178,0.3017502,2.462743,2.281775,1.904549,0.6252534,1.358331,-1.728678,0.8148235,-1.464286,0.9276013,-1.915733,1.233183,1.544055,-3.143562,0.3980464,-0.8905312,-1.207387,1.082917,-0.07710277,0.1435386,-2.699336,2.431826,0.6556216,0.05036955,-1.816304,0.2832069,0.7003132,-1.133515,0.05482839,2.084908,-0.02893607,-1.800655,2.194425,-1.123633
-3.013453,-0.1993724,-0.8975065,0.8449366,-2.288769,-1.455249,0.3992552,-1.193528,-2.509241,-1.046468,-2.466019,-0.5511214,1.694323,-0.797574,0.6642228,0.9844087,0.5743154,-0.4815811,-0.4073218,0.08675576,-1.287087,-1.307701,0.8324335,1.080177,0.382817,-0.4207225,0.5409585,0.1721101,-1.018601,2.969255,2.026315,-0.5246564,0.9765444,0.8015493,1.555992,0.751189,0.8222963,1.001653,1.575829,-0.517141,1.718988,-1.052327,-1.98638,-1.562912,-1.746171,-1.752425,-0.8767475,0.6481938,0.2593859,0.2507637,-0.05460509,0.9144621,-0.4917404,-2.617834,2.012804,1.308677,0.05989502,-0.448571,2.679451,0.218612,0.5534622,0.7243522,-0.3978672,-1.562565,-0.4070727,-0.8848233,-0.2869903,-0.3245026,-1.442311,-0.07196229,-1.284003,1.622169,-1.254641,0.1925411,-0.037627,2.187414,0.5621201,0.7596229,-0.3249293,-1.359989,1.093565,2.447258,1.954249,-1.428616,1.536252,2.201566,-1.748191,-0.3541735,1.692667,1.0683,-0.5257763,-0.09266715,-0.3271737,0.72987,0.4221748,1.716223,-1.550422,-0.5232301,-1.248556,0.1385452
-1.327141,0.6990424,1.344747,-1.755617,-1.108724,1.461892,-1.544652,1.202561,-0.6150494,-1.346458,-0.2781809,-1.775554,-0.9966943,-0.1657288,-0.3248418,0.09400357,-2.695937,1.590433,-1.358006,2.033193,-0.6557822,-1.727181,1.162123,2.565141,0.05507399,0.3756589,-0.9873648,-0.4028103,0.1817743,1.328667,0.8802445,-2.263448,1.291348,0.8374242,0.2158146,1.628236,-1.644209,0.5244238,-2.4316,1.680569,-3.049895,0.1089946,-3.281264,-0.1247656,1.067195,-0.9313667,0.8548495,-0.6455241,-0.9752944,-0.4711767,0.9223967,0.1401577,0.3016167,1.271704,1.243095,-0.3318532,-0.316074,-2.730371,2.464201,-0.01704249,2.813548,0.581641,2.034262,-0.487713,-3.002086,-0.6380852,2.199254,-2.994793,-0.1732704,-0.1667126,1.568408,-2.208719,0.004071623,-2.490661,2.172565,-0.06209762,2.679827,2.058581,-0.6206272,0.7339156,-2.308577,0.5301308,1.707812,-0.5803334,-0.4810504,0.1480288,-0.2348833,0.8305703,1.466213,0.1470494,1.296781,1.763371,-2.034544,0.5434393,1.915921,0.7095731,-1.309226,0.07596155,-1.064198,1.629671
0.8366489,-2.228904,-0.4760073,0.9294341,-0.1874478,-0.0008102953,-1.641061,0.4533353,0.03639385,1.690314,-0.2418484,-0.3018387,1.019599,-0.2100094,-0.4762631,-0.09729132,2.162355,-3.168184,-1.01676,-0.9399487,-0.08840296,-0.7989627,1.44244,-0.05026269,-0.9760178,-0.9078276,-0.7680554,-0.8063439,-2.486409,1.102166,1.325043,1.022802,1.069074,0.3890074,1.361639,2.665045,1.037417,2.164841,-0.4332656,-0.5868945,-0.6215951,2.597177,0.7111118,0.08541632,-0.8440069,0.3301826,2.293368,-0.004263297,0.2877515,-0.9560736,0.4229238,-2.257316,1.211791,-0.04253855,-0.984569,0.9916068,2.322614,1.945369,-0.4715239,-0.2488259,-1.98375,-2.77017,1.587966,0.3945873,-1.277991,-1.285419,1.9082,0.9022211,1.272315,-0.5175885,1.945328,0.7156451,0.5218526,2.00799,-1.247683,-1.787451,-0.8332305,-1.902609,-2.705121,-0.1833018,-2.607422,1.31627,-3.519443,3.181948,0.7442245,2.472062,1.652688,-1.87102,-2.586416,-0.1649359,-0.1226054,-1.270074,-0.05901286,-0.671766,-0.505044,1.46711,-1.184718,0.4088705,0.1666179,-0.1964595
1.8804,1.151891,-0.1127698,1.337823,0.3220627,1.831378,0.3928968,0.6573793,0.7827205,0.1101558,2.486989,0.4581525,3.917615,-0.239241,-2.231138,-0.09682345,-0.4090611,-1.077572,-1.224838,-0.4164608,0.8980184,-1.346588,-0.7348627,1.898763,-0.7273242,0.2777032,1.758885,1.36977,0.4293754,-1.269822,2.398041,-0.5088207,-0.5021969,-1.926331,-3.993593,-0.9734196,1.303197,0.2055762,-0.7148464,-1.379288,2.222064,1.697145,-1.258718,0.8900661,-0.4966214,-2.133512,-0.7290171,-1.413109,0.8237153,-1.023895,-2.164294,0.6763704,-2.084355,0.4332744,-0.1813864,-1.713045,-1.276503,-2.52897,1.043754,-2.223459,1.567297,0.2677785,1.910018,-1.606186,1.349835,0.9102825,-0.9101244,-0.4677469,1.768229,0.8830664,-1.423345,-1.318412,-0.3497217,-1.507232,-1.358115,-0.2680205,0.6794685,0.8434807,1.909318,4.006759,0.8579468,0.5334461,-1.968823,-0.3727549,-0.2175994,-3.184471,0.6463298,0.2431132,-1.363858,-2.423318,-0.3319122,2.506482,-0.1909601,0.3659046,0.117193,0.6129832,-1.235591,1.815107,2.141603,0.01925093
2.640255,3.814758,-0.8846373,1.915064,-3.147331,-0.5098062,0.3898553,-1.685979,4.204909,-1.671762,1.469492,-2.294215,-1.93766,-2.493567,-2.356013,-1.449832,-1.322333,-3.588948,0.1861864,0.9357215,1.01578,4.541305,-1.073325,0.009857889,0.5274997,-2.014866,0.3403331,0.8062193,-1.319525,0.3337297,1.40661,-2.641832,1.476453,-1.830367,1.304749,0.7433511,-0.09760284,0.1762835,-2.336654,-0.9840283,0.5221111,-0.4891167,-1.206502,-3.187159,-2.197189,-2.067367,0.1285427,1.354714,2.545622,0.2863088,1.996688,0.3775235,-0.3329099,-1.215682,2.464317,1.344435,1.42759,-3.224491,1.603928,-0.8383135,2.067822,-2.070698,-0.3402892,-2.824259,-0.8671356,1.577509,1.886887,0.8283125,2.81092,-1.106893,0.8872522,0.8161985,-0.3984978,-1.700397,3.270643,1.560258,0.246761,-1.089337,-1.926656,-1.430509,-0.9910592,0.276614,-2.148311,0.2394723,-1.539449,0.8756416,-0.8768114,-0.6692805,0.6473016,-0.6590195,1.100154,2.31507,0.905413,4.359124,-0.3152845,-1.432492,0.3845424,0.7470649,1.820492,0.8717502
1.512067,0.3980762,1.06517,-0.09597951,0.4617611,1.063123,1.355302,1.977834,-2.496722,0.9650379,-3.988147,-1.583474,-0.1502577,1.911263,1.836527,-2.961082,0.5753684,0.7156045,-1.722897,0.2917998,-0.8065389,-0.9279081,3.136695,-3.621386,1.29326,-2.016049,0.6849466,0.3271086,-2.675313,0.1582445,2.258535,0.7080941,-0.8315672,0.5864202,1.51519,0.313369,0.6228139,1.686952,0.9657638,-2.191309,-0.07972491,0.9309958,-0.3151882,-1.053432,2.674807,0.08443654,-0.4897295,2.57347,1.851269,-3.008615,2.365111,-2.030769,0.5200103,-2.657791,1.107725,1.204305,1.402291,0.007554084,1.171242,-1.239199,2.457734,-2.618413,-0.2005492,-0.1161451,0.6835342,-0.4715165,1.34515,-1.196394,-2.918307,-1.179954,-0.5015815,0.1097315,-0.5280842,2.222349,0.7219343,1.110036,0.2440807,-3.491006,0.451695,-2.987822,-0.6777995,0.02894425,2.540618,-1.255472,3.06413,0.2891424,1.574421,1.673358,0.08103347,1.023229,-0.5306951,-1.743407,-0.8638122,-0.476768,-0.2277083,0.280214,-2.309188,0.1916311,-2.522618,-0.6121899
-1.254084,-1.346648,4.834993,-1.280526,-0.3872066,0.1990221,0.05025183,0.2136232,0.558586,2.719829,-0.8891218,2.302461,1.389779,0.8218977,0.6222976,1.495099,1.166564,1.521971,-1.873237,1.637678,1.304339,0.3925111,-2.578109,-0.2420796,1.605251,0.7456833,-1.940202,1.600974,-0.4650278,-0.07922161,-0.2700961,1.194311,-1.207063,0.3122272,-0.435461,-2.735899,-1.653053,1.117393,-0.9315358,2.099487,-3.781073,1.764836,-1.278491,1.258525,-2.051719,1.818498,-2.570676,2.50811,-4.169255,1.254503,-1.619513,-0.7773949,-1.675777,-0.2239074,-3.392662,1.381013,-0.9542955,-0.6275327,1.622973,0.4409056,0.7977702,-0.1041071,2.756906,2.166328,-0.1495294,0.5185763,0.2186511,-0.4176872,0.2553408,0.117099,-3.266332,-1.943096,0.7492785,-1.069029,-1.038246,2.002005,-2.76376,1.963802,0.7754411,3.190533,0.703872,0.5345894,-1.860436,0.4523998,-0.7038673,1.149337,-0.9874188,1.799968,-0.9623618,-0.9822754,-1.442559,0.3046661,-0.5481371,-0.3308165,-0.7145472,-1.475882,-0.8867744,-0.09392353,0.830581,1.188918
-1.367302,1.071875,-1.584444,0.09262744,-3.246447,1.509328,2.137121,0.6051558,2.835048,-1.590823,1.489908,0.3870797,0.3141747,0.7939219,-0.3265332,2.869803,1.194135,-0.005896278,0.5412067,-0.7621559,0.6499434,-1.865184,-2.334437,-1.123592,-1.781981,-0.4057147,-1.13333,-0.6219748,0.03413793,0.5315983,2.08225,-1.413599,-0.732264,-0.9919769,-0.5863608,0.1002247,1.596955,1.712776,-2.778234,0.6272804,0.7263499,0.4384402,-0.0332785,1.823118,-0.3623655,0.581538,2.149679,0.4714844,-2.381531,-1.959236,0.9901943,-0.8768339,-0.1626504,-0.6537849,0.347984,0.1962777,-0.4761839,0.551512,0.1614685,-0.4332163,2.335314,-1.34788,1.667547,1.177483,0.1559062,-1.359378,1.05803,1.485958,1.748683,-0.8195884,0.2030575,0.6444139,-0.9266847,-1.7256,0.7331583,-5.455327,-0.09531629,0.05470225,0.6669673,0.28881,-1.945583,1.242977,-0.5319769,2.14529,-0.4998926,2.374116,0.3588523,-0.08951607,0.3707343,-2.790854,1.52232,-1.516912,-0.7485276,0.640296,-1.521978,1.294168,-2.702811,0.1252371,1.90169,0.2588466
-1.061689,-0.1443854,-0.7162336,-1.48341,1.417176,-0.8558722,0.547808,-1.524397,3.380579,-0.8738126,3.027966,0.06952486,1.095485,0.1198839,-0.3949082,0.6146719,-2.640305,-0.3641034,-1.052664,2.052716,-0.05014505,0.6206798,-0.7707185,2.027084,-3.370209,1.484356,-0.6861935,0.1113699,1.433658,-1.133446,0.6750376,0.0967475,-0.8146513,1.181161,-1.981964,0.3629323,-3.190946,-0.5594707,0.5801586,-0.3663541,-0.7199949,0.977827,-0.2718273,1.822863,-1.546673,0.4812824,0.4542303,-2.144765,0.7365376,3.922925,0.88144,-0.5348536,-2.406022,1.698522,-1.532741,0.9071175,-1.194644,0.5399252,-0.7036036,0.09080867,-1.431233,2.29571,-1.478613,2.696167,-0.9985397,-1.00927,-0.1605278,0.6598449,0.4802165,0.02611885,0.8753866,0.4096667,-1.131888,-0.9259692,0.2089259,-0.05268504,0.7920372,-0.6169565,0.1885512,1.153703,-0.3336719,0.2838913,-1.910532,0.8614076,-0.9642802,-1.673094,1.330193,2.300643,-1.719407,0.4560312,-0.08377435,2.282909,-0.1246926,-0.2483546,2.352288,-3.721422,2.032061,-1.250332,-0.4996148,0.3276343
-0.7874905,1.759715,0.8477664,0.8975213,0.557803,0.9952997,-0.1224207,-0.2652846,-0.3522243,1.748481,-0.2399245,1.480451,-0.3927708,2.842366,-4.322723,2.240602,-0.4390106,2.336427,0.9883971,0.9837797,1.020901,0.3640445,-1.607913,0.4369819,-1.25253,0.8524786,0.8289194,1.744335,-1.929675,0.7707897,1.533276,-0.4793018,-1.997624,-1.002061,-0.412412,0.1897876,-1.32635,2.17139,-1.088043,-0.2051145,-2.068746,2.284152,-1.514958,1.354835,-1.57851,4.382428,-0.9907247,-0.5157136,-0.006093986,1.452813,-1.229356,-1.013968,1.570655,-0.4149013,-1.411649,1.394313,-0.7586772,-0.6064343,-1.498676,-1.380633,0.83568,0.2205709,0.4818724,-1.322341,-0.9192926,-1.053545,-0.830941,1.258411,0.814518,0.887117,-2.09662,0.4683165,-0.9640068,0.5596982,2.071321,-0.002840213,-0.6168267,1.81334,0.7526454,2.841927,-2.123785,0.3483291,-1.002717,-0.699394,-1.446082,-0.6471736,0.2856935,-0.5797127,1.143809,-2.039162,-1.8188,0.2905476,0.07017105,1.256851,-0.9209235,-1.696344,0.8071,-1.155154,-1.115161,-0.9758893
1.390488,-1.086321,-0.5718331,0.9292262,0.664851,-0.9208708,1.686881,-1.248192,-1.851793,-0.1707827,1.060512,-1.156876,0.3166239,0.4808814,0.474178,2.944898,0.7578748,0.6483895,-1.004781,0.8203455,-1.084283,1.848138,-0.5183836,-1.839639,1.991073,-0.8192335,-0.03013631,-1.122557,0.3451534,0.4744446,-0.3292707,-1.276252,-0.5512374,-0.04465595,0.629374,0.6687536,0.5005113,0.6652964,1.121938,0.4717119,-0.05743419,1.988692,-0.01360492,1.441581,0.6657218,0.4390896,1.358388,0.7283412,-0.7881054,1.982633,-1.494666,-0.749823,0.6449786,-1.652743,-0.0950698,-0.3876746,0.1135499,-1.166719,-0.06159182,-1.98421,-0.2969314,1.76352,0.6572654,0.4921136,0.9350844,0.6634666,0.03990201,-0.1664152,0.2291682,-1.365684,-0.1159985,-0.3364648,0.6939359,-0.3594936,-2.220334,0.2765312,0.4271761,-0.4540184,-0.2949588,0.142454,-2.589032,1.02932,0.3502931,0.464787,-0.2310332,0.4970272,0.2769687,-0.5497566,0.0950796,-1.037372,-1.221646,-0.2498524,0.08317013,-0.3165901,0.03031515,-0.8612434,-1.460069,-0.2620945,-1.071525,0.137159
1.297015,-0.5371708,-1.112528,0.7857772,-1.260145,0.1961027,0.33946,-0.1797512,0.7588751,-0.664052,0.1877647,-0.06722189,-1.048927,2.710226,0.9733613,1.248211,1.426634,0.5547312,-1.294971,0.353636,-1.247429,-2.337677,0.04215523,-2.705042,-1.189346,-0.4285251,0.9244891,-2.716717,-2.280402,0.5742649,3.372267,0.1870976,2.470613,-1.958195,-1.645238,1.921041,-0.3552136,1.570516,-3.573655,3.869585,-4.248297,5.834636,-1.631432,1.089388,-0.9504843,2.282207,1.872304,0.4510685,0.0505517,-2.244663,-1.066522,-0.1481391,-0.9813865,-1.172421,0.7455971,-1.066659,2.384266,-0.5014066,1.388905,-1.833444,2.664356,-0.11624,1.119916,0.8947452,1.444046,1.038413,-1.113866,-0.1878447,-0.03839523,1.580529,2.47381,-0.3103615,2.594301,-3.293502,0.08660676,-2.389576,0.6739889,0.02470937,-2.338021,0.687131,-2.196681,1.764199,0.08488934,-0.4991927,-0.5619844,-0.1611458,-0.2984109,-1.633049,-1.154705,0.2753021,0.7851713,0.304102,-2.133718,-0.2866813,1.214095,0.4684913,-0.08017734,0.599773,-1.043345,-0.3573621
-0.07366811,2.615958,-2.620995,-2.112786,-0.5690379,1.959709,-0.004377268,-1.346499,1.109414,-1.249019,-2.687906,-1.498254,-0.9570973,-1.258896,-0.9957933,-1.477382,-1.320829,-1.52727,-1.298983,1.930053,0.4555749,1.031906,0.2283823,-1.15274,-0.5439119,0.3691646,-0.6000758,-0.157209,1.007964,0.02012307,2.227506,-0.9584698,0.8896,0.1310156,-0.4706159,-0.6748184,0.2038199,0.07548756,-1.513258,0.516507,1.851497,0.2227859,-0.9604841,-1.495082,0.7832401,-2.167618,1.775868,0.128646,0.9167268,-0.5897469,0.893443,0.1831059,-0.1714104,-0.9565598,4.156509,1.304297,1.002091,1.867587,0.1026701,1.399938,1.122672,-1.013626,-0.3362252,-1.078701,1.198935,0.4316288,-0.1488903,1.74563,-0.2425056,-5.093205,0.2809787,0.9444838,-0.3459295,-1.15284,1.65189,0.03404339,-0.2830978,0.03182835,-1.960641,-1.164709,-2.415044,0.367622,1.06739,0.1027469,1.314568,0.4176857,-1.326977,0.7382658,1.185782,1.0324,1.753112,1.946891,0.1333911,-0.217711,1.248959,-1.493157,2.386603,-0.1756088,1.08656,-1.724997
-0.03463902,0.02837061,1.130441,-0.2748038,1.203866,2.391765,2.770767,0.6460571,-0.0155308,1.975228,-1.953724,1.00182,1.145529,0.6632695,-0.961266,0.4423711,0.02789163,0.9258739,1.185524,0.1086957,0.5705222,1.024841,0.01779681,-1.465443,0.6046075,1.409415,0.9875947,-0.4746696,1.411564,0.2884563,0.1359624,1.529816,-2.989942,-0.4339358,-1.179623,-0.2878461,0.1254432,1.766481,1.39973,-1.489503,1.535119,-0.4515074,-1.760184,2.093103,-3.156482,-0.3300292,-1.165682,1.313921,0.8349977,0.4350142,-0.3864453,-0.2112477,0.3439215,-1.281006,-1.192061,0.5300519,-0.4834038,2.665868,-1.477881,0.9763265,-0.55365,1.574938,-0.3724251,-0.2866676,-0.01701654,1.213418,-2.935976,0.8155931,-0.3434159,-0.9934335,-4.446493,0.2223666,-1.119912,2.627043,0.6252241,2.87913,-0.6156224,-0.7891414,-2.322161,-0.4130853,-1.964267,-1.486448,-1.576905,0.3190583,0.8566266,-0.009117372,0.2764739,1.550349,-0.5083845,-2.237967,-1.498723,1.776563,1.462415,0.4508207,-0.135087,-4.901124,-0.7201189,-1.241094,0.5651989,0.08184826
-2.513969,2.498118,-0.8699075,0.9445295,-2.049659,1.116483,0.02476484,-2.935458,1.574218,0.1816775,0.709776,-0.7117248,0.9044998,1.170207,1.041181,-1.444789,-0.9815292,0.05963517,-0.5467452,-0.1265352,-1.237142,0.1749784,0.2694282,-0.3036523,1.606147,-0.3771311,1.122173,-1.001015,1.586909,-2.193027,3.200651,-1.951636,2.465808,-2.8025,0.08464281,0.3928433,1.000523,1.387621,-1.900943,-1.941408,4.089637,0.6713013,0.7318997,-3.094407,3.415636,-0.8426028,3.588876,-0.1306872,2.824561,0.4991213,2.540086,-1.396159,-0.2650501,-0.3658456,2.39206,-2.018824,1.817788,-1.937747,0.8254824,-0.4930313,1.063891,-0.2842517,0.4193242,-1.917904,2.267742,-1.778903,1.123381,-1.97291,2.247105,-1.460687,-0.6374748,-0.06740827,0.5358593,-1.121759,-0.1477863,-1.969644,2.067534,-0.4741936,0.8693056,-0.4926249,0.814952,-3.498322,-0.2297329,-1.19264,0.1302897,-1.718829,2.075286,-1.781,0.4593861,-0.5206639,-1.625559,-0.1798347,-0.9499938,-1.41253,0.2750054,-0.8737913,-0.6153901,-0.4181514,-0.204884,2.71767
1.030276,-0.6111773,0.8173314,2.42786,0.7155727,-0.8404332,-1.31281,-1.871668,-2.526433,1.950351,2.217114,0.4600554,0.1585511,-0.5477446,-2.447267,-2.066123,-3.364368,-0.7944852,-0.3422379,-1.401854,-0.2532066,2.873519,2.152833,1.216716,4.773612,1.948246,-0.4279011,1.886347,2.957934,-0.4584323,0.3814594,0.01131459,0.04293273,-0.9456795,0.8691469,-1.66544,1.918329,0.5724986,0.6124431,-1.96207,-0.08636646,-0.5882778,1.814327,0.5059044,1.091973,-0.5067726,-2.291536,0.6123565,-2.242721,2.258672,1.190507,2.670324,1.591729,0.7036907,1.431125,-1.030701,-1.88488,-2.225203,-0.9067917,-2.365822,-2.261217,0.4924065,-0.6506503,-1.675184,-1.59978,-1.117593,0.3183294,-0.6796265,1.105849,1.238598,-1.863133,-0.9438916,0.6650972,2.036707,-0.4951653,0.7127029,-0.5221818,0.6011612,-0.2286419,0.7880747,2.561256,-0.8044797,-2.429986,2.626808,1.303774,-0.8543256,-0.03156213,-1.655477,-0.2777197,0.1056153,-4.115209,-0.8517496,3.530898,-1.367106,-1.000281,1.140083,-1.609912,-0.7039063,0.877651,-0.2628864
2.422228,-0.2195373,0.9397205,0.7080529,-1.524609,1.170083,-0.3867998,-1.966317,-0.5653945,-3.16712,1.489397,0.9805564,-0.7736756,0.9041041,-0.8315461,2.92038,1.517111,0.1943306,0.1235929,0.6648488,-0.1819924,-0.2640298,-0.4267693,-0.4880701,-0.9719242,-0.8250705,0.1834129,0.8395872,-1.444743,-1.520878,2.26916,-1.020223,3.050072,-2.293258,-1.374506,-1.077135,-2.734213,0.5655209,-0.3185395,4.337836,-0.572646,-0.8931574,-2.362742,1.842283,-1.84901,1.791281,1.059807,-2.194302,-1.743439,-1.570358,-4.073103,1.130786,1.028249,-1.071368,-1.301178,0.6043947,0.6644219,-2.13663,1.622359,0.6917078,1.796754,-2.339473,2.74714,0.04916183,3.001031,1.058491,0.4131216,-3.170749,3.06536,-1.281409,3.427655,-3.600035,-1.352856,-3.696221,2.851474,-2.589595,2.064559,2.598137,1.092657,0.5543196,-1.953063,1.743862,-0.8556074,-0.3827773,-1.838831,0.5017964,-1.969566,-1.566916,-1.567811,-0.3968518,4.350368,2.272783,-1.7967,3.009831,-0.5820009,2.113228,0.2192188,-1.820468,1.306853,0.9521243
-1.908998,2.294115,-2.281455,-2.775198,2.852246,0.2312208,0.6977872,0.08535122,0.04350185,2.806556,-2.760949,1.247109,-1.479988,1.889741,-3.317903,2.389395,-0.4565978,0.1123661,0.1214722,2.822947,-1.403032,3.706335,-2.645185,2.269082,0.4689187,-0.4682144,0.6072763,1.095713,0.9556096,0.180529,-2.426146,2.092033,-1.766397,2.7576,-1.056359,-2.076303,-2.423989,0.8348995,-0.008876927,1.775763,-1.7781,3.701906,-2.865917,-0.7281839,-1.3926,1.163743,-2.151871,4.217606,-3.945631,-0.3073375,-1.948919,2.973361,-1.29737,0.894134,1.247639,2.626855,-3.865317,0.2755547,-2.802594,-0.01067434,-1.491702,-0.570622,-1.610501,3.263654,-1.174937,-1.270816,-0.1392109,0.7932323,-1.810294,1.805406,-2.626104,2.132358,0.6344582,-0.5118822,-2.452858,1.322561,-1.633837,3.982994,-1.001997,2.312276,-0.0120045,-0.3569027,0.6778545,1.025765,0.04998899,0.9612769,-1.373618,2.246081,1.102219,1.85651,-4.378523,2.026751,0.489648,-3.198916,0.8419191,-1.361517,0.9387391,0.5048702,0.08126742,-1.161847
0.3699088,-4.292289,2.800658,0.7137007,0.8287755,-0.804926,-1.248107,0.205735,0.3885899,-0.6559511,0.9946944,-0.8766659,1.931945,-1.704774,1.254251,-2.739093,0.3514285,-0.9302711,1.48949,-0.565475,1.230388,-3.058831,0.04608727,1.504685,-1.52488,-0.8180369,2.658986,2.065438,-1.324741,0.4077053,-1.89709,0.7680773,0.2307809,-0.5343857,-0.411395,-1.19017,0.06927153,-1.413227,1.065435,2.527206,0.3981511,-2.132801,1.488694,3.25769,-1.425025,-0.4629475,0.9464545,-3.632684,-1.176474,-2.066499,-0.06889722,0.3996476,0.435805,2.01596,-1.349082,-0.9966636,2.489389,-1.484339,0.7708167,0.8511212,-2.486149,-0.2882337,0.1576174,-0.5606341,-0.9644506,-0.342067,-1.002366,0.3980116,2.223518,-2.187594,2.21562,-0.8336349,-2.111409,1.635587,-1.294399,-2.290022,2.505599,-0.6246561,1.602293,0.2197926,1.711836,0.4239083,-0.7679403,0.6741341,-0.3207401,0.6201926,1.043852,0.100365,1.738943,-0.5517596,2.288633,-1.498063,1.042434,0.2239034,-1.136773,1.388507,-0.8396845,0.4195468,1.041298,0.2537399
0.7337387,0.2516629,-1.054706,-0.8129138,-0.2747003,1.86329,0.03094823,1.308118,-0.735797,0.01998238,2.857016,-2.447061,-0.5652028,2.53639,2.919818,-0.434523,0.604077,1.161637,-0.9889852,-2.353588,-0.1224604,-1.70571,1.584803,-2.690163,0.8309717,3.224431,-1.019938,0.425474,-0.1015025,-2.193562,1.527956,2.110544,0.1937039,-0.3223214,1.01528,-0.6358501,-0.2313129,0.04348386,3.193372,1.42504,-2.848947,-0.7599933,0.04668425,1.604358,-3.314129,-0.6712621,-0.9910334,1.627298,2.569193,-2.721813,-3.44353,-0.6292862,-0.1072305,1.118015,0.7316778,1.19743,0.3976085,-1.521068,1.466717,-3.524645,-0.07117924,0.7726607,-0.008039732,-0.4411341,1.192116,1.435105,-0.700873,-2.279816,-1.8396,-1.231978,-0.5814323,-0.9888459,0.6673212,-0.09425546,-0.558603,0.9784071,-1.550355,-2.473225,-0.7289718,3.199416,0.2174219,-0.7936629,0.8524638,0.6354781,1.135068,2.156429,1.416709,-2.698938,-0.163098,-1.068921,3.281826,0.01124052,0.7202585,0.9130233,-2.04328,-1.906316,0.8032666,1.761539,-1.146197,-0.1785144
0.6370345,1.192457,-0.05861709,-0.01270089,0.01303869,1.461722,-2.976824,0.4446027,0.3020244,-1.652093,0.9557915,-0.2878179,-0.05951536,0.633947,-1.623666,0.4233471,-1.6321,1.239201,0.3242986,0.6650996,-0.02795001,-1.517156,-0.3005992,1.006713,-2.970525,0.9450496,2.396563,-0.06738571,-2.065673,-3.218529,-0.5339385,-1.520666,0.05122053,0.06684721,0.2475124,-0.6121017,-0.8436758,0.1523158,-2.663813,0.7342119,-0.6738747,1.736941,-0.175245,0.963509,0.6672905,1.024369,-0.07227784,-1.238124,0.7495601,-0.1305746,-0.2003742,0.9745492,0.7524729,1.236941,-0.08577202,-1.166754,0.9388767,-0.5788731,1.367355,0.2310526,1.90648,0.4132332,1.60049,1.076404,0.3850991,-0.275512,-0.1451793,-2.10459,2.27311,0.560087,1.568855,-1.627156,-0.2844317,-1.249191,3.150976,0.9996648,1.235687,1.350583,0.1096319,0.7477213,-1.855844,-2.028345,-0.655232,-0.7746326,-2.0956,-1.096323,-0.9384334,-1.335597,-1.79531,0.5224684,0.9960312,2.456953,0.02292173,1.372566,0.6845512,0.5037091,-0.3162022,0.9172021,-2.468641,0.6230956
-0.5031274,2.30551,-1.072539,-0.7960414,-0.1416771,0.9796926,0.6672662,0.1896785,0.8727202,0.4259366,-1.282099,1.452301,1.059944,0.04613774,-0.4870145,1.545249,1.000245,-0.9809812,-1.090226,-0.3693782,-1.529991,-1.463916,1.386309,1.169283,-0.4756545,1.385932,-2.272604,-0.5186396,-0.338679,-0.6679041,0.2649691,0.08754376,-0.4001766,0.926067,0.2407781,0.0473821,-0.4996486,0.5444638,1.406922,-0.9313185,-1.115527,-2.29497,-1.025153,0.175171,1.026616,0.4701189,-0.2531789,-0.1396961,0.1493597,0.4373856,1.469965,-0.08412835,-0.7834935,0.1985395,0.3926543,-2.511328,-1.515943,-1.487659,0.9649123,2.179608,0.5021029,1.125612,-1.285059,-1.074181,0.6594337,1.309919,-0.1475557,-0.5223224,-0.8124731,0.4632441,0.949304,-0.2116557,-2.184749,-0.6618609,1.37978,0.5047158,-0.5494531,0.3045757,0.4995353,-1.342407,-2.568509,0.1966706,-0.7812147,0.292116,0.1758824,-0.200888,0.4630315,1.240066,0.3860322,0.9284104,0.7766893,1.348678,-0.5017387,-0.1763625,0.5933018,-1.6241,-0.862186,1.125808,1.20616,0.6396776
-0.08408184,-0.5825085,-0.4579402,-0.2998899,-1.588401,-1.156365,-1.296776,1.9492,0.06351226,0.03868871,-1.311619,1.616176,-0.8484398,-1.30021,0.573505,-0.8656222,1.40236,-0.02798099,0.152291,1.101772,1.902104,-2.672673,1.691706,-0.3406519,1.760003,0.4698486,-2.562158,-0.3721445,0.3718626,0.03638165,-1.615486,-1.921095,0.5955526,-0.8070181,0.3183204,1.089331,0.4426648,0.8788011,-2.208009,0.4705516,1.625966,0.659304,1.3878,-2.917017,1.203292,1.27131,1.513154,-1.331925,-0.6099201,2.356643,1.371787,-0.08413158,0.6163808,2.411251,-1.357057,0.3619617,1.401043,0.2805938,-0.2207122,0.1073565,0.1583909,0.08225309,0.4916057,-0.3799422,1.110444,1.206841,1.671249,0.1744582,-0.03684331,1.835995,-1.601666,-2.710944,-1.547039,1.673098,0.2682173,0.9576662,0.2438217,-1.395847,-2.855838,-0.6390077,1.480049,0.2391691,-0.6279668,-0.9685152,-0.3982301,0.2788371,-0.6355695,0.2314666,-0.03405372,-1.772339,-1.239587,-0.779431,0.0577912,0.01211476,2.507733,-0.1413594,-1.214569,0.4033298,0.7470928,-1.505519
0.5539926,-1.129367,-1.617799,-1.615291,-1.103529,2.318634,2.431759,0.7180294,-0.5817655,1.042556,-2.04651,1.338004,-3.778116,-0.207631,-2.591531,-0.9407847,-0.6645917,-2.268896,1.813239,-0.3261765,0.9221949,0.3142361,0.2518269,1.287121,0.02275937,0.2119256,-0.4306861,0.1002604,-2.200476,3.170902,-4.882127,1.048219,0.1448397,-0.8989136,1.702247,1.825402,-0.0009396151,-0.04363307,-1.622407,3.101266,-0.1277063,3.203082,-3.509664,3.061646,-4.41431,2.408242,-3.631974,2.417427,-2.919277,2.8114,-0.2763134,2.257509,-0.439903,1.783389,0.2010219,0.7275655,-1.066291,2.863906,-0.1078809,-0.210125,-1.670823,-0.4483302,-2.002714,0.3872447,1.846761,-1.176911,-1.083412,1.846697,-1.223517,-0.4868131,1.045299,3.533867,1.124683,1.335035,-2.863656,-0.2319955,-0.7575901,1.843206,-2.849785,0.2251129,-2.880316,1.944589,0.8515868,0.6820167,-1.016376,2.675228,-3.317818,0.2387005,1.01567,-0.5989923,4.013843,-1.670967,1.512524,-0.7188835,0.7416646,0.7061085,0.2733066,-1.361851,-0.2455013,-1.636875
-1.396742,-0.4336621,-3.060507,-2.0952,-0.1635753,0.7501985,2.858869,0.07065868,0.1540473,-1.719761,0.9880228,0.8281646,0.7243968,2.558602,-0.03712397,2.11578,1.300126,-0.7130571,1.183789,0.3179919,-0.8291984,-0.00453556,-0.08160149,1.022113,-2.309359,2.655876,-0.9683454,-2.545579,1.181808,0.0440308,0.412105,-0.4073095,1.446747,-2.123922,0.7913461,-0.0895832,-1.493915,-0.3280119,0.4748927,0.7557369,1.859458,1.609476,0.2855712,-0.8147281,0.225956,2.196941,0.5851722,-1.269029,-0.5019086,-0.3996971,-0.4681407,-2.065121,-1.515559,1.941267,-0.06189467,1.988833,-0.004700083,3.069933,-0.5959415,1.375977,0.5143945,1.154592,-1.944152,1.529731,-1.596206,0.3357394,-0.1742203,-0.08240889,0.4833758,1.163107,-0.1954374,-0.6318635,-1.349632,1.032132,-0.8865404,-0.5104254,0.9701018,0.2755734,-2.748742,1.017871,-1.423282,0.8016849,-2.327939,-0.8298138,-0.2438966,0.2094488,0.05540897,-0.5496062,-1.377183,1.573347,0.7835018,-0.007854346,-0.9315044,0.9955496,-0.2288112,-2.063808,0.401966,-1.144658,1.210709,-2.536422
1.626242,-0.4508966,2.305681,1.735392,-0.4911363,-1.157956,-1.153705,3.264333,-0.8064248,0.9111961,-0.9188526,-0.2297984,-3.28219,-1.351834,2.885259,-0.5151803,-0.9808976,-1.020156,1.484253,1.71831,0.9846544,-2.116022,1.763921,-2.255976,-3.160725,-0.3592496,-0.4309478,-1.057947,-0.3037251,1.703428,0.5387772,-0.4898663,1.932796,0.3998286,0.190417,-1.171197,-0.5280103,-0.2566326,1.380575,1.081468,-0.4846658,2.590548,2.500646,0.07346503,2.515152,0.2362401,-0.06757977,-2.253806,2.880738,0.4006419,2.952123,-1.227158,-1.090684,-2.378392,0.05923254,-0.04317101,0.8460867,1.227266,0.617336,0.835951,2.036539,-0.8376473,-1.491129,-1.188405,-1.941019,0.1894883,3.707888,-0.7785249,-1.751079,-0.6320951,-1.792702,-2.126223,-1.495471,1.82101,0.2774434,-2.784978,0.7277544,-2.934108,0.1763117,-1.511261,1.998502,-0.2218919,0.5605299,-2.078157,0.471517,0.4804416,1.878068,-0.2150621,1.794111,-0.1917826,-0.3894601,-0.7723182,1.76448,-0.5507469,-0.8723093,0.8882957,-5.811267,1.772409,0.01527864,0.2003993
2.146311,0.6048589,-0.7229149,0.4959229,-1.045683,-2.241699,-1.408373,1.203901,1.352803,-0.1491172,0.2827109,-1.586103,1.113759,-0.1310962,-1.337962,-0.4047717,0.8022484,-1.65239,0.8349397,-0.239475,-2.69099,2.066895,2.67425,-1.940898,-1.093539,0.5843647,0.8814425,-0.1427299,-1.16663,1.036444,-0.7663815,0.7367969,0.7457637,0.7501782,0.4438125,0.9138182,-0.7078649,-0.2903165,0.502453,0.2521291,-1.182572,-0.343009,1.269539,-1.903219,2.009828,-1.238574,0.1938769,-0.923209,1.902743,0.1481808,0.07251649,1.08892,1.123294,-0.4476216,1.189889,-1.451061,-0.5403337,-1.199986,-2.553118,0.2778291,1.254911,-1.106449,-1.334213,-0.5120392,-0.7054176,1.024399,1.320122,0.7938758,1.312715,1.232481,1.306674,2.425016,-0.1467975,2.123169,-0.7081399,-1.238626,2.248815,-2.516565,-1.1112,-0.5982518,0.8277173,-1.185938,-1.389442,-2.508982,-1.324232,-4.142751,1.74183,-0.9439229,-0.8294181,-1.46748,1.743428,1.191254,0.782921,3.682143,-1.386556,0.5683977,-0.1569563,0.8754791,1.524504,-0.8672588
-3.217939,5.93453,-1.197397,-1.993011,-1.336266,-2.466097,1.129532,-1.473929,1.95302,0.9571466,0.9012966,2.500009,-0.1225832,2.096834,-2.935022,-2.756288,-0.1672699,1.549374,-0.2344428,0.4223621,0.4169075,-0.6096668,-0.04850498,0.1421058,1.014293,-1.811797,3.6715,-2.262381,3.543412,0.9712505,-0.6343243,-1.526679,-2.489832,-0.2561559,-1.168826,-1.228731,-1.442546,2.151718,0.7434608,0.7658989,1.608057,-0.8857809,-0.6906456,0.4744442,-0.7116833,2.21272,-0.1864736,1.588032,-0.753382,-0.8283321,-0.6614945,0.2631585,-2.262897,-2.250454,2.116228,-0.8531766,-0.1371029,-0.6041378,-0.9765471,-2.167427,1.170916,0.04616621,-0.232958,0.7541443,-0.7320429,-0.5906364,-1.32512,0.2301014,-0.3953297,2.208303,-2.818591,1.598878,1.663119,0.868682,-0.6029663,2.138716,0.3839669,0.04035571,0.3500435,0.008533031,-1.133688,-0.006441385,0.4283697,-1.512176,1.10861,0.09710351,0.1388099,-2.288587,-0.9185935,0.0733496,0.559678,0.7173094,0.3298538,2.454732,2.646796,-2.533824,2.210463,0.303218,-2.07281,0.8554784
-1.355067,0.5745133,-2.418261,3.67813,-0.5908573,-1.149563,-0.906019,-2.953061,0.1741977,-1.511607,2.020127,-2.38573,1.137312,-0.4262479,0.3504883,-0.05254723,-1.006838,0.7219084,-0.598714,0.8751811,0.2626683,1.712335,-0.235403,2.623793,-1.104256,1.373632,-0.8662651,3.241734,-2.465217,3.070677,-0.6404589,-1.230031,0.7047986,1.110828,2.339317,-0.1906586,-0.8566762,-1.65751,0.3378882,2.489899,-1.899802,1.298619,-1.975995,0.9860985,-2.097792,0.01210871,0.412419,-1.011838,-0.3714229,1.152132,1.63094,-0.6077874,0.1727131,0.1654553,-1.591018,-1.476537,-0.01387979,-0.7555831,0.1726505,2.45915,-0.8259336,0.6410437,1.715504,-2.275031,-0.1527104,3.121663,-0.07808511,-0.1043977,0.6520939,0.7719886,-0.5810827,-1.064304,0.3310879,0.4972472,-0.680136,0.04951612,-0.6770531,-1.96929,-4.240541,0.5665733,-3.162252,3.784183,-3.446496,1.013496,-0.279084,2.827644,-2.073715,-0.008477464,0.635576,2.025994,-0.3269966,-1.524984,3.260677,1.383572,-1.419361,1.351554,-2.925661,0.2044012,2.171748,-0.04904427
-0.0406214,1.799437,-3.88741,2.779479,-3.265747,1.115714,0.7024515,-2.417731,1.390921,-0.4627198,-0.946833,-2.979768,-0.5486177,-3.495746,-0.9924947,0.9455832,0.1823903,-1.210394,0.2928719,-1.729674,0.9485176,0.7908533,-0.9897758,1.05293,1.230342,-0.4139142,2.051342,-1.092658,0.9717792,3.336634,-0.2561439,-0.02348199,3.338413,1.315198,-0.6556252,1.221581,2.716747,-1.573416,-0.5654337,-1.97309,3.432501,-2.755013,-3.145709,-2.177067,-0.2187144,-0.2812254,1.648428,0.2140002,-2.037401,-0.8130076,1.929912,-2.185261,-0.3840246,-0.6401956,3.35093,-1.211382,-0.5302935,0.3941232,3.502034,-2.517856,2.429252,-1.11449,0.6140651,-1.860218,1.758805,-3.428554,0.1915025,-1.285077,2.98543,-4.016583,1.654019,0.6180615,0.9875973,-1.334725,2.947052,-2.325061,1.068097,1.154753,0.6074073,-1.572208,1.579107,0.9852998,-1.762584,0.3227465,-1.526037,1.225404,-1.004258,-2.328023,5.004726,-0.5001051,3.388328,-1.795429,1.556519,0.359722,-1.781126,-0.0288287,0.6984087,0.103576,-0.2313276,1.418085
2.219716,-1.450932,1.319055,-0.6212841,0.8328932,-0.8635496,-1.22552,2.890011,0.1814765,-1.229857,-0.3435336,-0.2648771,1.678585,-0.8627844,0.6627319,0.06080307,0.7089527,0.5702933,-1.198064,-0.716223,2.568681,0.5180423,2.178972,1.665949,-1.333135,-0.2404792,0.3827429,1.087198,-0.2796967,-1.416135,-1.577593,2.15285,-1.678055,-0.844655,-2.05449,0.3342682,1.040311,-1.82099,0.05088319,-0.421235,-0.6076429,-0.5163175,2.56069,1.079487,0.4515301,-0.985963,2.509958,-1.543345,-1.404822,1.159386,0.03995956,0.1199904,0.2969604,0.6097517,-0.2358652,0.7311313,-0.4876773,0.1008828,-1.233953,1.290752,-0.9207733,1.386252,-0.5564694,0.644745,0.9815981,0.5592908,0.652141,1.932193,0.6396456,-0.00955288,-0.5830183,0.05409731,0.3501199,0.01277699,-0.2092087,-1.716745,-1.042431,-0.1703375,-0.3550884,1.454028,0.4130926,-2.028212,-0.4324534,-0.626555,0.4153861,-0.06193294,0.047683,-1.90521,-2.742743,-1.865254,0.3971916,-0.1087345,-0.1932265,0.4280389,0.08327796,-0.7567576,-1.433534,2.351873,-1.402837,-0.2785712
0.5563064,0.7960647,-0.7427171,-4.076588,-0.2589643,-0.3521307,0.7040927,-0.7863027,2.017083,-0.3875304,1.950048,-0.4353243,3.544101,0.1891031,0.9607671,1.361016,1.606567,0.5929294,-1.655944,-1.94194,1.082707,3.137444,-0.8633316,0.0808043,-1.750131,-2.969328,-0.3326133,-1.387504,-1.313161,-0.5315886,1.416796,0.6885089,-0.6544132,0.9555992,-1.076951,0.4864766,3.405941,-0.1196472,-2.622301,-1.85575,2.442065,-5.226422,2.700348,-2.960399,0.1590046,0.4341166,1.69844,0.2433457,0.960765,-0.3557976,-1.674889,1.118743,-0.8977534,1.97224,0.6907422,0.9142321,-1.230097,-0.2822399,-1.948086,0.8812311,-2.107008,2.287936,-3.357388,2.721516,1.074836,1.665111,-1.889411,2.471985,2.052195,-0.5916643,0.6794252,4.906707,-0.6824802,-1.350936,1.260861,-2.085787,-1.841871,0.8290958,3.820654,-0.8244848,0.854154,-2.693655,0.1080686,1.348659,-3.334992,-3.057985,2.757608,-1.070492,-2.570773,-1.239439,-0.4495673,2.039809,-0.2078707,0.6228198,-2.163378,-5.457341,4.888521,0.2813564,1.684169,-0.4367505
-0.3566368,0.4235794,-2.477136,0.1200944,-0.02596903,-0.4498465,-0.5589978,-0.6440577,0.4458007,-1.987529,-2.12927,-1.848944,-0.2957813,-1.656823,-0.1676585,1.186661,1.024957,-1.289779,-2.062887,-0.7109424,0.3004306,-1.624902,1.548332,-0.5430555,1.969425,-1.404548,2.254956,-0.1760829,0.2349666,1.017467,2.27527,-1.188099,4.12533,-0.9083195,1.12173,-1.362174,0.06559384,-0.8747543,0.06513765,0.7468421,2.006371,0.6632751,-1.16372,-1.303265,2.321547,-3.720579,1.888237,-0.1661169,-1.882644,0.3495622,0.7562625,-1.295991,0.3159648,-3.869778,1.601432,-0.6121007,0.6829723,-1.589455,1.679323,0.4950732,1.940454,0.07591408,0.4369601,0.953355,-0.490987,1.427361,1.184806,-0.8547734,-0.3818415,-1.652164,-1.059725,1.350716,1.949356,0.4796897,1.272205,-0.04072836,1.72428,-1.742923,-0.4900072,-1.220083,1.339279,1.22942,2.153654,-0.1648184,3.851269,-1.435663,1.98051,-0.008721087,-0.1426055,3.195184,-0.9105964,-0.4417441,-0.4653463,-2.240119,0.9760843,-1.566142,-0.3974999,-0.4000065,-2.008716,-0.7440375
0.1650258,0.6900042,-1.231616,5.746032,1.821036,1.373599,-2.757627,0.4086701,-1.723392,-1.9052,0.4180723,0.8803354,-2.181891,-0.8184001,-0.3385769,-0.9251942,0.1616332,-1.587912,1.819178,-0.3798823,-1.752286,-2.558635,0.1881073,0.01767254,1.086647,-0.4061323,0.04455236,0.7227088,2.586982,1.991935,-0.09019646,0.3534865,3.015245,-0.7106168,1.600512,-2.900661,-1.357811,-2.281883,1.260182,1.036868,0.06391501,-2.109241,0.9047099,0.1355923,-0.4645419,-1.604286,-1.45474,-2.286198,-0.5316178,3.444577,0.3035752,-1.481884,2.983153,-2.045179,-0.516314,0.6136428,4.536246,0.7872199,3.366963,-2.165881,0.3830872,-1.517141,0.3842484,0.8466063,-2.429937,-3.280817,0.2887574,-3.363287,-2.387633,-1.815854,0.235652,-4.862076,0.422578,-0.2660183,1.248779,0.0915131,3.703356,-1.205436,-0.5118046,0.1116883,0.6448718,0.9969781,0.3189171,0.6671735,1.952242,2.174171,-1.287324,0.500125,2.768092,1.465718,-0.7954661,-1.110699,1.7362,-0.5271472,-0.1920423,2.885774,-1.82042,0.2809795,-1.753701,1.059008
1.905421,-2.848666,1.422696,1.862898,-1.102476,-1.191074,-2.519317,2.57429,-0.6406479,-2.491839,-0.1196721,-2.921713,1.865047,-1.053563,-0.1583493,0.7761091,2.194434,-0.9196037,-0.4118723,0.4994982,0.2837454,-1.012502,1.486841,0.1397785,-1.519662,0.1339846,-0.9425695,1.493826,-2.071615,-2.79047,-1.075255,-0.9057982,0.2568854,1.539654,0.8519585,-1.019771,0.7318901,-1.29294,2.384555,-0.8792337,-0.4492211,-1.478092,-0.1722673,0.6712867,-3.027658,-0.06425323,0.159813,-2.102752,0.3476731,0.07774992,0.3818789,-0.6591625,0.0730337,0.6748065,-0.6151121,1.21701,0.5151022,-1.340419,0.2673051,1.296887,-0.4929182,1.2616,1.645909,-1.320403,1.271288,0.6501423,1.723284,0.8377306,0.2822755,0.6294246,2.053514,-0.9929315,-2.589659,2.293873,-0.8901314,-0.06779443,1.977382,0.2564898,0.516956,-0.2115113,0.8660464,0.9750479,-0.856723,-0.9794348,-1.978495,3.901003,-1.912654,0.1268848,0.2943363,-0.8968098,2.487539,-1.822546,1.0768,0.962075,0.2431337,1.264108,-0.6112832,-0.9629596,0.4661813,0.2347175
-0.2417178,3.644069,-1.084896,0.5482372,-1.899928,0.3943818,1.198474,-3.318079,2.457885,-0.685998,-1.549783,0.5499965,-1.387565,2.316683,-3.220935,2.54152,0.2675098,-0.1169618,-0.6667823,2.592711,0.1911616,0.8692206,-0.6152804,2.592917,0.7752107,-0.3434036,0.9683241,0.02903946,-0.5012366,0.7151027,0.834237,-0.5379692,-0.5363786,-1.614606,-0.4071093,2.078218,0.7313722,1.152909,-3.989226,1.644844,0.8273178,-0.3924777,-3.322665,0.3349465,-1.054599,-0.365561,0.6685854,-0.03540035,-2.514882,-1.093523,-0.4506593,-1.844581,-0.1511706,-2.285372,2.035387,-0.3265786,0.09944605,0.6939425,2.325644,-0.2843016,1.718658,-1.954619,2.478538,-2.301658,1.183368,-0.2455367,1.271946,-1.744954,0.3678226,-2.186355,-2.392482,-0.7471727,0.5751591,-1.975489,4.556845,-1.454685,-0.3239789,0.4530173,0.4264036,2.42501,-1.682216,2.352925,-1.785761,3.153832,-0.4490041,0.5386437,0.6003214,-1.456227,1.871617,-2.160784,0.9636369,0.7064172,-0.2462206,-0.8073843,0.1527196,-1.129577,0.5109411,-1.188578,0.6077645,0.0774282
2.912312,0.9154835,1.888144,0.4487866,0.8145606,2.372637,0.01179751,-1.635123,-1.644096,0.6534261,0.8463175,0.6573293,1.558415,-1.480339,0.3539243,-1.137969,1.116287,0.4961878,0.4696919,-0.7001863,1.444915,1.134356,0.5842622,-0.7727952,1.766657,-1.213844,-1.814439,0.3780893,1.539182,0.7135828,-1.216621,1.189531,-2.425366,2.235837,2.02728,-3.804829,1.430344,-0.4957168,1.845477,-2.523971,1.080395,-3.869663,2.110775,-1.24479,-0.9255036,-1.740224,-0.5501134,0.3511475,-0.1961127,0.06492319,1.373134,-0.4684626,-0.7995496,1.084447,0.4168974,0.5732325,-2.135151,-0.2497674,-4.221796,0.3968131,-1.343118,3.405392,0.3485604,-1.133484,-1.469661,1.044318,-1.366137,0.1231945,-1.989683,0.008116983,-0.932447,0.9815572,-0.8391056,1.006316,-0.3764129,2.317561,-0.2636966,-1.592426,0.6114132,-0.7182629,2.992408,-0.06062125,-0.3476542,1.770789,2.408064,0.4606462,-3.219508,0.2193903,1.910593,-1.534744,-2.244732,-2.259314,3.014688,-1.914411,0.9349751,-0.4807593,-1.171909,-0.9373318,0.6371635,0.01011705
-0.3117253,0.7564253,-0.1207189,-1.865188,-1.012845,-1.882914,1.238517,-0.1367099,-0.9625169,2.435156,1.041883,0.1996619,1.312515,-1.956595,1.620881,1.055056,-0.2302033,0.2684544,0.3581735,-0.3702164,-0.04472421,0.8458427,0.2755021,-2.735945,0.8888617,-0.6654047,0.01257721,-0.1621201,2.093409,2.153712,-0.7829572,0.3064536,-0.9144489,0.8212481,0.02677269,-1.334977,1.818706,0.4010126,0.9067218,-1.529796,0.7751084,0.1554482,0.1343146,-0.7022439,-0.5657403,1.559024,1.894246,2.740262,1.43823,-0.1982335,1.461656,-1.493605,-3.198965,0.388722,1.430568,0.255816,-1.311382,0.5625888,-1.327855,-1.923142,0.06219818,0.8390265,-2.128675,0.6765011,1.754762,-0.9309644,-1.551497,-0.09597985,-2.324409,2.304984,-1.524184,0.4830013,1.771394,1.505033,-1.504042,2.341152,-1.27255,-2.507195,-0.1557943,0.9209629,2.06453,-1.039386,-0.2137846,-1.451458,2.819482,-1.96403,1.007286,0.01860654,-0.719997,-2.329872,0.003167883,-1.738581,1.470428,0.9379751,0.1257765,-3.671637,-1.361257,3.107099,-1.859283,0.2388542
-1.349828,3.359804,-2.030188,-3.256521,-0.9532359,-0.1222749,2.586772,-0.1953606,1.532247,-0.3972731,-0.02588166,0.7656903,-0.5494035,0.9650417,0.1185945,-1.972212,0.6599411,2.590687,-0.5656691,2.28355,-0.470442,1.979334,-0.4253367,1.201877,-2.156652,1.021705,0.7870963,-1.963999,1.843758,0.1144488,0.6695068,0.07576152,-0.7093003,1.675753,0.326533,0.9202403,-1.306203,-0.8205289,2.301604,-0.9428517,-0.3260641,-0.7836033,0.430119,-1.545367,2.853677,-0.4109678,-1.275934,1.231658,-0.3552367,-0.7299411,-1.278719,0.935459,-0.3519851,1.723378,1.8591,1.863997,-2.668301,1.059485,-0.6175422,0.4567286,0.2884362,2.43311,-1.658021,1.968868,-0.2376711,1.836514,-1.262745,2.058055,-2.051191,-1.418049,-4.506808,1.652919,-0.9166456,-0.1631755,0.1497403,2.755713,-0.5253698,0.6157691,-0.623387,-0.6678309,1.157153,-1.362203,1.854602,-1.451481,0.2902158,-2.958077,1.24343,-0.3122347,-4.723062,0.5433056,-0.6257594,2.953591,-2.595225,-0.8918466,1.103305,-1.152123,0.8915371,0.6627908,-3.691917,-0.3009595
1.295486,4.64174,-0.01484289,1.954466,0.6566091,-3.414028,-0.187369,-0.2716822,0.4710336,-0.6572447,1.185886,0.89187,-0.07910179,-1.786798,-0.08609974,-0.3545182,1.238986,-2.342748,2.579519,0.01842866,0.6761055,-2.251309,-1.854333,0.4769315,-0.8631184,0.4521025,0.8654096,-1.178885,-0.0608074,-1.038553,-1.549834,-0.6129057,0.7442622,1.67048,0.2966943,0.5629837,1.309351,1.323518,0.003957041,-0.5859438,1.278212,0.8742516,-0.02894341,-1.505806,0.5415116,-0.1984883,0.4023307,-0.7638689,0.7443858,-0.152143,3.904425,-0.5349511,2.771406,-2.412376,1.01105,0.3406978,2.402846,-1.213251,1.115268,-0.7993832,-1.747436,-0.1392031,0.5065676,-1.753476,-1.885749,-1.616627,1.97168,-0.2736861,0.5301332,-1.933092,-1.552736,2.209742,-3.342002,-0.3368618,0.2704034,-4.454607,2.9224,-0.6065019,-1.619796,-1.459981,1.062744,2.766183,-1.056944,-1.66815,0.8606938,0.7829481,0.8389161,0.1040029,4.695534,-1.051034,-2.569053,-1.4664,1.954277,-0.2142939,-1.100227,1.678121,-2.297814,-0.9071789,0.6940984,-0.6984652
-0.450282,-1.254233,1.668645,0.5060737,1.77055,0.7058811,1.720152,-0.1673254,-0.9286436,-0.1126454,1.202473,0.6201396,2.305448,1.76262,-1.657116,2.353997,-0.3154914,0.1811485,1.14524,-2.489388,-0.5305444,-1.919748,-2.015142,-0.6581827,-1.287466,0.8173307,-0.3411102,-1.230744,0.5959111,1.301931,-0.5297979,-0.917978,-0.2905346,0.3816299,-0.6750119,0.1357325,0.8820459,1.015687,1.662914,1.140499,0.9001968,1.053049,0.8291368,1.776377,-1.46259,2.60792,-0.293377,0.3249243,-1.692037,-0.2550556,-1.204558,-0.6606416,-1.061613,0.6664185,-1.184981,-0.6124933,-0.6704698,-0.04484846,0.4329157,-3.153989,-0.3008492,-0.4039447,0.7547042,1.153467,1.502453,-1.591525,-1.737507,-0.1952592,-0.3976418,-1.853245,0.4737269,-1.941569,1.382925,0.2674189,-0.9280281,-0.3073623,-0.856795,2.079555,2.63746,2.291782,0.9710991,-1.229198,-0.9172614,1.927865,0.06525086,0.2473705,-0.5862025,0.07009274,1.615093,-1.791552,0.7009547,-2.149828,-0.7155383,-1.605937,1.854589,-1.095656,0.5616322,0.0797926,-1.180769,-1.250515
1.074233,-0.501267,-1.461119,1.029092,1.137266,0.06071214,0.7164486,1.350861,-0.7627043,-0.6263848,-1.671769,0.1185274,-1.605943,0.5012408,-0.2670931,-0.3167176,-1.284916,-0.09528734,0.3840758,1.939732,0.1390847,-0.2619406,-0.4005136,-0.1191522,-1.092539,-1.246784,0.3784463,-1.80908,-0.3942972,0.7641596,-0.02373523,0.2152066,-0.9500526,-0.8544604,-1.134998,-1.079301,-0.03547028,-0.501857,-1.710622,-0.2495231,-2.80909,-0.08623347,1.387102,-0.1325072,0.2977075,-0.2684827,0.4693388,-1.098346,0.9911883,0.05605887,-1.669518,0.2183914,1.980167,0.08860872,-1.022779,0.6775704,-0.2076235,1.476254,-0.08459925,-0.6773987,0.8958074,1.855633,-0.4093331,1.424208,-0.7505282,0.3164598,1.1958,-0.513843,-1.767753,-0.4388578,-1.235995,1.145475,0.1716356,-1.241099,0.8740516,1.765429,-0.8579182,1.183843,-0.2203063,1.513696,0.7601523,1.505942,0.1883347,0.4467485,-0.3598728,0.2480558,2.525395,1.682102,-0.6379938,0.6784026,-0.9953956,-1.095081,0.1128649,-1.587083,0.5368732,0.9394628,-1.188314,1.422555,0.08353393,0.8895468
