1.115527,-1.668339,0.7313908,-1.671775,-1.248689,-0.3035438,-0.6773659,0.6258125,0.829713,-0.618521,1.317923,-1.220364,1.948983,0.5781796,-0.2718003,-0.7030465,-2.188074,2.8543,-1.420537,1.765336,0.3644582,-0.2602109,-0.08944514,0.7719767,-0.1108505,1.267905,-0.03545331,0.3429473,-1.047442,-1.769954,-0.1293485,-1.153133,-0.9220777,-1.829296,1.533367,-0.2006761,-0.164025,1.259083,-2.550566,1.873917,-1.751891,1.365472,0.9905667,-2.412669,1.213395,0.7212317,-0.1318933,-1.018286,0.8914441,0.9375867,-1.931851,0.4816062,0.7692285,1.213142,1.229238,-0.03417592,-1.766786,-1.280792,0.03179539,-0.8737947,0.003564097,0.3088611,1.120884,-0.02460303,-0.9882635,0.2429428,0.8798662,0.7711413,-1.282541,0.0844403,-0.8567649,-1.856737,1.635066,0.5379008,-0.3494584,0.3672463,-1.115523,1.185773,-1.875567,2.108583,-1.435825,2.520652,-1.286332,-0.1839006,0.3671294,-0.61707,-0.707967,-0.1953787,-1.069419,0.923178,0.1800085,0.1434897,2.880187,-0.09943926,0.6348278,-1.636015,0.7678193,0.6446675,0.1874776,1.516247
-0.2684285,-0.6435251,-1.309227,-0.9434834,1.84052,-0.003941685,0.7755502,0.9513968,1.88192,2.207759,2.206102,2.724088,0.08954141,2.185293,-0.97482,-2.136165,-1.24712,-1.048915,1.95817,-0.5640624,0.6141703,-0.1355563,-0.9949043,1.611348,1.373131,-0.190812,-1.692011,-0.8032866,0.4990014,0.3839772,0.7452544,-1.930825,-4.265742,-2.325006,1.606011,0.4358828,-0.2119042,-1.28417,-0.164428,-1.263589,-0.3133177,0.8624396,1.440216,2.470323,-0.05128956,0.6944947,2.220998,1.65739,0.04294893,0.8452098,-0.2795886,-1.276885,0.8926539,2.452933,3.491894,0.7373701,0.9331331,-1.283089,-1.063864,-0.9866242,0.7279332,-0.8913102,0.6943569,2.151788,3.340328,0.8272076,1.586915,-0.2813929,-2.761898,-3.882345,0.6920792,0.06785884,-1.34065,-4.14073,-0.9468716,0.08619127,1.107938,1.584748,0.2543765,-0.6503117,0.3715614,0.2703721,2.472893,-0.8031108,1.902489,0.7139646,-0.3979274,-2.904932,-1.733381,0.1347784,-0.670467,-2.213777,-1.48737,-0.1886861,-1.464933,-1.22621,-3.19193,0.5622394,0.2764597,-1.822769
-1.341074,1.106783,-0.3376651,0.9863372,2.484208,0.01325506,-0.2455017,2.980556,-0.3277396,2.059287,0.7583871,1.366012,1.039549,-0.610199,0.3463722,-2.241224,-1.346624,-0.489485,-1.667395,0.3703583,9.983894e-05,-1.412076,-0.7233773,-1.27918,-0.4559268,-0.1021931,-2.499214,2.388762,0.2015796,1.782426,-1.104629,2.832418,0.7267474,0.7360768,-0.09430337,1.726786,2.79232,-0.6050304,1.151141,1.025231,0.5476341,0.9332709,2.952107,0.3182986,0.4983778,0.9270064,-0.3004157,2.770601,0.7575725,1.32616,3.42072,0.2154417,1.492641,1.783643,2.017764,1.328889,1.686147,1.593878,1.484158,-0.5095398,-1.284832,0.737141,1.176636,0.009081245,-1.351734,2.429325,-0.04898036,1.283561,-0.1472855,1.011038,1.494888,1.044071,-0.02181023,0.6292726,-1.4224,0.9494167,-2.45731,-1.142277,-0.8059387,-1.686333,-1.32015,-1.618261,-0.6206331,0.1005211,-3.885809,-1.295061,-1.364918,-1.529734,-0.1392655,-2.659482,-2.591672,-3.418923,-1.61851,-0.6390898,0.738745,-6.477433,-1.009817,-5.890936,-0.7451165,-1.646203
1.763711,-0.9895191,-1.053164,-1.40394,0.218848,0.7190307,-1.244661,0.903159,-3.405741,2.167612,-0.3312801,-0.1625104,3.548815,-1.143847,0.8422288,0.3178609,1.196668,-1.47276,0.9477783,-1.238339,1.950795,-1.962389,-0.02631594,1.852969,-0.6016668,0.1754641,-1.157218,-0.9407952,-0.002972198,0.09189624,-0.2141445,-0.844385,-1.030885,-1.380313,-0.5310919,-0.604264,-1.877207,0.5639544,-1.584096,0.7519273,1.623285,-1.85328,1.023772,-0.8562516,-0.06552465,-0.4487685,0.9211125,-0.7452551,0.8552769,-1.103318,0.6185389,-0.7440473,-1.272535,0.08466715,-1.268992,-1.778939,-0.4565775,-0.6716424,1.760585,-0.8600057,0.7749649,1.160761,-0.3607151,-0.01941068,0.3427219,-0.383283,0.7242268,-1.388811,1.112339,-1.213946,0.6539857,0.5546539,-2.744062,-0.2557458,0.1802491,0.1177566,2.391971,0.07704487,1.314216,-0.09386616,0.451465,-0.1543508,0.4919057,0.01051705,1.348404,1.408067,0.07802881,0.8678375,0.6745796,-0.08427586,-0.1653218,-1.217927,1.559556,-0.8726873,0.5244207,0.7204752,-0.6804872,2.627791,0.2628577,1.632781
-0.03801457,-1.052828,1.763518,-0.2860765,0.3270832,-1.252852,2.107564,-2.248494,-0.4080769,-0.6450708,-0.4771843,2.097116,-2.138163,3.356443,-1.693731,2.028403,0.6713552,-0.6771948,-3.329116,-0.3649699,-0.2487543,-0.2073104,-2.107888,-1.549194,3.238286,-2.234486,-2.245307,1.276832,-0.451001,1.644892,-0.4870058,2.45485,-1.690836,1.134013,-2.619522,-1.615146,-0.9508429,-0.8734826,1.294599,-1.734762,0.7902191,1.8946,1.816643,-0.2841594,0.1655137,1.38341,-0.9623348,0.6791149,-0.8448172,2.664317,-1.262836,2.200427,-0.8213701,1.545131,0.09159186,2.852764,0.8378742,0.5865293,1.395669,-0.2700603,-1.127425,-0.3885149,2.184025,-1.947086,1.948304,-4.737081,2.280274,-0.5738442,3.185264,-0.08058191,3.281665,-2.0874,4.233082,-3.045277,-0.1057135,-1.327668,0.2952388,-2.461214,-0.107604,-2.373356,-0.2867328,0.4247553,0.4200875,0.3505119,0.6936015,-1.10025,2.064934,-2.407288,1.956531,-1.271551,2.03743,-1.120137,-2.167264,-1.337753,1.592233,-0.9479016,-1.865067,-0.5145388,0.6551928,1.552251
-2.809586,2.75292,0.05143254,-0.532782,1.3368,2.360538,-0.6455612,2.116374,-0.8268474,1.340789,0.408819,0.7968209,-1.340567,-0.3971165,2.419345,-2.834821,2.710195,-0.8278314,2.501553,-1.044866,-0.1789804,-0.226289,-0.6414811,-0.06748862,0.5296897,2.957988,-4.564003,1.059121,-0.9785752,1.614306,-0.7551447,-1.6355,0.6802788,-2.889446,2.36373,-0.9418298,1.555197,-1.749814,0.7876443,-0.2058991,-1.153392,1.434166,-1.004127,2.103063,0.1858632,0.1739153,-0.1723966,1.160991,-0.2196409,-1.938131,3.490622,-0.8078023,0.07349174,-0.8296182,1.538658,1.050536,0.490958,-0.6907655,0.3213365,0.2379557,-0.7464601,-1.337796,-0.6413329,2.235855,0.04368853,1.737251,-1.458182,1.245607,-0.5749629,-1.538227,0.3762495,1.372939,-1.648003,0.1432766,-2.253716,1.837774,0.7608277,-2.547223,1.224462,-0.6377087,-0.8325209,0.01964653,1.502435,0.9173555,-0.7089875,0.6732476,0.8257743,-2.243442,-0.8650299,-1.258383,2.955028,0.8660715,-4.285503,-2.709855,3.310434,-2.449107,1.497359,-3.60927,0.3780778,-1.272448
0.8004465,-0.6143672,0.3971419,-1.437027,-0.1470878,-0.7886603,-1.964505,0.4728698,-1.62625,-1.827542,-0.8777068,-1.317108,-0.7638486,0.8660631,0.3798597,-0.8714568,1.127347,0.6717853,0.1828746,-0.2609752,0.7735319,0.03717603,-1.571135,0.3696653,-0.1875086,-0.5287065,-2.074996,-0.666469,2.74834,0.9281357,-0.04659669,-0.2540249,-1.438058,-4.461647,-1.409271,0.5408445,0.4627845,1.321469,-1.085458,0.2463068,-1.757236,-0.6463466,-0.9465225,-1.052648,-0.5743148,1.143094,0.2350381,-0.09710537,-0.3816476,0.2016225,1.368201,1.06556,-0.4244071,-0.7375831,-0.4032283,-0.1194061,-0.1020149,0.8919808,-0.1528996,-0.6357298,-0.3879139,-0.03815511,0.9400147,-0.3761267,0.4905368,0.3751262,0.8707606,0.9283016,1.028703,0.1831012,-0.9368377,1.350654,-1.232067,-2.309312,-0.998419,0.02831336,0.4009663,-1.196814,-0.5575137,0.2436466,1.295146,1.197428,1.691228,-0.4049155,0.9192879,-0.4610114,-0.7466375,0.5702806,-1.45899,-0.4968004,0.5943924,2.096557,0.9067934,2.025856,1.394395,0.4481739,2.457144,2.844571,0.9693352,2.370164
0.3681701,0.4360186,-2.03951,0.6706988,0.7624625,0.1106661,0.3944188,2.040893,-1.989505,1.259321,0.8886349,-0.5323011,0.8695846,1.015639,-0.01840502,-2.047067,0.8681576,-2.007829,-0.7419321,-3.79673,0.407761,-1.70968,-0.6931257,1.182141,0.8523716,-4.308947,-2.16488,1.726794,2.611259,0.6178425,-1.829263,-0.8226578,1.263172,-0.3863773,0.6822795,-0.4989444,-0.9135077,0.183242,0.9680082,-2.111856,-0.7251588,2.612795,1.334394,0.9967242,-1.682744,0.5074954,-0.2666039,0.03718925,-0.7470509,1.515588,1.826648,-0.9605522,3.352453,0.8968852,2.183435,2.917139,1.089271,-0.1698929,0.4407934,-0.2479386,-1.278753,0.6598476,1.925294,0.8117557,-1.519222,0.2075668,-0.568081,0.8843689,2.985009,2.545615,1.844458,1.258903,-4.346184,-0.141655,0.4054638,1.641336,-1.866511,-2.2211,-1.134656,-0.05076838,0.5070301,0.6013588,-0.3943665,0.5289214,-3.678075,2.628471,-0.0962519,-0.3291383,1.712492,1.275975,-1.532141,-1.901969,-1.858555,2.547842,0.9972607,-4.600613,-2.451033,-1.983214,0.8074212,-1.301994
1.163783,0.6439381,0.4444851,-1.512653,-0.3563156,-2.078515,0.9187105,-2.39667,0.1111727,0.2635869,-0.06012218,1.120358,-2.022905,2.310326,0.2890868,0.054578,0.428639,-1.877099,-0.5683264,0.5030444,0.2560719,0.9823171,0.4615875,-0.6381697,0.479076,3.633763,1.673156,0.770562,-0.9030349,1.824919,1.121527,-0.2842209,-0.7587695,-1.655172,0.7213445,-0.7779451,1.989251,-2.398201,1.363387,-0.08584709,0.2406869,-1.321315,0.1113876,-0.5007325,1.238493,0.5897378,-0.3670865,-0.3815688,1.567818,-0.5457943,-0.5806064,0.4057107,0.4335425,-0.9195485,-1.088239,0.592943,-1.018555,-0.009839706,-0.1804236,0.2421912,0.6556684,-0.6051281,-0.6134241,-3.391792,0.266653,0.9941533,0.4700174,0.4115734,1.337546,-1.409699,1.510122,1.27406,2.491045,-0.8368258,-1.655283,-2.681413,1.212203,-2.020091,-0.4675173,-1.181321,-0.1954317,-1.168097,1.125693,-1.388057,2.266622,0.1787567,2.866077,-3.317699,0.7815086,-2.509738,0.2152953,1.212384,-1.064561,-1.804255,1.425925,-0.3854194,0.6381674,0.9091852,1.910838,-1.121246
-1.528066,0.4096093,0.1019245,3.851211,0.224569,1.605584,-0.4821931,-0.8356234,-0.9261637,-3.299548,-1.274562,-0.625209,0.8031667,0.8574423,0.1120278,0.8215268,0.6615487,0.01129118,-0.8074971,-1.305931,-0.894734,1.052003,-0.678336,-2.259856,-1.965482,-0.916964,0.2972588,-1.1508,0.6601055,0.1094205,4.128808,1.97571,2.761273,-0.5612312,0.01807812,0.4137012,0.2268537,-1.667401,-0.2153487,0.002899528,-0.5039751,3.634691,-1.593431,1.954188,0.5247379,1.672696,0.2745599,1.819441,1.299369,2.484027,2.595765,3.542462,2.372736,-0.1437712,1.878603,0.9653399,0.2766556,0.2332644,1.030058,4.284307,2.886106,2.392606,0.149364,0.423034,-2.898664,-3.107468,-2.777374,1.655844,-0.1372442,2.482917,0.3942354,2.851481,2.07352,2.123784,-0.9956583,-1.337757,-1.876334,1.147297,-3.216414,-1.297709,-1.552855,-2.666223,-1.096785,0.5269369,-0.3774654,2.018898,-0.1257428,3.161843,-0.09118587,0.8348564,-1.973161,-2.437211,-3.791345,-4.119903,-5.271468,-2.565138,-4.830689,-0.9309416,-3.115615,-0.8451652
1.166149,-1.953796,0.5256413,-1.516258,2.095812,-0.9460192,1.441908,1.257896,-1.060021,1.085545,0.5091897,0.04443628,-0.5959467,-0.5988512,1.137929,-1.788911,-1.320026,-1.366264,-0.07538536,-0.9698411,-0.05569842,1.114726,-0.3686353,-0.1126754,-0.1117769,0.3619219,1.626857,-0.2689005,-0.7890245,-1.461585,3.343107,-1.42488,0.8613621,0.8855568,0.8873143,-0.6048087,-0.6590638,-0.8261912,0.541639,-1.178401,0.409432,0.50034,-1.341444,-0.2668224,0.2536823,2.049012,-2.350971,0.4457305,1.106261,-1.149328,0.4132678,0.4315954,-1.201254,0.7932229,0.6691221,2.886937,-2.050807,2.593999,-1.179308,1.910228,-0.8484418,0.3513013,0.2432224,1.069629,-1.231808,2.673245,-2.423445,0.2363521,-0.6837454,0.5477507,1.554354,0.3265364,-0.7059592,-0.6122645,2.505016,-1.122581,0.5587741,-1.251371,0.8592006,-0.7904329,-1.518679,-1.183697,-1.143139,-0.1214304,2.230627,-1.485289,1.146841,0.6006038,0.8530277,-0.8057127,1.571065,-1.46436,-0.8947712,1.713471,-1.178428,-1.023649,-0.4157916,-0.5632293,-1.223653,-0.1060626
0.004133075,-0.1374919,3.507833,-1.154862,1.412349,1.408153,-2.575961,-0.690855,0.4029223,-0.4080134,1.357467,-1.485627,1.85216,-2.481628,0.5148767,1.484146,-2.562922,0.1353032,0.08777015,-0.4669324,0.4008681,-1.07122,-0.4603099,-1.000841,-1.737187,0.221169,1.406608,-0.905818,0.2983934,1.160229,1.622425,0.3738412,1.039932,0.1658832,-0.7521873,-0.6786126,-0.3156846,1.783101,-1.159055,2.564797,-0.2297097,-0.700479,-0.4664748,1.005223,1.925153,-1.178239,2.014994,0.1471605,2.160819,2.025712,2.126339,-0.3359885,1.869145,0.6238293,-0.6900133,-0.7443163,0.7396428,1.138087,-0.02183707,1.366992,0.5102291,0.4049259,-0.8957025,0.4992999,-3.241581,-3.281785,2.934312,1.52707,0.3342488,0.7751838,-0.238859,1.42672,0.1956983,-0.1861628,-1.102556,-1.426849,-0.04903264,-0.6208375,-0.1404527,0.3552319,-0.8295071,1.599322,-0.8489015,0.7706375,0.6629449,-2.878376,-1.24673,1.48894,-2.515168,1.191245,-1.95017,-2.180299,-2.146692,-1.141539,-0.5443568,0.3692355,-0.6377286,-2.053776,-2.528577,1.7052
-0.3958261,0.3019996,-0.3850786,0.139574,1.703215,-0.979208,2.284339,-2.67354,1.687825,-0.1509791,-0.9109437,2.23248,-1.521577,-0.5271666,-0.3433802,0.8009803,0.3411628,0.5194522,-0.05652008,0.2962099,1.519476,-0.3523817,2.160111,-0.2450994,-0.7241459,0.6970074,0.3401144,1.736054,-0.3790179,0.8294554,-0.3505436,1.181392,-0.0156748,-1.105374,-0.8890268,1.025777,0.5319743,0.4604053,1.316627,-1.602553,0.4910057,0.047318,0.6276284,-0.7109933,-0.5473124,-0.3914994,-0.2267403,-1.83065,-1.74078,-2.349761,-1.267281,0.5481939,-0.01342035,1.29207,0.1621978,-0.2425456,-0.01897227,-1.853532,0.1827208,-0.6319228,0.1453222,0.438291,1.172603,0.1523219,0.4571402,0.2832271,-1.641849,0.2526307,0.2987089,0.2197281,0.04960187,1.114118,-0.8794347,-0.9210292,-0.3704356,-0.6240126,0.4573562,1.129666,-2.436486,-0.7101656,0.6702753,0.9748687,-0.1712392,-0.4092253,0.3670448,0.7025847,-0.315844,-0.6751118,0.2320767,0.4913961,-0.1233665,0.7889351,-0.03607847,1.484213,-1.324068,-1.478963,0.3220978,-0.3012743,0.4398738,-0.2488177
-0.9781172,-0.5230485,-1.711649,-3.395119,-2.990404,-1.199426,0.9075603,-0.8896938,0.678797,-1.189273,-0.7270042,2.270775,0.5868225,1.74682,0.4680149,1.994869,-0.2847297,0.1027501,1.444246,0.06445854,-0.5718749,0.07737165,-0.3574255,1.647272,1.024751,3.226427,0.8035735,-0.7624747,-1.318144,-0.8094414,-0.5816798,2.26219,-0.7806286,-1.265878,-0.009139426,-1.348867,0.0324735,-1.339127,0.6091195,0.02297642,0.0379264,-1.19767,-1.748739,-1.052608,-0.2461732,-3.023055,-1.88575,-1.721608,-1.910219,-0.6309683,-1.015232,-3.711244,-2.586203,-1.516125,-0.6827824,-1.824792,-0.6616508,-0.3594744,-1.699342,0.3804552,1.313332,1.347536,0.8862796,-1.543293,0.3885913,-0.1093724,1.361872,0.4178028,-0.3129409,-2.594583,-0.9142153,-1.20101,2.367589,-0.9949093,-0.9489166,-1.104372,-1.132822,0.999854,2.706191,1.059019,-1.86905,0.007498614,0.9434511,-0.7653269,1.584049,-0.2050644,0.8018017,0.3630268,2.482358,0.5628763,0.9839854,1.582447,2.740447,2.83626,2.566474,3.58405,1.720988,1.717402,2.856417,3.631406
-0.4627409,-0.471239,1.071113,3.179546,0.9860212,-1.556643,4.798945,-1.460928,1.712732,2.075741,-0.06138016,3.024949,-1.02089,1.407138,-1.332976,-1.064212,-0.6533024,-2.232747,-1.39932,-0.4236938,-2.4891,-0.2481909,-0.8157742,-0.3753173,-3.146375,-0.8043386,0.6309676,1.768165,1.536278,-0.5572995,-1.195648,-0.05014287,0.8940726,-1.070624,3.005248,1.310508,0.5565816,-1.470575,0.8628601,-0.9442374,4.198575,1.526257,1.287611,0.167854,3.505694,1.292772,0.8206723,0.833542,0.7005569,2.666306,5.283374,2.235735,1.05026,0.6523093,1.169109,1.033991,0.04890473,1.724307,0.8881309,0.5066569,2.96457,1.51542,0.7874293,-2.171651,-0.07510024,-1.597371,-0.5234929,4.875341,3.327383,0.7686945,1.17439,-3.02826,0.855866,1.425503,2.652343,-0.02486677,-1.613848,-4.181147,-1.820822,1.025275,-0.1268158,-1.257664,0.5719736,-3.155707,1.814831,-0.2128446,-1.741421,-0.4489428,1.139628,-4.114054,-3.915566,-1.711833,-2.914677,-2.69067,-6.258625,-3.495854,-1.549365,-2.828377,-4.195884,-4.349586
-0.2891795,0.1716807,-1.705205,0.5120423,1.409679,-4.050466,0.9600489,-0.6300361,0.5711932,-0.581778,0.2961248,-0.04504771,-0.4795164,0.8263903,0.9967133,-1.889196,-0.2528982,0.949307,-0.9289688,-0.4787346,-0.2477493,0.3012723,0.3139505,-0.4104559,0.0599652,0.5381167,0.8681982,-1.406609,1.898695,-0.1652341,-0.5473608,-2.219424,0.04563547,-1.587305,-1.074562,2.78732,-1.02965,0.1373339,1.449369,0.3306771,-1.286536,-0.3193291,0.1032495,-0.03522851,-1.470198,1.655733,-1.459416,1.721993,-1.459647,0.1256376,0.3764158,0.9245979,0.6074501,-1.329028,-1.455054,2.085162,-0.04358392,-0.8356196,1.349007,-1.673875,1.132327,-0.01109081,1.007297,-0.8827077,-1.83492,3.981193,-1.501573,1.439498,-0.4086912,-0.5064023,0.1061821,-0.8844504,-0.8983721,0.7728976,-0.7339901,-0.02447259,-1.662421,1.056528,-1.376185,1.764227,-0.3644067,1.354263,-1.003075,2.080583,-3.938714,0.1365209,0.2597427,0.802388,0.3879775,1.534761,-0.2424573,0.7664613,-0.02203726,1.236408,1.336312,0.7713704,0.7636282,-0.05655655,0.894604,-0.2187138
-0.1952754,0.8957613,-3.05049,3.593637,-3.616866,3.257641,-4.135858,2.073833,1.345979,0.1040391,2.382339,-0.4992607,2.023306,-1.06222,0.2618709,1.387545,-3.328041,0.972769,-0.6019698,1.087174,-1.057156,-0.2268396,1.170147,-2.855291,5.052677,-0.2030107,-0.1886583,0.3379497,-0.2157425,-0.1807242,-1.182081,1.863137,-4.351512,1.072377,-1.286651,2.144851,-2.781345,1.850394,-1.050552,2.123413,-0.416356,0.9097943,-1.367242,2.561437,-0.6320227,0.4537212,0.5659286,-0.5103766,-0.3822263,2.377331,-2.134747,0.4460031,-2.440379,-0.4167876,2.091072,1.096649,1.100743,-0.9530845,-0.1593559,-0.8621333,-0.9774624,0.3023676,-4.514473,2.321633,-1.887437,2.388598,0.3181625,3.225847,-4.492202,1.653412,-3.359442,4.156159,-3.692391,1.369874,-3.018822,3.223686,-3.018577,0.471779,-1.133933,0.9121259,-1.3497,2.124776,-1.557538,1.69455,-0.729555,3.014941,-3.025056,1.293133,-3.931784,-0.6852039,0.6400846,1.0875,-0.8470572,0.728553,1.213406,1.306864,1.179239,-0.882144,-0.2291071,0.4459339
4.275875,-2.871136,0.3952695,-2.445541,3.461112,-1.807322,1.784931,1.408424,-2.011798,2.121905,-1.307111,1.587799,-4.059646,-0.3999505,0.08909112,-0.5329915,0.9209331,-0.7896385,0.3544265,-3.001837,3.578795,-1.633671,2.895866,-1.041935,-1.155136,0.5107971,-0.2893524,3.347529,-1.26673,1.644208,-3.569903,2.538588,-1.061834,2.596368,3.51887,-2.51631,0.6276267,-0.6437195,1.116171,1.71391,-1.670745,0.03841209,1.113818,-0.1166749,0.2773154,0.5970227,0.621155,0.008248508,-1.831793,1.059548,-0.5462049,-3.166052,5.056444,0.615433,-1.40655,-0.5722684,1.767467,-0.8942154,0.4977264,1.031991,-0.2834421,-0.3780488,0.1266693,-2.576844,1.800522,-2.829768,0.498234,-2.767023,1.394641,-1.523549,2.942252,-2.518519,-1.069592,0.3191412,3.336498,-0.005018651,1.968554,-1.401081,0.6497234,-1.026909,-2.345768,-0.1693944,-1.41381,-1.047221,0.7465499,-3.09729,1.453362,0.4576497,1.473067,-0.5611317,0.4618109,-0.595008,0.5851247,-1.25134,0.2553988,-2.088835,1.584101,-1.461065,-3.493451,3.287802
-0.190877,0.247536,3.223916,0.8871641,1.36282,2.997346,-2.232863,2.263692,-0.4708296,0.09812,0.3919123,-3.10049,0.531702,-0.3819242,-0.6191848,-0.9327028,0.3232907,-1.90251,-0.5352457,-1.92339,2.025341,1.367338,-2.560821,-1.137943,-0.2174354,2.724384,1.686551,-0.09252555,-0.4754809,-1.572064,1.317178,1.006443,2.948632,2.007903,0.9480743,0.9642654,1.146986,2.868116,0.587856,1.266345,-0.3620103,2.73972,-0.04832093,2.903139,-1.141995,-0.2648886,1.157571,-0.7325522,1.279395,-0.1619866,0.07813983,0.9205121,1.116504,1.281845,1.804628,1.599498,1.723687,-0.8973702,0.6350169,-0.5957848,-0.4453129,-1.810336,-0.9481726,0.3833194,-0.4462997,-0.4195371,1.31321,-0.6377578,1.431996,-0.1817459,-0.4302029,1.314424,3.13171,2.470916,-0.3919966,-2.67509,-2.977037,-0.2714524,-1.647231,-3.588619,-0.9520264,-1.672773,-1.116924,0.5523292,-2.602172,-1.287441,-0.7501218,-0.009568356,-3.139968,0.7472373,0.5281067,-1.027039,-0.3452984,-1.067318,-1.157257,-0.4201395,-5.036304,-1.588278,-2.745911,0.034717
-1.580371,0.2239652,0.1967695,-2.062436,-0.3960676,1.106111,-2.315776,0.4975922,0.08758362,1.054919,1.77385,1.487471,-1.137868,-0.1771786,0.2932675,-0.1845959,-0.3116953,-0.4573803,0.8719438,-1.013869,1.665191,-0.4911699,0.1241459,1.134242,-0.4355534,-0.06731762,0.2141367,1.136264,0.6305662,0.9549146,-0.1360795,-0.02571903,-2.856901,-0.8641495,-0.1769971,-2.053816,0.4362313,-1.640411,0.1652461,1.328721,-0.4700797,1.490738,-1.893079,0.7155241,-1.694847,1.236451,0.8371167,-1.421761,0.5823949,-0.2857991,-0.2405878,0.4847859,1.46377,0.6169392,-1.504436,-2.544287,1.36497,-2.032696,-0.5754936,2.16756,1.282705,1.062291,-1.024953,-0.5510894,-0.1919648,0.1165467,3.24503,-0.605605,1.328656,-0.1765477,-1.238371,-0.7442192,-1.183673,0.2196995,1.89291,-1.559381,1.725248,-0.9004536,0.9770566,0.2721748,0.6505281,-0.3720267,-1.951421,1.30429,0.6113127,-2.303108,1.37986,0.2706405,0.6773395,-1.535611,0.2554963,0.5469807,1.270003,-0.5476497,-0.1322298,0.3740294,1.064565,-0.5529518,-0.5008866,0.2498164
0.841097,-2.016358,2.183307,-1.568515,1.962642,-1.509267,-0.6297059,0.1434034,-0.1128878,-1.035127,2.14025,-1.181949,1.755047,-1.711752,0.8281482,-0.3583334,-0.3775556,0.3373882,-0.8405478,2.780092,0.5806058,0.009080604,-0.9743631,0.2245139,-0.8150793,0.3739916,-0.4785589,-0.5320035,-2.57902,2.535524,0.4745677,1.213046,0.02591711,0.8152509,-0.3236519,-0.3278319,-0.8639066,-2.578139,1.38956,0.4205797,2.382857,-0.7803556,0.7824253,-0.2922424,-1.506415,0.07942453,1.592092,-0.5495249,-2.195809,0.1657764,1.405478,-0.7100946,-0.7903883,1.042829,-0.5624195,0.2018249,-0.176369,-1.318259,1.390796,2.147472,-0.7275324,0.5268905,-0.6202503,1.125054,1.054309,-0.9487895,-0.7053965,1.514826,-3.022724,1.158024,-0.5419626,2.92235,-1.087291,-0.2438721,0.5469399,-1.771466,2.814812,-1.561599,3.075973,-2.048458,0.9955329,-0.9678347,-0.3956775,0.7882528,0.3215919,-2.032099,-0.7171814,-1.253161,-1.280471,-1.743675,1.088144,1.945525,0.02662081,-2.699856,-1.028767,0.3815994,1.200471,2.110026,-1.304758,0.5773248
0.7902999,1.922227,5.888725,6.562665,5.966937,2.604734,6.377359,8.145037,7.976799,6.259701,5.216903,2.818652,5.259243,4.951001,5.945656,5.800133,4.686923,4.78452,3.352297,7.272229,4.417737,6.682121,0.8320174,-0.2985134,-0.9228497,0.3166895,0.8392677,0.7118409,0.9414721,0.308161,-2.21496,-2.886216,-2.403354,-2.012769,-1.645246,-2.940984,-3.640021,-0.9357862,0.61357,1.314664,2.139584,2.582623,-0.3152926,-1.324226,-1.796145,-2.385112,-6.135844,-9.636021,-9.862328,-8.704145,-5.868219,-8.198999,-7.91488,-6.165409,-4.315632,-3.193808,-2.830953,-3.221658,-2.279692,-2.949739,-1.115441,-1.502708,-5.254798,-4.043401,-3.339624,-2.526672,-1.538606,-1.169464,0.4663043,2.080352,-1.180482,-3.099475,-4.430196,-2.39905,-3.811033,-4.289416,-3.314475,-4.859479,0.8116271,-4.081053,-4.671203,-4.140827,-4.965403,-3.564826,-1.53739,-1.377407,2.406467,2.924483,1.618806,2.022288,4.383571,1.983305,0.1539099,0.5029221,3.186077,3.888003,5.192838,6.74411,7.605926,8.958505
-1.003244,1.853138,-0.4924171,0.3037939,-2.167189,2.89402,-1.257806,2.246589,-1.286496,0.8340625,-0.5621642,1.150941,-3.582715,2.83966,0.8281156,-0.1131665,3.186396,-1.032039,2.307909,0.07858261,0.1459785,-1.174949,1.439749,0.0414407,2.023218,0.5147821,1.225516,-0.7209011,0.6889312,1.38155,1.696745,-1.843987,1.405075,-0.7298102,0.0307366,-1.000374,1.415246,-1.412239,2.741054,-1.032918,2.73657,-0.895296,-0.3721494,0.04335117,1.197322,1.041709,-0.9890178,-1.591277,-0.1841721,-0.8783063,0.2035451,-0.8997051,-1.509794,-0.5579077,-3.186496,0.9900107,-0.4430762,0.3346334,-0.3073949,0.1143787,-1.850124,0.4571145,-1.606421,-0.2047936,-0.5774249,-1.927126,2.284909,-1.853996,0.401704,-1.809389,2.795983,-2.087742,0.9302341,-4.265269,2.733594,-1.376837,2.421311,0.7093698,-1.704267,1.502827,-1.292324,0.3109684,-0.5875131,0.7929791,-2.367532,2.193223,-1.009533,3.783857,0.5356419,-2.712398,-1.657919,-0.121339,-0.317136,1.000571,-1.799504,0.8318058,0.2114444,-1.325182,0.3147492,-0.4662614
0.6500896,-0.8662337,1.538559,-2.37001,2.634357,-1.036834,-1.267484,0.4724308,-0.08239441,0.08521391,-0.5571516,1.010854,0.6387011,-0.3991896,1.235781,-0.03246232,0.1764854,0.6294149,-2.003191,1.028611,-1.344427,1.033466,0.1431565,-1.78034,1.101004,-1.76835,-1.412716,0.5888324,1.718516,-0.5585783,0.7620999,0.3820654,1.390914,-0.5563145,0.7655568,-1.882271,1.059982,-0.3835035,-0.7144797,0.3894355,0.1616714,-0.04703032,1.102479,0.1710469,0.2929758,-0.5460268,-0.4490521,-1.387009,-0.3170711,-0.012713,0.001619887,3.083045,0.07707138,-0.7222801,0.4236836,-1.298072,0.2935345,1.061277,-1.22137,0.5488698,-0.9516554,0.8059075,-1.282526,-1.116629,0.2498382,-0.4895494,-0.6106865,-0.2473687,0.8757804,2.009547,1.426016,-0.8432261,0.5771326,-0.4190776,1.033976,-0.5736278,-0.6790046,0.2024417,2.524856,-0.2960861,1.139089,-0.9778108,0.4406949,-0.4737636,0.3104433,-1.729919,0.3697707,-1.147637,-1.849668,0.5523882,0.8496425,-0.6118473,-1.360397,-0.07471532,0.2753762,1.612685,-0.9512758,0.6883328,0.2454429,-1.139135
-2.354241,-4.445914,-3.675377,-2.987649,-3.938059,-5.433047,-4.738111,-4.584034,-4.310066,-4.639235,-2.049114,-1.154329,-0.6335026,-1.614927,0.2050946,-0.3039424,-0.315407,0.4208388,-0.9999366,-0.912076,0.4854429,2.688687,2.41985,3.463134,3.039158,0.7436295,2.476431,3.237029,1.710687,3.825418,3.979671,4.678531,2.989511,3.378941,3.240564,1.25445,1.174007,1.876534,3.16315,1.610102,0.9735858,3.214439,4.190084,1.398498,3.280059,4.07304,5.074458,5.444985,3.600866,3.027415,2.72396,2.121847,-0.2803793,0.3962517,1.241969,1.103519,1.566376,1.809984,1.3781,1.17073,0.8177238,-0.5985779,-1.452415,-0.3344643,0.2387869,1.539278,1.45745,-0.2607963,0.9175532,1.211164,0.8653026,1.196999,1.369593,1.598606,1.270427,-0.8572103,0.3176765,-1.060413,1.484028,-0.3884867,-0.02265358,-0.09154367,-0.985832,-1.389681,-1.460724,-3.374894,-1.528236,-2.398348,-2.157726,-2.476162,-2.721096,-2.539055,-2.595885,-5.153617,-3.909113,-5.271135,-4.961594,-5.565586,-6.576486,-4.634523
-1.429178,-0.6082828,-3.489166,-4.673862,-3.713416,-1.904781,-2.773627,-4.31818,-4.761906,-5.447844,-5.63964,-4.298904,-2.32008,-1.81501,-0.5499427,-0.006109476,-0.795586,-1.727112,-0.3517449,-2.330911,-1.298602,-2.018308,0.102422,2.974864,1.233743,1.422911,1.425724,3.274204,3.798706,1.097819,0.3817928,3.193442,2.380305,2.468372,2.114663,3.429749,2.410241,3.841303,2.634509,3.198176,2.898027,2.248954,3.211262,1.691294,3.649826,3.288626,3.554797,4.969717,5.721302,4.155629,3.862931,2.9872,2.007466,-0.232744,0.2165868,0.4945295,0.5556417,1.000501,0.886481,0.1464624,-0.3629251,-0.5791252,-0.3927822,-1.336565,-0.7231547,0.7207494,1.464648,0.3192699,-0.8286968,0.9345095,0.9330451,0.5824525,0.4536355,1.360188,1.308851,2.353593,4.282217,2.914872,1.99411,1.120155,2.685292,0.6430366,-0.1731091,-1.482743,0.06079221,1.604738,-0.1530426,0.6948111,-1.537794,-3.030917,-4.40829,-3.142192,-2.488591,-2.135465,-4.859353,-5.980977,-6.465425,-5.699254,-6.802802,-6.273081
-0.9269475,-2.171689,-0.4621397,1.573328,2.02033,1.929646,0.2524605,-0.7966705,-0.03803299,-0.7104468,-0.4922358,-0.2607634,0.4002873,1.183358,-0.07867676,1.886484,2.592599,-0.1378525,-1.228097,-0.5824926,0.524561,2.072822,0.4625326,0.07056861,-1.613879,-0.3625787,0.3710491,-2.163795,0.8978234,0.09636641,-1.409342,-1.183755,-0.6134635,-1.891297,-0.7717017,-0.2515409,-2.037243,-1.766737,-3.147054,-0.8682225,1.182179,1.06633,2.257659,1.67915,2.962886,2.869101,2.534373,0.7825103,1.896188,0.5146102,2.07154,1.541611,1.194536,-1.896964,-2.606906,-1.963202,-1.433292,-1.260428,-0.9613935,-2.230234,1.295464,2.250434,1.122724,0.6434924,-1.371323,-1.192689,-2.390542,-0.09573406,0.7139102,1.791039,0.134328,-0.9051509,-0.03737245,1.654647,0.6411185,0.3269535,-0.8500801,-1.293205,1.122715,2.017204,1.215592,-1.146084,-0.8259244,-3.145005,-1.521596,-1.493642,-0.2102156,1.404765,0.228717,1.72307,2.676546,0.6756226,-0.2240277,1.422492,0.8120581,-1.671937,-1.467522,-2.055996,-1.355226,-1.187433
-0.3787798,1.162269,1.888964,2.872081,1.521719,2.850583,2.181591,4.930075,1.808287,2.028365,2.210865,0.107986,0.8873289,-1.512884,0.6621146,1.60764,0.2273355,1.421057,0.6548004,-1.128325,-3.295795,-0.8898983,-2.466244,1.242427,-2.072547,-0.3276672,-1.908992,-0.9236283,-1.083153,-1.15906,-4.246539,-1.39504,-2.708012,-2.052428,-1.687284,-0.8788016,-1.534728,-1.496298,-1.624251,-2.034168,-3.609131,-4.004966,-3.915439,-2.208456,-2.739405,-0.4426764,-1.209762,-1.63637,-1.484947,-2.204623,-2.976261,-2.653084,-2.422888,-0.2825667,-0.4085848,0.4263275,-1.182096,0.3843399,0.6294148,-1.037615,-1.381078,0.6914841,0.6484359,2.181357,0.6191469,0.7209422,-1.210289,-0.4769208,-1.436373,2.046825,0.7254052,0.0448885,-1.852615,1.60104,1.062958,0.1956446,0.058249,-1.598791,1.501529,-0.9181221,1.683737,-0.03714168,0.6926904,1.665357,2.085111,-0.2489561,0.8758467,2.22842,0.9500129,2.196123,-0.898325,2.162374,0.5481735,0.3923969,1.456131,2.452975,4.916337,5.692621,2.281479,5.198735
0.7471914,0.8232219,-0.09963982,-1.975935,-0.7285727,0.2024853,-0.04794087,-0.4416726,1.479249,-0.2010493,-1.491151,-1.149598,0.4781517,-1.51917,1.153054,1.3836,0.8450341,1.902268,1.694696,0.1995,-0.08734533,-0.4022176,-1.654126,0.6767663,0.6501148,-0.8278581,-1.000975,0.6296511,1.271163,0.8124771,-1.487135,0.5869488,0.3842431,-0.3833273,0.2778556,-1.228849,0.1486093,-0.01739314,0.907927,1.974297,-0.0520265,-0.6581408,2.655206,-1.040023,-2.032721,-1.618371,-1.867982,-1.173463,0.2471063,0.3794088,-0.7736741,1.137009,0.5795062,-0.02829292,-0.4129692,0.3042701,0.3076083,-0.7463327,-0.1831798,0.3516276,0.159912,0.3285897,0.6729606,-0.73498,-1.832004,0.518382,0.9494709,0.4112084,-0.3813856,1.499412,-1.898607,-0.3125716,-1.050128,-1.379133,0.3265072,0.1213792,1.313094,-0.6014084,0.7740669,0.325669,0.6187424,0.7138508,-0.762492,-1.212774,-2.833956,-1.000728,0.3734031,-0.5825096,0.6903105,1.502776,0.07077274,-0.8319152,1.447838,-0.3390567,1.553138,1.365465,0.1803919,-0.03436348,-0.3181225,0.3296806
-1.114399,0.529027,1.531926,1.963393,-0.127323,0.5300075,-2.158388,0.08809222,-0.04088138,-0.3961185,1.059539,-0.2008976,0.2476004,-0.2005148,-2.794173,2.019826,0.5038632,1.438825,2.30929,1.061215,1.489648,-0.2740497,-1.123581,-1.685246,-0.3284299,0.8856793,-1.045951,-0.1478457,-0.241298,-0.2197515,1.994508,0.4394333,0.9041171,1.470381,0.9083918,-1.350375,-0.9642845,0.4285863,0.7983634,-0.1395272,1.308342,0.7028949,0.9458331,1.481124,-1.004584,-1.454904,-0.641011,-1.342783,-0.02874856,0.471769,0.8419745,-0.9647428,0.8701326,1.473554,0.3083207,-0.1741516,-1.16518,0.1379531,1.277848,-0.1763334,-0.05843185,-0.3713623,-1.045792,-1.026114,0.1976568,1.105605,-1.086033,-2.736924,-0.2608503,-0.4349124,3.165683,1.122779,1.142792,-0.6655855,-1.040041,0.2848679,-1.191191,1.188864,0.6665279,1.791017,1.32902,2.544853,-1.982896,-2.445026,-1.27423,-2.302422,-1.77347,-1.375068,-0.1239239,-0.3925765,1.589674,-0.1280321,-1.65171,-2.898641,1.086752,-1.371951,2.043773,-0.2490828,-1.416482,-0.8730983
-1.737142,-1.31959,-0.07542983,0.2112634,1.796351,0.4013661,1.16687,-1.292892,-1.067116,2.268594,2.116488,0.5766435,0.6846123,1.627799,2.360976,1.00528,0.2356209,0.008762538,-0.2308523,-0.5372985,-0.3869051,-0.05524184,0.9762025,0.618595,0.2596573,-0.215668,-1.764292,0.6729401,-1.424713,-0.7683682,-0.7793978,0.3293601,-1.411917,-0.1763228,0.7243946,1.045093,0.409954,-2.111396,-1.13202,-1.182397,-0.03184867,0.20047,-0.01415432,0.5370274,0.3719988,1.475515,0.5293885,2.65495,1.873727,0.8986254,-1.025798,0.002978921,-2.360579,-1.616658,-1.049441,-0.3553323,1.998437,0.8902498,-1.367176,0.9095452,0.1897159,2.014793,0.9885496,-0.03169593,-0.4603597,-0.6283753,-1.17123,1.2021,-0.8592643,0.02188045,1.424624,0.6396394,0.8224492,-1.666347,0.5241827,-0.5886428,-0.4948219,-1.082048,-0.2234747,-0.9415764,-1.573808,0.3465585,-2.160232,-0.8393766,0.05947411,1.589132,2.180505,1.147896,1.030795,-0.4215753,-1.458128,1.463139,0.3754732,0.6782309,-0.3206031,-2.055871,-1.305303,-2.310642,-1.656648,-0.7989057
1.924526,-1.40626,-1.275007,-1.367392,1.661748,2.214805,-0.3781594,0.02824727,1.527825,-0.2465824,-0.03121325,1.005544,1.342627,2.245264,-1.791936,-0.7071993,-0.4290484,-2.517884,-0.9090297,-2.227221,0.6183898,1.196337,0.2501393,-0.1908861,1.499065,-1.361829,0.2700253,2.643405,-0.8252155,-2.765824,-0.04081572,1.732876,-0.7547327,-1.303647,1.278161,-0.3686011,0.2147312,-1.033514,-1.41595,-1.867357,-0.5144126,-1.082971,1.40473,0.1982656,-0.5782386,-3.719108,-1.134364,0.8469491,0.1120612,-2.342884,1.232809,2.531916,-0.706923,-1.110244,2.16282,0.5294681,0.7037991,-0.9415032,-0.02196592,-0.64408,0.585714,2.613177,0.7005429,-1.900263,-0.07988676,0.5729998,1.04773,-2.060147,-0.5395525,-0.4090326,0.05353229,-1.407023,1.697625,-0.4954884,2.204999,0.1327459,-2.197612,0.5249778,-1.195859,-0.9378195,-1.660957,2.378776,1.342034,0.6908808,2.188092,1.720925,1.449027,0.2823662,0.9898438,-2.951948,-0.8863914,1.062211,1.763795,0.7776089,0.2600507,-0.5548933,-0.5511435,0.3464353,0.2816522,-1.204259
1.12804,-2.646444,3.99245,-3.783129,3.078727,-3.883275,1.674192,-0.8361934,0.6486776,0.06125535,0.7764138,-0.2186797,1.897299,-1.688406,-0.3832227,-2.174185,-1.453227,-0.08081309,0.311573,0.2308538,-0.2612488,-1.52482,0.5497668,0.145088,1.395467,1.567329,-0.3093019,-0.1829751,1.841807,-2.481293,0.4143324,0.2592949,1.462329,-1.44365,2.129282,0.2216533,1.722403,-0.1400445,0.9275648,-1.478642,2.170621,-1.822173,1.085637,-2.261184,-0.5233532,-0.98877,0.233372,-1.099928,0.4665078,0.1035939,0.7090707,-1.379025,1.663401,-2.749367,3.36815,-2.69348,2.119382,0.2423739,0.9806924,0.4282238,1.555358,-2.004603,-0.2122869,-0.7161278,-0.9591998,2.071725,0.6737303,1.417108,-1.591001,1.06067,-2.572194,2.227095,-1.600991,-0.4296815,-0.632978,-0.6917523,1.083403,-0.5006789,0.2181548,-1.076302,-0.2669035,-1.991155,3.094052,-3.251517,3.119341,-1.611264,2.748739,-3.036211,0.209719,0.643409,-0.1469898,0.1991227,-1.000125,-0.4039377,-0.4676146,-0.1801363,0.9182611,-0.0942509,-0.4928058,3.170828
-0.5070578,-1.212786,-0.7480428,1.804231,0.1460407,-0.03951156,1.634312,2.419524,2.87606,0.03541535,-0.476407,-2.729411,-2.106478,-3.497152,-2.426601,-0.456768,0.3556866,0.964863,-1.599776,0.3148417,-1.564231,1.015716,-0.626869,-4.024847,-3.762611,-1.338432,-1.859143,0.0974157,0.2983049,-0.2320419,-2.286486,-2.670427,-1.272825,-2.398401,-0.3273396,-0.4777808,-0.6052241,-1.165925,-2.618642,-1.477204,-1.576199,0.4403466,0.3485171,1.811325,0.8195409,2.741222,1.938056,0.6193219,-0.9439211,-1.541377,-0.9097986,0.5895099,0.3805884,1.459309,0.3396577,-0.2404264,-0.05515505,0.7901402,1.020374,0.919681,1.781881,3.265557,2.24846,-0.004769385,-1.065413,1.664864,-0.4575412,-1.046847,-1.933746,-0.1812124,1.617973,1.731101,0.3679187,2.491226,0.6160848,-0.1269132,0.09293342,0.1713043,0.2343786,0.2492938,0.7506854,0.3040738,1.718853,0.7881905,-0.6082578,-1.017711,-0.9206082,1.722235,2.068972,-1.574296,-0.5063244,0.6505407,1.167071,1.70034,0.2963809,1.28864,0.6302696,-0.1511829,1.504743,2.066157
2.182607,0.9589937,-2.552527,-1.006343,-1.316518,2.257157,0.3023477,-1.896458,-2.192357,-0.2587209,2.251601,0.2430637,0.3615277,0.3582142,-1.628537,-1.184991,-1.338766,1.335473,-1.058626,0.07980556,-3.36825,0.9640638,1.832033,0.6810642,1.036851,0.8406677,-1.237649,-0.7649935,1.204606,1.971783,1.063774,-1.445424,1.134452,0.365009,-1.108754,-1.108239,-0.136071,1.397316,-2.158453,0.9575598,-3.581253,-0.4671899,-4.200714,0.5801008,-2.232611,-0.8548427,-1.245799,-2.827451,1.34356,-0.02711775,-1.090872,1.567725,1.097069,-1.037317,0.9572416,2.521728,0.384122,0.3544147,-0.3344847,-0.8700486,-2.218982,-1.092212,2.202204,1.874622,-1.094873,0.8837431,2.227945,0.2981814,-3.543576,-0.6407968,1.158414,1.435168,-1.353556,-1.634004,2.480707,2.804772,1.708998,-0.7106443,-0.8013167,-1.075913,-0.732778,0.1315453,2.118503,0.7532514,2.489239,2.488398,-0.7244866,-0.04505309,-0.9319817,-1.154728,-0.969862,0.08062813,2.069738,0.8589339,0.2872717,0.844295,1.724239,0.4840912,-1.034585,0.299905
-3.161744,1.922864,-1.694283,3.526362,-3.298547,0.5883057,-1.823526,1.918628,-1.283987,0.3092869,-0.5924049,2.584554,-0.5604199,1.000469,-2.852665,1.558508,-2.939116,0.5728029,1.472237,0.7678741,1.621733,-1.13579,-1.530546,2.55382,-1.0996,0.1037741,1.861663,-0.2030925,-2.452534,1.902462,-1.951192,0.108333,-0.05123719,0.8359506,-0.2482173,-0.5343561,0.8276461,0.2565559,2.146836,0.7384258,-0.08497489,1.678667,-1.390005,0.6063226,-1.818533,1.505595,-0.3295227,-0.1909665,-1.89744,2.19641,-0.01867751,-0.5658155,-1.351287,2.446496,-2.524697,2.520004,-0.3106279,0.7306411,-0.02488346,1.043969,1.655156,0.2238469,-1.742043,1.800207,-0.1410574,-0.00483226,0.3695008,0.6243498,1.058951,-1.597358,1.241533,-2.103248,1.62349,-1.505957,1.405907,-3.67578,4.246573,-1.44852,-1.961984,1.291192,0.8495085,0.2626328,-2.1419,0.9701157,-2.716086,2.173865,-1.968176,2.582348,-5.382427,3.050049,-1.037842,-0.716914,-0.9736645,0.4688528,-0.3662531,-0.09230553,-0.9993917,2.552551,-0.3696253,-1.491774
1.496063,0.6396568,-0.6108058,-0.3995494,-1.009139,-2.415938,-1.965497,-1.153233,0.8477955,1.253312,4.355938,1.872398,2.833355,0.4478348,1.564652,1.416615,1.513043,2.697695,1.957979,3.309546,2.1768,3.533266,1.576273,-0.9835764,0.5990406,1.408824,-0.8515663,0.9741771,1.12903,0.778101,-0.1034713,1.262505,1.576941,0.382284,-0.3113535,0.03791796,-0.5918616,-0.5519146,-1.879851,2.045746,0.7133567,1.350333,0.733397,2.534215,0.3339016,1.637838,1.423114,1.178869,2.148793,0.2687465,0.05586655,-1.518621,-1.994811,-1.513974,-1.313327,-2.063594,-2.594564,-2.838531,-1.29318,-0.6957523,-1.844665,0.1566523,1.185061,0.4170198,-2.136701,0.2647117,-1.746032,-1.392168,-1.150351,-0.2245611,-0.7741845,2.233176,-0.5193222,0.5371278,-1.391889,-2.190259,-3.872805,-2.870485,-0.1902046,-0.7498246,-0.06855817,-0.1938736,-0.2389581,-1.54431,-0.7527344,-2.390813,-3.817406,-1.541842,2.649526,1.70997,0.6273743,-0.1597107,0.926118,-0.9284255,-0.6885317,-2.343069,0.07140677,-0.9378563,-1.776381,0.2466512
4.249247,4.569884,4.735758,7.8904,8.320261,9.384857,11.42413,9.869214,9.397575,9.524189,9.706011,8.155339,5.808426,7.743289,10.58722,8.319839,8.652214,5.243553,4.280112,3.450817,5.518853,6.440735,6.291427,3.810119,3.04359,1.133602,1.94005,0.863184,-2.482418,-1.540968,-3.501633,-4.315489,-4.848905,-4.280015,-4.42029,-3.433352,-4.087148,-5.386204,-4.014919,-3.755888,-2.258603,0.7189608,0.9911401,-1.371155,-0.1862812,-1.450494,-2.759705,-5.479824,-10.76392,-10.15856,-10.2518,-7.376783,-8.430404,-6.746615,-8.471042,-5.889284,-7.955916,-6.509003,-6.516797,-6.670196,-6.141185,-4.256701,-3.171602,-3.646186,-4.536287,-3.619766,-4.23429,-5.587555,-3.089683,-0.3515239,0.4447818,-1.072404,-3.613882,-4.467892,-4.361212,-4.096155,-3.884863,-4.460644,-6.139824,-4.132227,-2.857774,-2.509126,-4.261155,-3.940937,-2.406645,-3.021379,0.3619132,2.46162,3.292945,2.660701,4.070081,7.851502,6.587928,3.555177,5.610572,5.057334,4.894504,6.42302,6.043958,7.794441
-0.6549668,0.8231063,0.4710912,3.09928,-0.5890561,-0.3068463,0.8557572,2.181084,1.489241,-2.624814,0.08573146,2.860317,0.4665304,-0.07292239,0.4193966,1.42138,0.1169035,-0.3005987,0.6350037,1.892903,3.093915,0.07137479,-1.18952,-1.56267,-1.503942,-0.2030659,1.384355,1.316227,-0.6306925,-2.035941,-0.4425448,1.069766,-0.0004947633,0.4223031,-0.03512555,-0.387845,-0.9926535,0.5555576,-2.012746,2.597516,1.33606,3.738889,-0.06587383,0.6301479,-1.095434,-1.00922,-0.4358348,0.1812616,-2.53902,-1.11814,0.5703368,0.7664011,-2.304967,-1.204923,-1.213215,-0.4101946,-0.4022001,-1.341811,0.6756713,1.821567,1.056026,0.1862188,0.708457,-0.515183,-0.1205261,-0.7721152,1.145403,0.1794954,1.100222,-1.768865,-0.3684079,0.1329713,2.640188,-0.2311602,-3.286287,-0.7964983,-1.700894,3.645658,0.1809974,-0.3344997,-1.154866,-1.431283,-2.157588,-0.7818937,-2.710317,-1.824951,-2.835738,0.4972233,1.679103,1.666952,-0.5102108,-0.8765938,-0.3928693,-0.5496464,-0.3166398,-0.7825993,0.5760332,2.20739,0.02058084,0.234913
0.9164982,-1.256904,0.2404444,-0.6913658,3.152762,0.3038763,-1.718329,-0.3634706,0.631242,0.216901,-1.297734,0.1663405,0.1550306,-0.01282795,-0.3951101,-2.53241,0.6167373,-1.554255,0.5682839,0.2113514,0.5479277,1.507797,1.668428,1.027045,1.972605,-1.305443,-0.6252306,-0.7457502,1.84656,-0.3595969,-0.02742083,-0.4239038,1.054197,-0.4422837,-0.4473896,-1.611678,-0.2115059,-0.8564487,1.323303,-1.442858,-2.005257,-1.182805,1.286816,-2.114132,-1.900651,-0.5447637,-0.2464691,0.5832451,-0.972234,-0.5363156,1.454701,0.7695161,-1.438638,-1.434383,0.9438536,0.2590485,-0.07938512,0.1447748,0.8923828,-0.5853624,0.3921738,2.412078,1.268756,1.13679,-0.1125602,0.3679288,0.7785073,-1.636316,1.760549,2.22276,2.372511,-0.3792568,-1.477579,0.189705,2.303475,1.647049,-1.642662,0.3129084,-0.7143573,-1.638126,-0.890901,0.8812525,0.3343139,-0.09311248,-0.4171883,-0.4005858,-0.3208407,-0.6978962,-1.140539,-0.2339634,1.699216,1.01543,-0.6829253,-1.606548,-0.2837134,0.3613614,-0.596634,-0.08118685,0.4716015,0.01916838
3.702196,3.131818,1.575909,-1.441955,-2.413825,-2.750151,-0.4327811,0.6989694,-0.4727471,-2.449494,-1.414568,-0.6867018,-2.81689,-0.6016502,1.084949,1.922271,-0.6571921,0.4226368,2.286413,0.004301429,1.773209,-0.325298,-4.192832,-1.078931,-2.627762,-0.4867885,-2.53883,-3.090271,-4.365846,-0.757081,0.3677513,1.292627,-0.2693094,-1.414205,0.6047628,0.6766838,-1.538027,-2.257426,-0.4276753,0.03585735,0.8418584,-0.3036909,-0.9581414,0.6874652,1.530135,-0.7469676,1.54644,2.830919,-0.5379939,0.6226423,2.88924,1.637181,0.9945948,1.894889,4.628703,1.916504,3.03942,2.123065,3.70569,1.384561,4.265432,0.2157083,0.5155082,-1.413485,-1.253111,1.597342,0.4461139,-0.8942424,1.243865,-1.101022,0.3158212,2.467771,-0.5583925,0.6816434,1.06465,0.1230849,0.6844928,1.135206,-0.3489589,1.033578,0.1498574,-0.461678,-1.075447,-1.053692,-0.4533254,-3.235072,-1.027773,-0.8755808,-2.717453,-1.675642,-0.4551047,-1.309285,0.7801949,0.1915923,-0.6019323,-2.037671,0.02413309,-2.241133,-0.6243505,0.6797251
1.361246,1.35079,-1.813253,-2.728299,-3.306963,-3.959739,-5.702214,-2.83509,-0.0859994,1.577038,-1.274557,-2.867675,-1.138088,1.929656,0.258182,0.8307436,-1.208486,1.222677,-0.3052183,-0.1703786,1.905152,1.063732,4.052973,3.421432,-1.249366,-3.681087,-4.693953,-2.748494,-2.645132,-2.713235,-0.6293483,-1.225758,-2.555488,-0.7858189,3.027386,3.002756,2.890839,1.176459,6.604269,5.649895,0.8482569,2.789291,3.747862,4.348659,3.790678,4.63316,4.163778,0.1308229,-2.855072,-3.031466,-2.901504,-4.243518,-2.645024,-0.4907103,-0.5464516,-3.926673,-3.139687,-4.064555,-5.929091,-5.608755,-1.286471,0.6355259,1.002608,2.335105,-0.127174,-2.428412,-2.020265,-2.394724,-0.6583906,-0.03382292,1.810264,0.9115957,-2.927305,-3.256269,-1.367369,-1.858169,-0.9288621,-0.7419821,-0.07331946,2.235869,2.544697,2.83439,1.172414,0.4894265,1.487819,2.534547,5.800246,3.911648,1.921456,0.3944864,0.07015538,-0.92019,-0.10916,1.408511,-0.2636752,-0.3982147,0.9962628,3.524307,3.422884,4.27795
2.117493,6.071626,3.83996,4.277297,1.453629,2.808299,0.6560742,0.2655934,0.9790265,1.02811,-0.2744185,1.032744,-0.7241719,0.1970464,-0.1463713,1.803001,0.4433456,0.6060758,1.29813,1.154784,1.175754,0.1809545,0.1533223,-2.121078,-0.5345614,1.849986,-2.807559,-2.083467,-2.383778,-0.8010921,-2.696203,-1.105383,-1.6853,-0.4731898,-1.156496,-2.64169,-2.650391,-0.3372712,-1.547429,-3.708037,-1.152674,-5.011409,-1.250939,-2.973469,-1.082259,-1.06058,0.4017926,-0.351676,-2.04874,0.3246484,0.8686283,-0.6641476,0.1124727,2.96341,-0.5804794,3.663009,1.796561,2.283325,0.9967366,0.2903293,0.263223,1.376919,1.563908,-0.002623856,0.2907667,-0.3547584,0.07093948,-1.202703,-1.697013,-0.8998313,1.32622,0.323608,0.6395505,-0.8773694,-0.7088581,-0.2868472,-0.6075566,1.796699,-0.4594119,0.3821188,2.282748,0.2705188,0.3348374,-0.2162974,1.619494,0.4061949,-0.5062953,0.5743051,1.477386,-0.498372,-2.342985,-0.9046825,-1.12302,0.7621266,0.5336927,-0.243295,-1.676217,-0.7532229,-0.2306282,-1.742182
0.4293093,1.516288,-0.193043,1.57104,0.2144326,0.6023625,1.163358,0.9844043,0.8056867,-0.9175871,1.954215,-0.01223834,-0.7872096,-0.02805151,-2.366904,0.8744173,0.9038562,0.1358257,-2.402951,-0.416454,-0.6256045,1.029561,-0.8404049,1.34602,2.294448,0.7208341,0.7576637,0.1719903,1.764691,1.008945,-0.6457337,-0.1537832,-0.6830732,-0.2620791,-2.169548,-1.53034,1.24239,-2.101129,-0.2362176,-0.2013671,-1.924697,-1.438815,-0.1197744,-1.328711,-1.262003,-0.01920578,-0.4680696,0.3777047,-0.2997282,0.3482839,0.1420383,0.1346446,-0.3294864,0.3747311,0.8306073,-1.360792,-0.9405991,0.6197671,-0.002394024,1.328429,-0.5926036,-0.07588466,0.4404494,-1.765619,-0.9282407,0.005485278,-1.790344,1.434174,1.127727,-0.5830823,-0.5963937,0.5670143,0.9526379,0.4008712,-2.381169,0.7568268,0.2577096,-0.2272871,0.4009287,1.24146,-0.9414619,-2.164822,1.378128,-0.0986674,-0.6207455,-0.03912736,1.575616,0.7233154,0.01681344,2.201114,1.322632,0.3967906,-0.5405347,-0.6439322,-0.01409366,2.105963,-1.259952,0.5709418,-1.766805,-0.4257846
0.7438208,-2.287482,-4.259133,-4.667072,1.317358,0.8397444,-0.7645791,-2.449505,-1.178311,-1.584752,1.863198,-0.07596238,-2.390578,-0.9040474,0.6090265,-1.229461,-0.5952116,-0.1989675,0.4241398,-0.01115663,1.75961,0.4246407,0.8490945,0.3578831,2.086304,1.414514,1.991931,-0.6080089,3.372712,3.195367,2.609377,0.4137924,2.975914,2.07681,1.580232,2.669942,2.199841,2.799832,3.424889,4.517981,3.357282,2.925594,1.685389,-0.3517373,-3.174485,-1.60234,-0.8349917,-2.576979,-1.192311,-2.537924,-1.566845,0.7514409,-1.869485,-1.261589,-5.56173,-3.893752,-5.482714,-3.267003,-2.119593,0.4387531,0.3995046,0.06933646,-1.458954,-0.1521148,-0.6685231,-2.10445,-0.9245369,-0.9110826,-0.5301676,0.8628217,-2.632592,-3.042781,-4.034384,-3.071385,-0.7126377,-0.1806703,-0.6064458,0.6981046,3.752077,1.026689,-0.635231,1.814111,1.637423,0.6776325,0.6119896,2.879308,0.640569,0.6952269,1.467505,-1.093333,-0.246692,0.4445722,2.006866,0.927866,0.3312118,-0.1172841,-0.2752233,2.073231,3.388549,1.815193
2.871233,-1.15843,1.662695,2.279067,1.437553,-0.7286832,-0.03377168,-0.3204792,1.461488,1.200658,1.766868,-1.815356,0.791393,0.9008431,-1.281306,-0.9324933,-0.5158471,0.8839212,0.939108,0.5412768,1.124774,-0.8363708,-1.275546,-1.154444,-0.3671918,-2.693102,0.01822513,-1.179969,0.8465354,-1.785838,-1.137467,0.8195315,-0.4338092,-0.8311623,-0.8242464,-1.333299,0.8072259,-0.6146287,-1.490295,-3.047462,-3.508842,-1.049611,-2.71097,-1.419684,0.03785135,1.832919,-0.3215319,-0.4141802,-0.01616578,-0.1325874,1.675931,2.054455,0.3245991,-2.261646,1.592793,1.354801,0.3652062,3.201834,2.928793,1.666911,1.005013,0.03310935,-1.180204,-0.5540305,-0.9921367,-0.4158514,0.1007652,2.10681,1.251481,-0.8175548,-1.229518,0.3834892,0.7718827,2.307174,0.05449833,1.007772,3.264721,2.579329,-0.001591474,-0.2319111,-0.9063714,-1.12541,0.06648614,1.752941,1.438924,-0.9600749,-2.24299,0.2527294,-1.055591,0.4812623,1.59207,-0.5681413,-1.560113,-0.7050237,-2.106056,-0.4040928,0.2631992,0.7706634,-0.5676681,-3.622062
1.326624,-1.483898,-1.226697,-0.7839771,-1.126714,-1.065314,-0.2832867,1.14794,-0.8709642,-0.4107144,0.4033863,-1.241162,-1.135726,0.06970207,0.2895756,2.090198,-2.079182,-0.8952149,1.017345,-0.8022196,-0.9747522,-0.7926952,1.265718,0.3681117,-1.172468,-1.206228,-1.346559,-1.124768,-1.848386,0.4805765,-0.1695494,-1.943137,2.144766,-0.3226919,0.8639339,1.020504,0.6210511,-0.418718,0.1452641,1.617754,0.09974198,1.639786,1.337213,-0.6881947,2.156501,1.271874,-1.101201,3.228687,-0.1976088,0.9310353,-0.1241575,1.325094,0.3589696,-1.923928,0.9463848,-0.2726387,-1.904074,0.5696827,0.365263,-0.5368368,2.760307,-1.133313,-0.7105333,0.3224535,-0.8326023,-0.8258475,1.189738,-0.07235901,-1.413645,1.705809,-1.031157,1.477399,-1.914084,-0.603946,1.110911,-0.2814639,1.965603,-0.3093767,1.739662,1.171123,0.4637969,-1.00893,1.513228,-0.8953452,0.03620954,1.174908,-3.277046,-0.6095992,-0.3546965,0.04297458,-1.223632,1.257005,0.06014423,0.3451461,-0.4478823,0.3431136,1.142857,-0.06454857,0.2661206,-0.7075219
4.312698,-0.5980091,5.209806,-3.407381,0.314177,-2.372096,-0.007338688,-0.06877971,0.06129311,-2.327762,-0.5706556,-1.23458,2.445196,-1.544149,-0.1525204,0.560112,1.290789,-1.391395,2.118876,1.057601,-2.587168,0.0611992,1.883351,-2.444113,1.414424,-4.651532,4.479986,-6.601903,1.970251,-3.718925,1.653638,0.297969,-0.1511398,0.4023919,-0.6102344,0.7078773,-0.8000073,-2.320365,-0.4270803,-0.7960319,0.1610587,1.446588,-0.3784001,2.013236,0.02529003,0.08683236,1.28064,-0.6770018,4.935153,-1.69125,0.06430735,2.512177,-0.2377904,0.5402534,2.264682,3.403768,-0.9296876,1.613471,0.1334723,0.4282152,-0.1420133,3.652129,-1.903527,1.137215,-1.636294,-0.7802209,0.77895,0.05256855,-1.272494,3.455853,-2.670309,1.196524,1.396738,-1.720437,0.1869912,0.06021313,0.01168956,-1.691094,1.517351,1.308007,-2.842748,0.3565869,0.1100888,0.004850879,-1.335209,-1.076336,-0.2594726,-0.6347481,-0.4344831,-0.8366781,-0.2761518,-0.7576621,-0.641912,0.8870668,-0.6023778,0.08033253,-2.549398,0.2489778,-1.973133,1.141084
0.3658108,-0.2270411,-2.386134,1.084205,0.6578599,-0.2466563,-0.4002352,-0.5162995,0.07288748,0.4724849,-0.2505298,0.8136455,-0.2066684,2.807995,-1.772474,2.37535,-0.7236702,0.4385802,-0.004682839,-1.474941,1.982427,2.525226,0.5701072,-0.4105338,0.6102953,-1.852895,-0.1033574,0.4406059,0.3327937,0.6335337,-1.673638,0.001998112,0.05080321,1.014387,-0.6279518,-0.6868469,1.106735,-1.488883,1.399665,0.348709,-2.215462,0.6556023,0.6672045,0.9077081,0.8491216,-0.8730194,0.9267415,0.5167342,-1.702441,1.442857,-0.5546316,-0.8703437,-0.03644085,1.113087,-1.5037,-0.339624,0.4501168,-1.581044,-1.629745,-0.3881062,-0.7936409,0.4745927,0.1312242,0.4427011,-0.6211467,1.4042,-2.334991,-0.6048604,0.08637589,-0.2753177,0.4702896,0.3011161,-1.956565,-0.3452341,0.1335877,-1.325672,0.2715889,0.1034041,-1.821451,1.611404,0.9568295,-0.5099527,-0.727798,0.4761129,-0.2402669,-0.453386,1.360091,-1.475695,-0.5726708,0.5277368,1.918711,1.606583,-0.7969008,1.829105,-0.6440279,1.620064,0.1602612,-0.1797329,0.3124101,-1.406356
-4.349545,-1.709716,0.6707793,2.892178,1.034685,0.461052,-2.99428,-2.001109,0.4622453,1.295056,0.1817527,0.9416229,0.2228611,1.79483,0.8049722,-2.342824,-1.362956,0.7257491,-0.3762048,-1.572981,-0.9668302,-1.628803,3.020863,4.82418,3.07084,5.005534,1.023884,5.756375,3.055984,2.007284,-0.9155887,-1.204494,1.388062,0.8118374,1.471812,0.854112,-1.723187,0.4504243,0.6286659,0.7163358,0.7421094,-1.065945,-0.02328496,-1.123119,-0.5529578,0.421679,-0.7785783,-0.2332693,-1.92707,1.045917,0.007090852,-1.573528,-3.992458,-2.512658,0.4535882,0.9156212,0.5980838,-1.479946,-1.65166,-3.490006,-0.7954857,-2.512703,-1.225422,2.435935,1.394951,-0.1834467,-1.409519,-2.797052,-1.549866,0.3725042,0.6399711,0.9507493,0.4109181,2.711055,-0.8277058,-1.255316,-0.3688772,-0.09642954,-0.6775475,-0.4332332,0.313381,0.3638043,-1.053003,0.2249094,0.2496635,-2.395068,-1.733645,0.7931533,1.055765,2.491807,2.867011,2.196072,0.9043227,-1.127942,0.07521002,-1.412383,0.08020692,-2.296188,-1.57222,-1.013398
0.01260292,1.219516,-2.168127,0.04693993,-0.6889645,1.258353,0.5642073,1.571907,-1.966524,0.7030774,-0.4613346,0.6634763,-5.483065,2.26077,-2.422998,2.845656,0.8941856,-2.347403,3.350375,-2.534239,-0.1684532,-0.4980437,0.3303775,-0.6919994,0.8245459,-0.6823166,-1.383162,0.2205088,-1.618341,0.2491249,-0.08285976,0.01395885,-0.07491031,-1.07452,0.2563123,-3.152102,3.881782,-1.084717,-2.357227,2.900796,-2.195645,-0.149603,-1.752773,-0.4679964,1.191018,-0.1630829,-0.9033248,2.461137,0.6940971,-0.7688429,1.371825,1.292936,1.209397,0.09400224,2.971182,1.091845,2.283656,1.475963,0.8541233,-0.9584711,1.038904,-0.7596633,-1.240642,-0.04150493,-1.972724,-0.5661328,1.986889,-1.719563,0.7415798,-0.6883546,-0.2228061,1.147246,-0.1407494,-0.710548,1.592284,1.019612,-0.4497865,1.069542,-1.081323,0.3588721,0.3689378,-0.8152925,1.28002,1.555968,-1.827075,-1.697568,0.5125085,0.156958,-1.304776,-1.553199,-3.551007,2.290601,-0.4867921,1.426772,0.1842273,0.207002,-0.837712,0.2598719,1.470243,0.2405752
-4.312309,-0.7430371,1.568609,1.891585,1.530045,0.3371522,0.3896919,2.780098,2.189746,1.583295,-0.04414383,-0.6351931,1.140039,-3.947725,-2.553138,-1.920598,0.2673,-1.092325,0.2371173,0.9513395,0.4563025,3.737693,3.378188,2.962857,1.586534,2.430846,4.454403,4.654195,0.4793966,-1.881772,0.6626023,1.237053,0.9737188,1.236015,3.232121,0.8600036,1.387613,-0.3821727,-0.5495114,0.3175296,2.688592,1.763239,-1.105541,-0.2643063,0.4979998,-1.302499,-3.502322,-0.4363568,-1.578783,-4.340477,-3.798599,-3.305518,-3.985157,-4.482638,-2.432685,-5.052883,-4.383896,-1.76703,-2.129726,-2.63783,-1.115716,0.8036444,2.284722,0.6620374,0.4808918,0.1495438,0.0483754,-1.339773,-2.10857,-2.833141,-3.055468,-0.6947641,1.795713,-1.404329,-2.052637,-1.921026,-1.109089,-0.03006104,1.190121,-0.0443702,1.918495,1.863731,1.339839,1.961426,-0.7594736,1.005889,2.249503,2.627756,0.3907719,2.134978,0.7477558,-0.4993341,-0.7913913,-0.5855901,1.646484,1.723674,1.13254,-0.1345563,0.6426332,2.38403
-0.5420561,0.2291086,0.5303302,-0.2093074,0.6536871,0.3774737,1.224349,0.2362847,-1.630831,-2.712603,-0.2342234,-1.399977,0.1400342,-0.8326159,-1.408663,-1.252368,-0.4467599,-0.4258059,-0.4399478,-0.4081081,-0.1071119,1.207391,0.5697868,0.6974338,-0.568152,1.419905,0.5175047,-0.7025423,0.2942731,-0.2859783,-0.5808003,-0.4212798,1.214968,-0.1764454,-0.4658203,0.8492361,3.985175,0.5327597,-0.3445765,0.7248666,-0.4259409,-0.001376599,0.5269073,0.4841707,-1.737497,-1.658212,0.3425325,1.145302,-1.070809,-0.7862542,0.4576019,-0.7241983,-1.46918,-0.4573973,-1.317805,1.233088,1.988006,0.6868859,0.9699435,0.486771,0.5184982,0.2032189,-0.6948789,-0.6610595,1.77193,0.2507313,0.533256,-1.205148,-1.088884,-0.8120158,-0.4431519,-0.1159059,-0.00399068,-0.9767443,1.77734,0.2049673,1.4209,-0.2357957,-2.235711,0.9489465,-0.402447,1.101732,-0.463011,0.2653536,0.4113562,1.519392,-1.913852,-0.555165,-1.295306,-0.382192,-0.8954903,-0.9039056,0.1393805,0.9212606,0.2010676,1.242502,0.8865328,1.104927,1.119045,0.2611812
-0.448573,1.412597,-0.464138,-0.36329,-1.762071,0.07582469,-0.5325748,1.183716,1.819935,-2.020604,-1.179652,3.48041,-1.816663,-0.9987123,1.466952,-3.919143,4.002521,-2.975592,0.04102869,0.3123193,2.050534,1.854699,0.4586643,-2.506099,-0.0452918,0.8675941,-0.3362834,2.393138,-3.370305,1.140547,0.4866626,1.224256,0.07905186,1.797774,1.72053,-1.077331,-2.302273,4.059541,-1.449678,0.46009,-0.1588944,0.840119,-0.8353759,1.903454,-0.2778938,-0.5941505,-1.643827,0.03434763,-1.927913,2.349297,-3.107747,-0.5644868,1.164043,-1.478752,-1.64162,-5.155878,-0.7732021,-4.083471,0.6346787,0.9090148,-0.1435036,0.882874,0.9984393,-0.5835322,-1.081464,-0.2995224,-0.3029323,-0.5926629,2.739359,0.01298428,0.9588907,-1.194514,-0.8352375,1.0601,-2.926763,0.1194702,2.060078,-0.4522071,-0.2936434,1.414133,-0.2131629,-1.607826,0.07593653,3.607738,-0.2025458,1.975232,1.457945,0.2082953,-0.1506304,0.8612173,-1.641654,1.490095,-2.711639,-0.8734403,1.220932,-0.9069909,4.06805,-2.609441,2.675424,1.324264
4.82365,0.3237312,-2.352257,-1.936922,0.2311741,-1.844418,-0.8186362,-2.777445,-1.478177,-0.6467861,-0.4119216,-1.120089,1.262275,0.6792564,2.870385,0.2399495,1.000641,0.3272228,0.2925482,-0.7916855,-1.033245,-0.008796215,-2.454751,-0.1784814,-1.566229,-2.490955,-2.15305,-2.302161,-2.194815,-0.1022032,0.6922001,1.191281,-1.576034,-0.9841264,-1.500858,1.667536,-0.1128665,-1.166605,0.3221725,0.6824927,-1.347662,2.4553,-1.376518,1.481618,-0.1224637,0.6991603,1.259216,0.9813074,0.008148462,1.970703,1.516018,2.917243,2.782634,1.073547,4.907857,0.9475275,2.16194,0.1929186,-1.267658,2.083259,1.289974,-0.5684615,0.1827525,0.5689174,-1.997458,0.1117512,1.288226,-0.4663405,0.5950933,0.6979724,3.07914,-0.9012831,-2.389432,1.022671,0.8873839,-0.1660146,1.519216,-0.4624376,0.2886755,1.33372,-1.153344,1.879283,-1.272135,-0.2085847,-3.584401,-1.802744,0.3250617,0.4620569,-2.817889,-3.752105,-2.375913,2.641871,1.046981,2.877889,-0.892081,-3.405059,0.7306277,0.3344783,-1.30557,0.4304066
2.221715,3.120859,1.348411,-1.645527,-1.000909,-0.6800053,-0.1002118,-1.501356,-2.068844,-0.4916942,0.8444282,0.768759,1.001483,-0.7458142,0.1102291,0.7593766,1.452402,1.060598,2.069041,1.270929,-1.892539,1.653531,-1.966378,-0.3206259,-2.787167,-2.732142,-3.760458,-2.958722,-1.501164,0.008228987,1.966368,-1.202114,-1.483818,-0.3422889,-0.2485018,-2.46073,-2.055663,-1.939336,-0.3101287,0.4019834,-1.496666,-1.643899,-0.682569,-0.8950645,0.7747835,3.056626,1.173507,2.781451,1.804554,-0.7326747,4.029475,3.069079,2.067201,2.228896,5.0682,1.589633,0.5776802,1.737755,0.7787868,0.2575455,2.156618,0.9376584,-0.271372,-0.3095569,-0.5817618,-2.342871,0.1263541,0.1840852,1.535637,0.2846593,-0.05594027,2.336911,0.7575696,-1.900463,0.0812512,0.5125797,-0.2768835,-0.008832932,0.8379107,0.5127201,-0.414896,-0.1077446,-0.6280612,-1.155069,-0.2983697,0.260024,-2.486361,-0.299537,-1.015354,-0.2404052,-0.8837166,-0.4009587,1.032955,-0.765743,-0.5119919,-2.019466,-0.7833645,-1.649018,-1.38865,-0.1670424
-2.165007,3.044337,0.1071582,-1.958579,1.426347,-0.878124,1.267119,-2.394268,0.3155875,-0.5484928,1.476841,-0.4993734,0.1761586,-0.2010598,0.7589145,0.715473,-0.8997617,-1.017239,-0.3190102,0.5247328,0.06417511,0.07150631,-0.9198189,-0.8708842,-1.545976,2.717446,-0.750402,0.4447086,-0.6842358,0.6123934,-1.783902,2.830669,-1.073462,-0.1125407,-0.1312508,-1.638945,0.9657369,-3.075962,1.696175,-0.938032,1.088609,-0.3751876,1.253472,0.1440092,-0.7873234,1.217656,-0.4554211,-2.408406,1.157401,0.288594,-0.503463,1.228185,-1.320179,1.084683,0.7137105,1.305496,-2.796325,0.04273142,-0.2297318,0.9296279,-1.132238,0.4476375,0.8182591,-0.7734065,0.5060681,-0.7220346,0.5368973,-0.7644064,0.7523638,-2.15676,0.8138931,0.6659771,0.4793556,-0.8159943,1.980095,-2.22061,0.07776321,0.4302861,-0.2647356,1.489785,-0.8209881,-0.2155664,0.375681,-0.06428179,2.023901,-0.2087468,-0.6485218,1.728294,1.321421,0.3318717,0.2682021,2.134907,0.2697893,-0.4717026,-0.04406491,0.7412347,-1.226771,0.2315803,-2.528965,0.267238
-1.5619,-0.3479603,0.3406365,1.480557,0.235737,-0.4939829,-2.276214,-1.983517,-3.263705,-1.562457,0.4969948,-0.0064514,-2.722004,0.1117168,2.022072,0.4515862,0.4823221,-3.526474,0.8183414,0.6612108,-0.701328,1.422489,-1.215542,1.772426,2.609113,0.2938888,-1.909667,-2.325216,-4.538635,-1.905342,-0.4569212,1.108479,-1.033836,-2.139386,-1.858932,1.882948,2.994024,3.52394,-0.2450346,4.40047,3.487304,0.8295467,0.7986477,1.004669,3.16157,4.088879,2.276407,3.846668,1.002779,2.04869,-1.023749,-0.6022674,-1.480688,-0.3575978,-1.249732,-1.408959,-0.08395343,-1.674083,-0.2044944,-1.512704,-2.495603,-0.5068567,-0.831695,-0.009374611,0.9352112,-0.7488629,-1.145473,-0.3439889,-1.165063,-2.442324,0.6107604,-0.8719977,0.8472363,-0.5513983,-2.337883,-0.04988868,-0.5918824,-2.086104,0.8882776,0.4436166,-0.7105679,1.503677,3.56465,1.13223,-0.3985851,0.620793,-0.3284134,0.7526358,0.4128689,-0.143939,0.539664,0.2661899,-1.29014,0.414416,0.8405368,0.4797036,-0.8234013,-1.927256,2.102545,1.464308
-0.7484112,-1.872235,-4.640977,-1.974994,-1.607135,-1.874944,-2.989408,-0.4121877,-0.3843776,-0.9046907,-2.441394,0.4000249,1.950705,3.24085,0.1708737,-1.051845,-0.3212691,-0.7672631,-0.4406779,-1.313988,-0.3964687,-0.04801331,0.5958022,-0.4951982,-1.29944,-0.7035482,-2.420427,-1.102375,-0.05390322,2.076524,-0.3836994,1.339785,-1.578601,0.6901965,1.00838,1.886639,1.771963,4.454089,0.8472137,-0.9146577,3.219399,2.245629,1.693167,1.459215,1.03021,-0.7638727,-0.8864175,-0.3342189,0.3639447,1.055107,2.828207,0.4970255,0.458444,0.5045972,1.021148,1.08708,-1.077532,0.2231411,0.1909913,0.6760195,2.151378,-1.677593,0.1761734,-0.9809451,-2.395613,1.3512,0.5055372,-0.5596375,1.411206,-0.02279412,0.8922124,-1.75997,-1.359492,0.4770311,0.7062298,0.8049134,-0.7441452,1.096339,-0.06196901,-0.03430244,1.400768,0.3821167,-1.229775,-0.01382446,0.07799073,-1.696345,-2.109911,-1.961144,-2.563647,-2.358117,0.6166427,2.071296,1.763009,1.525997,-2.207482,0.4055419,1.093027,0.5617104,-0.4320865,1.916272
-0.6345184,-0.4553169,-0.020087,-0.03652647,3.052982,0.4808571,-1.345598,-0.5802017,-1.522785,0.8943317,-0.5155767,0.3348758,-1.46463,-0.228658,1.118361,-1.133115,-0.5650704,-1.577026,-0.008145481,-0.3610185,-1.903115,1.280274,0.01475823,2.375205,0.05612323,2.230814,1.494015,2.453299,0.3589404,0.1963596,0.2083378,1.531859,-0.6958773,1.193866,-1.687606,0.1338821,1.5878,1.739928,1.299254,-1.143994,-1.359719,2.31427,0.3685392,-0.2385892,0.8749152,-0.7278464,-2.296691,0.100481,-0.04272252,-1.61523,0.1620401,-0.2093279,-0.6286154,-3.386999,0.4461713,-1.394896,-1.085351,-1.390199,-0.07026839,-2.103246,0.9490381,0.03886878,-0.8289639,0.9407951,-2.009966,-0.3938172,1.026651,-0.5110142,1.706314,0.6985114,-0.4605306,1.611028,-1.082939,-1.729364,-0.2950165,0.3152054,0.3636002,-0.3370476,-1.125515,-0.3626037,-1.194091,-0.4801616,1.415952,0.4838735,2.806525,2.136529,-0.6969493,0.3677297,0.219555,0.5065018,-1.347977,-1.20694,0.146532,0.1764259,1.297861,-0.6627094,1.16302,0.9939027,-1.565574,1.052791
-0.5533807,1.34271,-1.683491,1.659068,-1.68121,-0.9781287,1.496776,0.05355465,1.075976,1.966711,1.248946,0.1551389,-1.775744,2.064933,-0.4331565,-2.615696,-0.1040545,2.855242,-2.305546,1.000632,0.4872603,-1.167658,1.585958,0.2128657,-2.524792,2.960444,-0.7636053,2.406217,-0.8684061,-1.007483,0.7361014,0.8437704,-0.2330044,-0.4051475,-2.267417,0.5100277,-1.59461,0.896533,1.968085,-0.8581774,-2.638959,1.511545,0.3155863,0.6415734,-1.459414,0.7809486,-0.5867767,-0.1186275,-2.530358,-1.499092,1.966931,-1.301072,-1.290353,2.515184,-2.084529,-0.5250404,0.5932245,-0.33213,1.24382,0.1114729,0.1826318,-1.867582,2.298759,-0.03773465,-0.5048146,2.056745,-1.076381,-0.2891119,0.3685359,-0.58733,1.476234,0.6367015,-0.3332521,1.292806,1.905587,-1.221706,-1.46784,1.056498,-2.259347,1.455368,1.622119,-2.689604,0.3860186,-0.8548952,-1.640983,1.653628,1.264602,-0.8886904,1.921936,-1.708842,-1.893774,2.351789,-1.18965,-0.9435763,-0.9464737,1.861426,-1.593463,3.823767,-2.605385,-0.03489094
0.08287877,-0.032022,-0.7677821,-2.594107,-2.42458,-1.984497,-1.675525,-1.488052,-2.182772,-1.05768,-0.4407623,0.9647911,-0.1372668,-1.85406,-2.842206,-1.171165,-3.052066,-1.447292,-0.4511592,-4.659811,-2.863061,-0.05686194,-1.935211,1.293705,0.8598185,-0.1594949,0.6125171,0.377929,0.9549868,-0.2205168,-1.162342,-0.7000666,-0.5963925,-0.6370803,0.6409839,2.395062,1.514522,-2.203107,-0.1652402,0.5422578,1.257571,-1.64479,0.7115193,3.438287,2.170888,1.061828,4.737201,4.239767,2.200724,1.848336,0.2185034,0.7842262,-2.041632,-2.939951,-0.3331202,-0.3791168,0.5520985,-0.5148845,-0.4324313,0.1808284,-0.5490423,-0.1279411,2.78072,2.810806,3.22215,1.89401,4.751657,2.600597,1.182831,0.65996,-0.08669001,-0.1291564,-0.004746139,-2.989849,-0.6645555,-1.469002,-0.5380975,-0.2825851,-2.340492,-3.156563,-0.1671773,1.72175,-0.3795111,2.12149,0.4611198,-0.4691631,2.084224,3.008948,1.366296,1.307141,-0.9528148,-0.7283566,1.321264,2.081017,-1.231522,0.5333753,0.1495987,-2.416986,-0.1638221,-1.604015
-0.9703121,-0.1668812,-1.218205,2.12343,-3.184222,-3.405993,0.8522336,-0.7597226,-2.839088,0.3246681,1.329667,-0.960804,-0.05135761,-0.5084089,0.8256477,-1.871037,0.0873919,-0.8117268,-1.90559,-0.7932527,-1.326775,0.2956679,1.731913,0.498712,-0.9136488,0.8761923,0.3683923,0.4691737,1.651524,-1.168018,-0.8627397,2.488799,0.9301886,0.3593378,-0.05644104,-1.826843,-2.557339,3.496725,1.409203,0.1921409,-1.884394,0.2729815,1.23847,1.605695,1.220058,0.6083977,1.85396,-0.969225,-1.361892,2.74445,-0.822888,-0.7123483,1.438399,3.791196,-3.367415,-2.274313,-0.4889935,1.024443,1.178685,1.588969,-3.348866,-2.521879,-1.074215,3.262153,5.166981,1.481538,-1.73213,-0.250348,0.8124754,-1.047626,-0.7045072,2.058755,-0.7972805,1.502506,4.358549,-0.4466132,-1.545399,-0.8907009,-1.52648,1.837524,-0.2010411,-1.992212,3.344828,-0.2222534,-1.991167,-1.22178,0.1344291,-1.480679,-0.16516,0.7844451,0.5602631,0.9165613,-1.680587,0.1313487,3.167072,-2.578126,-3.209969,1.73664,2.077816,-1.541701
-0.7660955,-0.7486724,-0.3407164,1.463573,-0.4711614,0.6487725,-1.074281,-0.8573898,-2.755251,-2.494444,-0.6661199,-2.214757,-0.3822945,0.8044831,-0.2863888,1.23585,2.44607,-1.178926,0.809276,0.8982717,-1.424798,-0.1365016,0.6115051,0.6487303,-1.145003,-0.1126896,0.7386268,0.09601158,0.4038418,0.8194944,0.6509226,0.3166209,0.6015559,0.807244,0.4363967,-0.09364325,0.725545,-0.5926523,-4.267264,-1.562981,0.537116,-0.1398806,-1.186108,-0.5633663,1.947856,0.7158322,0.9127359,1.106741,1.075241,-0.04872072,1.500394,1.259313,0.2938505,-0.02929285,0.3654266,2.173579,2.112727,0.8400733,-0.624133,0.1500543,2.967989,2.191431,1.584369,-1.447046,-2.918067,-2.631056,-0.3498133,1.533301,0.9247001,0.1403027,-1.123884,-0.6814438,0.6127669,-0.3202676,-0.1230498,0.3372502,1.034915,2.774466,2.138885,0.723506,-0.8274661,1.944179,-0.04306805,-1.902998,-0.6997389,-0.7618892,-0.7443053,1.135142,0.38543,1.039362,-0.6540525,-1.610237,-0.1903261,0.508853,-2.077036,-1.661008,0.7879815,-1.3345,-3.066129,-1.587643
1.985227,-0.529664,0.905203,1.382148,1.518296,2.611826,1.620888,3.444619,2.207182,2.676885,2.200656,4.280202,2.604403,5.055197,1.288063,1.048545,0.805904,-0.5998002,-0.01703909,-1.722601,-1.18791,1.15874,-0.5250202,-0.1776843,1.807061,0.7516037,1.061507,1.263738,1.627152,2.455048,1.025036,-1.057043,0.9133332,1.990515,-1.286101,-0.1921662,0.4679331,-0.969983,-0.189119,-2.136001,-2.04272,-5.76863,-2.111503,-4.523108,-3.287364,-2.897097,-0.1290426,-0.08766851,-0.9980901,0.06924516,0.09512046,-2.443135,0.4836753,-3.021516,-0.3049013,0.5307697,-0.5425217,-2.575995,-1.458132,-1.447467,-1.388893,1.489958,-1.477725,-2.737999,2.305657,-1.222077,0.2308393,0.3536693,-2.07317,-1.64868,-1.4016,-2.335218,-1.39258,0.4370136,0.009055644,-0.5812447,-0.006847024,2.797462,3.186694,1.693615,1.067295,0.6399056,-0.03467149,-1.206671,-2.903305,-1.237224,-1.937517,-3.273834,-0.2423442,-0.1978226,3.94774,-0.3386199,2.307014,2.15038,-1.113883,-2.096782,-0.3931578,0.7339253,-0.3424868,1.127428
-2.503875,1.720687,0.4440697,1.916505,3.154149,2.092328,3.953234,3.080945,2.600672,2.669117,0.6588123,1.733274,1.851653,-0.3149581,2.225496,0.392878,2.153973,2.409434,2.616537,2.100222,0.4937081,-1.622613,0.02420875,0.382695,0.5652936,0.9959944,1.22142,0.07998128,-0.3810021,-1.593137,2.083276,0.1209216,-2.458195,-1.313271,0.6767688,-1.255814,-0.1519137,-0.7823008,-3.231972,-1.739811,-1.779209,-1.045601,-3.978096,-3.324059,-1.579592,-2.125315,-1.667948,-1.264861,-1.434199,-1.435177,0.1508641,0.1671015,-2.633961,0.9592749,0.103219,-0.031637,1.45466,-0.6439121,-2.132562,-0.3351368,-1.040964,-0.3456469,-0.7971601,-1.563323,-1.525329,-0.9882668,-1.102141,-1.530796,-1.776653,-2.485221,-2.632513,-0.6622197,-1.651524,-1.199984,-0.1007925,-1.419807,-0.5383779,0.1944695,0.9544368,3.61469,1.536905,0.2189802,4.097558,0.7972404,0.6975526,-0.2214867,1.239886,-1.227828,-1.72661,2.257229,-0.7169362,2.970896,-1.495262,1.335628,3.902272,1.036369,-1.066608,-0.7923097,-0.8533617,0.1137752
-0.02161007,-2.21937,0.401021,-0.5050598,-0.4367259,0.5410999,-0.6359146,-1.839031,0.009560525,-1.137924,-1.962481,-0.8583314,-0.3058153,0.07008216,1.117661,-0.2918343,0.7897202,-0.7036573,0.7351303,-2.33958,1.919422,-1.007162,1.278648,-0.6781765,-0.0529471,0.1531912,-0.6485249,-0.9745352,-0.217402,-0.7775863,-0.03413036,1.313796,0.9215401,0.8561928,2.853869,-0.9285297,-0.3614865,0.8620838,-2.170853,-0.5390188,-0.4848044,0.7528847,0.2221808,0.1430698,1.642727,1.473136,1.964337,-0.5295097,2.594782,0.4569696,-0.8299557,1.218122,-0.9112484,0.5977398,1.592517,1.260546,0.009958714,0.2955174,0.5588459,-1.654317,0.6877062,2.553674,0.5606588,-0.4219465,-1.396982,1.06588,0.2283763,1.302379,0.2048573,-0.392385,-0.02887085,-0.6979686,-0.6743666,0.6867926,-0.4040776,-0.09338179,0.8900962,-3.088605,1.228979,0.5081562,-1.960148,0.2972629,0.7715663,-0.66794,1.61724,0.1986682,1.056622,0.5470614,0.1121928,-1.552313,0.488734,-1.498476,0.6832516,-0.4105493,-0.6592727,-1.073517,0.05766794,-1.639656,-1.775307,0.1391077
-1.15506,-0.1657364,1.130867,-1.179471,0.9247895,0.6869231,0.4578207,-0.2177173,1.835757,0.5332143,0.6257579,0.6880441,2.36565,0.1028746,0.4022356,-2.09262,0.123279,0.5833416,0.4030578,-0.7678105,1.464314,-1.692443,0.4733524,1.660128,0.9915017,-0.4668222,3.179441,-0.3280349,1.406738,-1.127838,-1.273944,2.698766,0.4397901,-1.616428,1.12651,0.2035268,-1.077075,-0.804789,-0.05398025,-3.155738,-0.8736252,-1.421032,1.177322,-0.8714399,0.04687825,-0.31436,1.681391,-2.548558,2.754693,-4.411183,0.3389493,0.4482448,-0.3733525,-1.586657,3.017618,-2.380855,1.339772,0.2798604,-0.2800176,-1.03059,3.60996,-1.483917,0.5374376,1.215068,-1.152769,0.3580279,0.1297951,-0.4337069,-3.07241,2.126051,-3.142416,-1.636997,-0.8658682,0.5420713,-2.354988,1.822464,-0.6969711,1.890356,-1.682021,1.265936,1.68482,0.4756997,-0.8778145,0.03073698,-1.018139,1.568073,-3.185878,3.404846,-2.177941,2.836255,-2.307038,1.883312,1.041425,-1.199361,-1.898919,0.285426,0.8894849,0.3673355,-1.599365,0.4967048
1.511515,0.4821234,1.098022,3.026993,2.844144,1.858791,1.744741,0.1310738,-0.6680802,1.264516,-0.152504,1.975185,-0.7035625,2.520831,1.356823,1.658141,0.9488622,2.4474,2.284245,0.7605362,-2.156387,-0.05253747,1.422163,1.476024,0.2029764,-1.140623,-2.459301,-0.9913737,-0.9800169,0.008472979,-0.9800748,-1.123171,1.799872,-0.5257945,0.3404239,-0.8205849,-1.078043,-2.183182,0.6762094,0.7965437,-2.001842,-1.828411,-2.374132,1.548021,-0.6054678,-0.4600783,-2.273116,0.8572651,-2.412194,-1.547589,-0.4236068,-1.410904,0.1969627,1.860563,-0.2247404,1.987235,0.1125794,0.9990238,-0.8348843,-1.009455,-0.7906145,1.33954,0.7697461,-1.731844,-1.474831,-2.36986,-3.014998,-0.008069098,-1.165828,-2.26511,0.0162912,-2.251681,-2.667544,-1.558785,-2.335289,-1.392003,1.644437,1.491617,2.24016,-1.453727,-0.2697085,2.268345,-1.889551,-0.2888555,-0.2601466,-0.8924435,-0.2222866,3.393578,3.302421,-1.024539,-0.6880857,-0.05270082,1.249439,1.998158,1.16311,-0.1377144,-0.04141457,-0.6668328,0.04026991,1.220726
0.6843534,-0.8617143,-0.2705445,1.357644,-3.623382,4.635636,-2.789891,-0.6486428,1.048711,0.1965163,-2.332641,0.4318239,-0.1534975,-0.03324367,-4.231113,4.171286,-0.003619745,-0.773151,-0.4725713,-0.8647606,-2.45006,1.622504,-1.291392,-0.3780874,-1.686888,1.711387,-0.8505675,2.657889,-3.690799,2.673346,-2.21437,1.43626,-0.3187458,-0.3863491,0.8018141,-0.8694755,0.625755,0.5533803,-1.443449,0.9988055,0.6635383,1.29145,-1.851104,1.497677,-0.3391513,-0.9048268,-1.388477,0.8427681,-1.265887,2.24701,-0.02135076,-0.9396645,0.3019865,-0.5471414,-0.6228072,1.911478,-4.708001,2.690711,-2.994799,2.019163,-1.409376,-1.422857,0.8203776,-2.963919,3.539865,-0.1205177,1.750231,3.386593,-1.560196,1.491256,1.156898,-2.614178,2.805211,-0.6811929,-0.5216398,1.677428,1.103626,-0.5891075,-2.621197,1.047482,-1.270575,2.950007,-3.085724,1.484427,0.5965351,-0.4464303,0.8741405,0.4147977,-0.8729677,-0.3663449,2.31228,0.1528415,-1.345029,0.8052019,-2.356014,4.06952,-1.512383,-1.959383,-0.3037394,4.733328
0.5088241,-1.526344,1.908301,-1.412972,1.089676,-0.3587315,-0.4353454,0.373592,-0.6892982,0.1387956,-0.6699113,-1.634622,-2.135138,1.28181,-4.063038,0.1692256,-0.07462115,-1.505689,1.206926,-0.7323272,-0.0005257223,0.5593165,1.600201,-0.9307805,1.518345,-1.39036,-0.1540586,0.4483055,-1.165532,-1.570065,-0.6262924,0.5563982,-1.150145,-1.329021,-1.249538,1.282571,0.1217489,0.4445246,-0.5052247,1.107425,-0.9723464,1.281943,1.661367,0.9608474,0.1460107,1.559188,0.7784603,0.1133112,1.311143,0.3266823,-2.953184,2.477151,-1.380594,0.1359979,-0.8059626,1.391163,-1.405342,-0.04256964,1.492548,-1.976129,1.708487,0.6870543,-1.862453,3.152391,-0.09170402,-5.691318,2.221349,-0.9350016,1.002837,-0.003264897,1.997896,0.6603526,0.6427199,0.334212,0.4656463,-1.059369,2.091708,-0.7188556,0.556436,-1.512125,0.856856,-0.8048962,0.1706797,-0.7242483,1.788697,1.342606,-0.7210309,-0.06574739,1.767554,-1.061082,0.1633057,-1.403303,0.8234565,-0.5601055,1.029691,-0.08658636,3.114682,-1.845359,0.276786,-0.8150436
-0.9847013,1.831911,-0.07122762,-0.5116014,4.527541,-3.226611,0.7120149,2.766263,-1.86909,-0.5429063,2.473687,2.000145,-0.7121354,-2.60444,3.597381,1.179491,-3.067775,2.576961,-0.6489421,-2.359408,3.014102,-1.711844,0.4016204,2.006831,-0.5540128,-0.2959097,1.097948,-0.8961076,1.46282,0.2555649,-1.816401,1.157838,-1.24597,0.8062335,-0.4533294,-0.8816558,-0.6884552,-0.8952855,1.029681,1.530685,-2.082255,-1.835279,-1.096392,0.6704813,-0.1663191,-1.726971,-0.6813958,-0.2302977,-1.584543,0.4818571,1.021738,0.3697022,-2.975427,1.906526,2.613222,-3.58066,2.741728,-0.9008705,-0.1502067,-0.7516848,-0.9081102,-2.717241,0.6469218,0.74775,-0.280856,0.4499488,-0.2568226,-1.996099,0.927631,0.982595,-3.287452,3.973775,-0.7384138,-1.070361,0.4733899,1.143749,-1.612451,-0.8798988,2.469646,-2.661456,3.738321,-1.401139,-0.4070985,1.663859,-2.885752,-0.7482218,0.4106432,0.5063458,-0.2257351,2.464759,-0.6290187,0.9402173,0.7291355,-1.149101,0.5466254,3.423935,-6.031031,1.17281,5.043516,-3.00318
2.424383,-2.095742,1.384764,-1.005947,0.8343741,-1.89835,-0.4210932,-0.4547039,-0.00539038,-1.024478,-0.7047452,1.58409,-1.884298,0.7797639,-0.7579436,-1.429258,1.137356,-0.5220325,0.6359789,-1.201839,0.03647868,0.9561695,-0.6941172,1.489835,-0.6460271,0.4995531,-0.2235577,0.9855451,-0.2084521,-0.8158759,-0.3967515,-2.77765,1.376118,-2.263644,2.616241,-1.951443,-1.1274,-1.88478,3.373426,-2.000528,3.655224,-4.617397,4.894226,-2.79267,4.94626,-4.658203,4.981293,-2.493191,2.509921,-1.947393,1.86622,-2.926946,2.832792,-1.439244,1.916195,-3.71372,1.858974,-2.1654,1.843265,0.8743241,-0.5824527,-1.009046,1.609532,-2.504723,3.716154,1.04973,-1.095538,1.763457,-2.347678,1.980899,-1.229578,0.7030679,-1.031532,0.5596315,-0.5533416,1.889272,-2.887519,1.179851,-2.053925,1.462718,-0.8566723,-0.4250757,-0.1063169,2.61225,-1.616229,1.846459,-1.906558,1.704944,-1.525903,-0.1124274,-0.1378793,2.153537,-1.742379,0.008885961,0.7554237,1.365851,-1.591908,1.632362,-0.7122721,0.8923678
-1.781362,-2.728009,-2.134666,-1.014196,1.147847,-2.198255,0.1432881,0.8268797,-0.6204876,0.02263658,2.485909,-0.1564826,-0.01904127,0.9995869,-1.82664,-2.376558,-0.836008,-0.3412876,-1.505707,1.758119,-0.3963037,-0.3740801,1.745497,0.6404576,1.144441,1.333406,0.01265283,-1.812927,-1.055512,0.9526131,-0.1778406,0.2716085,2.256152,1.085565,1.563636,1.743315,-0.1526585,0.5380851,-1.311166,-1.751462,-1.087343,0.1950166,0.9622327,0.01079656,0.195665,2.826811,2.349084,0.1747808,-0.9028386,-0.7470282,-0.2665294,-1.120691,-0.5078187,-0.6096591,-2.164195,1.146018,3.487845,1.695207,-1.194606,-1.061858,-0.5712776,0.4059715,2.557884,2.256041,1.71269,0.09573479,-0.1428978,-0.4194418,0.9414514,-1.642104,-0.9291995,-0.1644561,-0.2508565,0.248725,0.3120323,1.107373,0.2753728,-1.411321,-0.3463859,0.8778774,0.4696281,-0.5919102,2.40848,-0.8402712,-2.137758,-1.301497,0.3029959,0.8814962,0.2909566,-0.7152576,0.8978262,-0.8317086,-0.03138147,-1.137646,1.321779,-2.216328,-3.252321,1.682346,0.3824269,0.02299668
1.396804,1.695443,0.2569006,-0.2414581,1.570174,-1.330861,-0.8204108,1.783516,-1.34859,-1.851069,0.6281168,-0.0717116,-1.089934,1.567582,-0.5233407,-2.113394,0.9423244,1.842938,-1.448975,-0.1018167,-0.7808394,-1.433346,0.172417,1.944675,-2.584845,-0.3326124,-0.08344141,0.6270243,-1.493668,0.2108164,-0.8511994,-0.8156953,-0.1759643,0.1055539,-1.446337,0.5633601,-2.927419,0.2983016,4.625566,0.7397459,-0.9680525,1.239322,0.3381962,1.281142,-0.9147394,0.1203851,1.168992,0.927165,1.049995,-0.1291164,1.793608,-2.235614,-0.7755413,3.803755,-3.546531,-3.715734,-0.8047148,2.096184,1.24578,1.805529,0.7681243,-3.780622,-1.26632,-0.2741041,2.914245,4.460114,-1.710961,-1.448479,1.623318,1.477208,-0.2921136,0.4831586,-1.530626,-2.127439,2.178824,2.318933,0.9254861,-1.000414,-3.867801,-1.264752,0.4540609,-4.742949,1.924862,2.273043,0.6964819,-1.022143,-1.324773,0.4488551,1.326389,-1.713609,-0.5331692,2.407178,-1.642879,-1.519354,1.52468,3.458941,-4.274902,0.342346,1.464208,0.9826142
1.941759,2.18408,-0.4786874,0.5946937,-0.1211698,-2.718546,3.705402,-0.5314558,-0.4248209,1.516681,-0.6327561,-2.190146,0.07012098,-0.4287622,1.808069,-1.302191,2.212672,0.5905198,-0.5537084,1.105882,1.095726,0.7479386,1.70881,-2.670896,-1.255483,0.6574438,0.403274,-0.3224567,0.7074891,0.1414349,1.081364,0.007604942,0.261723,-0.624305,-1.028943,-1.546842,2.439097,0.5823016,0.9416699,-1.657027,-0.08755086,-2.150567,3.123792,-1.355687,0.1783084,-2.989638,1.304647,-3.381129,2.214332,0.6707198,-0.1319958,-0.6292042,1.352302,-2.600688,-2.009598,1.400007,2.961169,-0.2887204,0.19723,-3.27963,-0.5304819,0.5867863,0.1484743,-1.58691,-2.114575,-2.357732,-0.4955217,1.35184,0.3067891,-0.1096688,1.553826,2.338868,-2.558981,1.959305,-0.6133213,-1.408863,-3.200715,3.341238,0.1164229,0.6865836,-0.850721,-1.395661,2.459679,-2.009032,-2.185305,3.827679,-0.1086019,-0.376478,-0.7313171,1.143184,-0.9263633,-0.129673,-1.421376,2.094284,3.456819,-2.927804,1.179004,4.348887,-3.352607,-2.023624
-0.4420293,-0.4153827,1.812266,0.2625128,-2.112761,-0.02733424,-1.370058,-0.4554418,0.9988136,1.995146,1.475667,0.9366266,-1.379498,0.2843036,0.1500358,1.060409,0.5718979,0.5094613,1.040497,0.004847702,1.18002,-0.04499375,2.442508,-0.7154701,0.54221,1.313396,0.9580818,-0.3723854,-1.020872,1.733279,0.4290592,-1.600502,-0.2673596,3.094625,-0.4737497,0.5282406,0.8618184,-1.543679,-0.8667891,-0.3154496,-0.1334351,-0.8921854,-0.4197491,-0.297515,-0.4436253,0.5457537,0.3047628,0.020309,1.237946,-0.1030075,-0.8906888,1.456872,1.1416,-0.2712709,0.04374606,0.9928205,-0.6341366,-0.1910773,-1.0037,0.09119351,1.430818,1.032403,-1.111169,2.093256,-0.9185953,0.6425425,1.065568,-1.100742,2.099528,-1.059929,0.2637627,-1.055764,0.4028623,-0.2466694,1.071461,0.08999379,-2.617387,1.62918,-0.3688774,-0.2621695,-1.551525,0.05591526,0.3117543,-0.1068324,-1.85256,-0.2047444,-2.085066,-0.1608623,-0.2933865,0.2222932,-1.135272,-0.4597733,-0.5018243,-0.4879947,-1.393153,-1.579298,0.02845035,-0.8295897,-1.152271,-1.220907
1.674707,0.6772218,-0.2022053,3.556833,0.893429,0.5229575,1.029443,-0.1283315,-0.8614511,-0.2084334,-0.2810803,-1.080989,-0.158035,-1.664382,2.040314,1.271121,0.8204795,1.50082,-0.2666911,1.054363,-1.252383,2.084498,-0.1295322,-0.6746096,0.8088927,-0.1773626,-0.499029,-0.7674004,2.474472,0.4702635,-2.228984,0.8424364,0.0828537,-1.088801,-0.2585322,0.5947769,-2.575377,0.06704012,1.625466,-0.3376112,-0.1543151,-1.480435,3.23282,-0.342294,0.4567792,-2.616266,-0.3164577,-0.8960874,-4.008943,3.233938,-1.634927,-0.8865834,1.628076,-0.251275,2.680662,-0.04143801,-0.9818884,-2.780315,-0.4529055,0.0110744,0.1561386,1.442466,-0.5692849,-3.806227,-1.336388,-2.453722,0.4596274,-1.690664,-0.5775225,1.353352,0.4497206,1.072197,-1.449281,-0.6659452,0.6532723,-0.01678073,-1.478643,1.675528,-0.8221419,1.96839,1.24618,-3.226635,0.7854562,0.5035623,-0.6963187,1.904868,1.685967,0.4417318,-3.428307,1.88642,-0.9594327,1.414321,0.2178911,-1.401734,1.010907,0.486924,-0.6446298,2.859467,-1.267576,-0.8335464
-1.672568,-0.1813172,-0.8329357,-1.037446,0.3105047,-1.365164,-2.840508,-1.566361,-1.275936,-1.930241,-2.567616,-0.5018108,0.07201451,0.07695889,1.592112,0.3784688,-2.416793,0.7413706,-0.6767799,-0.4217832,-0.112376,0.1207856,-0.7645696,-1.155174,-0.9994386,-1.078036,1.15822,-0.3380426,0.5666213,0.675522,0.32986,0.6499411,0.4666607,2.45989,0.9288108,2.751937,-1.558839,-2.095697,-1.204738,3.362784,-1.025436,0.8206835,0.1916625,3.212529,0.3985077,3.130531,0.1476313,2.933002,0.4570429,0.9373504,1.53727,0.2586455,-0.5439885,3.476274,4.003703,3.446408,-2.156902,-0.5071607,-0.6993695,2.455578,3.298086,2.487424,-1.491643,-2.722808,-1.490996,1.310942,2.760263,0.6672542,1.298531,-1.213848,-0.8038296,-0.4077662,-0.702824,-1.043687,-0.6202222,1.416855,1.684641,0.0382396,0.5675039,-2.069624,1.164008,-0.2697916,-1.348389,2.18718,-0.7998613,0.5467778,0.905579,-1.783132,-2.374895,-1.712539,-2.317958,-0.5115998,1.90126,-4.212898,-1.352263,1.13679,-2.341935,-2.556501,0.3995013,-0.1440725
1.747675,-2.2483,-0.0740467,0.04890735,0.8989418,0.4006785,0.6273725,-1.559959,1.227342,-1.206504,0.3342034,0.7701864,0.144238,0.5417026,-0.09834386,0.08813009,0.3507001,-0.7941747,-0.7739743,0.1769038,0.1068495,0.7786328,-2.514301,3.575387,-0.5817597,1.191437,-3.856383,1.664429,0.09857324,-0.02099061,0.3593796,-1.447367,2.265547,-1.951718,2.39025,-1.032835,0.1927842,-1.335416,-0.6346794,1.03933,-1.359618,1.614576,-1.490438,-0.5191959,2.257776,-0.6514775,2.475587,-1.982247,3.571358,-2.801919,-1.75637,1.327911,-0.09741911,0.8504378,1.110333,1.092942,-2.714315,-0.04625982,-0.1705135,0.3261169,1.71527,0.4192491,-2.491519,1.631183,-2.405181,2.142257,0.01218599,-0.2237463,-1.118581,-1.169998,1.37268,-1.912618,2.039815,-2.345915,-0.368571,0.6039174,0.412752,2.841088,-3.316813,2.240306,-2.056666,-0.3355385,2.181332,-3.750902,4.4189,-0.7146553,-2.252894,-0.5952343,0.09747338,0.4464155,-1.377535,2.660306,-2.824024,2.389625,-3.024721,-0.8021401,3.249757,-1.091333,-2.24965,3.627628
0.9552081,-3.501133,0.9527154,-3.84844,1.328209,-1.901784,0.4932773,-1.385354,2.721501,1.438643,0.655177,-3.455083,1.761433,-1.692792,-2.12992,1.647407,-2.729589,1.892044,-1.863175,1.325467,1.378581,-1.102012,-0.3173428,-0.3828902,0.107243,0.7999223,-1.254426,0.03278694,-2.562993,-0.8504968,-1.697942,-1.330764,-0.7414354,0.1942828,0.9108647,0.02710479,1.45075,1.685293,2.437715,-0.6174977,2.592491,-1.595719,1.434123,-3.013281,0.2633832,-2.779248,0.2224891,-0.9806563,-0.827773,-1.258724,-3.11612,-0.4852778,-0.8012089,-2.313298,0.08559904,1.533786,1.859656,1.868123,-2.515737,0.838799,-0.8438203,0.8615199,0.1390509,-0.3731752,0.8741401,-0.9354893,-1.370239,-1.611476,-1.61763,-0.2650518,-0.1241023,0.6465416,-1.164926,-0.3045343,0.799037,-0.2024282,0.1778458,3.245377,-0.7079785,3.054546,-0.4182899,0.7194233,1.849873,-0.5481924,2.449332,-0.3359721,2.006153,-0.1336618,-1.462901,1.082367,-1.701756,2.509963,0.2266569,0.7216666,1.416019,2.400452,1.836119,1.592082,0.7913413,2.880162
-3.750948,4.052308,-2.974655,-2.273523,-0.2678474,-1.32549,0.3036536,-0.4839686,-0.5807822,1.687327,1.145557,-1.818419,-1.730629,-0.9687297,3.222281,-2.14773,1.188674,-0.6019989,2.437414,-1.587279,0.7497562,2.284124,1.660316,-3.135967,1.280841,-3.400933,3.97329,-0.8775276,0.9561135,-0.4316357,1.112634,-0.2148019,-1.38993,-0.09825758,-0.1161703,1.216071,-1.347296,0.03472538,1.744551,1.225101,-0.6244912,-0.478011,-2.286192,2.389378,-2.47727,0.3375486,-1.199525,0.1669104,-0.3403334,-1.240619,0.7770136,-1.386824,1.800423,-3.267919,0.6992372,3.051702,0.4827107,-0.952964,1.573865,-3.209399,2.420447,-0.8403054,-0.1241257,0.7519597,-0.8402588,-0.02583102,-1.159,0.1763977,-0.3545102,-0.1015797,0.3033724,-0.03132679,-1.337032,0.01012528,2.178181,-2.373318,3.557018,-2.127671,1.848847,-0.1569898,-0.1123164,1.871514,1.104763,-1.325181,1.045952,-2.175111,0.2825619,1.335332,1.772098,-0.4343247,-2.245837,2.647178,-1.590758,-0.05550686,-0.06646658,1.19357,-1.262815,4.498373,-2.111273,1.288395
-1.993627,3.163853,0.7528148,-0.5137514,-2.58375,-1.193593,-1.088519,-0.1105869,0.7499194,0.50454,0.001894653,2.873463,-2.615126,-2.962289,2.157727,-1.883744,-0.9360406,0.008711964,-1.828374,0.8761383,0.2239783,0.8723283,1.477753,-2.417633,0.2397256,-1.379899,-0.03506768,-2.404706,-0.9301496,1.409278,-1.401079,1.314228,1.215469,-2.022818,-0.7531035,-0.3289087,1.078166,0.9428903,-0.008579791,4.166181,1.26835,-0.09940022,-0.1219986,-0.9141991,0.04126522,-0.6995996,0.6703383,-1.117573,2.658858,-1.787963,-1.688159,1.370093,-2.282013,-2.088707,-1.992117,0.5738518,1.322682,-1.917043,-0.1360426,-0.7241153,0.741243,0.5478088,-0.2212605,0.7213082,1.654766,0.7935697,-0.8677622,0.1012118,-1.071606,-0.1303261,-1.700352,0.1922499,-1.110004,0.6774416,0.4813861,-3.484772,3.201312,-0.9886829,0.1025941,3.985716,-0.9433687,1.468748,-3.627011,-1.206438,0.445218,1.44593,-0.08625886,-1.227001,2.407594,0.7420231,-2.899413,3.602063,2.039463,1.200062,-0.5832486,0.4151351,1.372924,2.428972,1.878264,0.5262792
0.7956634,0.8665819,-1.764863,0.6543653,-1.919756,-0.344745,-1.029487,0.6078324,-2.07792,-0.7412293,-0.2481371,2.246575,0.3495201,2.336234,-2.291414,-0.9583943,1.846675,-0.989423,1.268972,1.017381,1.766089,0.1097589,0.007564336,1.790718,0.5229254,0.4482753,-1.230802,-2.107498,0.3288694,-1.102269,-2.95488,-0.7359436,-1.040312,1.618768,1.61126,-1.633674,0.4086365,0.9002514,1.973341,0.7664499,0.1757354,0.4118132,2.538564,1.975932,-2.498757,0.1650638,-0.2801051,1.129085,-2.530867,-2.020826,-1.952261,-4.359225,-2.393084,2.753812,0.196334,0.9406719,0.623891,1.79924,-0.4469839,-1.5297,1.80821,0.1581945,-0.05499575,0.7103546,1.705997,0.7434095,0.7197167,-0.659714,0.6956939,-0.960081,0.7869153,-1.956186,-0.3247823,-0.5034662,-3.170495,0.381913,0.2909626,-2.805793,0.08423528,-1.644443,-0.1125088,-0.3389827,1.26289,1.43757,-0.5839643,2.104681,0.2737788,-0.06295642,-0.2755828,0.7822329,0.5336258,-1.648278,-1.041669,-1.035918,0.9715685,0.1434879,3.050047,0.9819181,-0.7499208,2.532044
-0.2209608,2.860576,-1.611372,3.275605,1.112913,1.194941,-0.9365132,0.7635293,-0.161901,1.197169,-1.636345,0.9616407,-2.102448,2.539582,-2.600333,0.3838404,2.393471,-3.281115,1.405503,-2.471459,0.7956684,0.9521672,-0.151921,0.9317482,-0.01003036,1.612377,-0.9414716,0.2153645,0.9881181,0.688854,-1.080787,1.014278,-1.414997,-1.751974,2.82556,1.518521,-1.121439,-2.370282,-0.768079,0.5047308,0.07339394,1.484907,-1.099452,2.331008,-1.973709,3.957791,-1.424509,0.9905275,0.5294029,0.2337094,4.263867,1.642403,-1.447522,1.023798,-0.3105872,-1.206094,-0.9739591,-0.5783821,0.3336547,-0.5937438,1.27392,-1.679043,0.6649356,-1.081205,-0.6406592,0.5604972,1.875018,-1.414076,1.982654,-2.193746,0.7319864,-1.122529,-1.720506,2.755429,-0.526405,0.7690353,0.2965419,-0.4087516,1.161785,-3.554033,-0.6412418,-0.9906297,-0.4563368,0.3907023,-1.770169,0.3016427,-1.465771,0.1663878,-0.9395643,-0.860716,0.965379,-0.1801329,0.7249447,-1.252815,0.6820552,-1.614287,-2.500068,-0.7690371,-0.9018173,0.6213982
-1.990756,1.79789,-0.5603279,1.360059,0.9667617,0.9004709,-0.9655368,0.08915297,-1.043474,2.092713,-1.206101,-0.8869707,2.739617,-2.658541,2.255315,-0.4334829,0.01012138,1.362788,-0.6562732,0.9543605,-1.79054,-0.1837224,0.5938281,-0.2568079,0.7410402,0.2162791,0.2946626,-0.86488,-0.1989858,1.190745,-0.6127703,-0.6970086,1.211285,-2.585253,0.8923514,0.6205426,-0.8122105,-0.3243899,-2.356314,1.06088,-2.405554,3.135535,-0.8527475,1.118531,0.859632,-2.352901,2.31409,-2.004371,1.618609,0.6214249,-1.124089,3.535416,-0.7436372,1.956246,1.29226,-1.047974,1.281921,-0.6953833,-0.4390616,-0.3779148,0.09285555,-0.9011202,0.8756599,-1.470685,0.2736302,-1.653201,2.20516,-1.414936,0.3371516,1.180599,-2.473962,2.497243,-1.823196,-1.031863,1.602107,-0.8857997,3.210448,-0.8091306,-0.9411238,3.453055,-4.145649,2.236979,-2.249293,0.8651438,-0.4867848,-0.3564731,1.112761,-1.469763,0.1476395,0.6990508,-1.553302,1.130102,0.2819289,-1.082962,1.228059,-0.6199111,-0.3885094,-1.852671,0.3833603,-2.159145
2.613343,2.360005,0.4163825,-0.867651,-0.5617819,-1.678547,0.001368463,0.7071043,-0.2456307,0.9046305,0.4759606,-0.8471202,1.414278,2.852271,0.3217844,-0.4955455,0.2180535,-3.042923,-0.4707439,-2.261168,-0.5784732,0.6887508,-1.431227,-0.6669323,0.5296947,-1.253822,-1.332854,0.1528368,-0.1603249,-2.078168,0.3559839,-2.487728,-2.085652,0.7096158,-1.026586,1.227049,0.2483026,0.7456868,1.940379,0.09066668,0.1718287,0.2636098,3.330069,0.2742352,-0.3856184,0.1257505,-1.354733,0.4885182,-1.099839,-0.9207875,0.4561011,-1.621981,0.669753,-0.6886606,1.956618,-0.3176822,-0.3108895,0.5453132,-1.453321,0.9353445,0.8497587,-0.3582402,-0.1153877,0.4403647,-1.310161,1.132765,0.8709643,-0.2561817,0.4608466,0.5353866,-0.06167907,-0.840632,-0.4208358,1.143064,-0.4501196,2.27191,-2.126226,-0.6970804,-0.798854,-1.253344,-2.023283,-1.193808,-0.06615815,1.406655,-1.206062,-0.1501368,0.3333489,1.03271,-1.138626,-0.9584849,0.7155524,0.7250811,-1.614201,1.122369,1.240013,1.052138,2.257267,0.4111596,2.396706,0.1765399
0.8948989,0.4405051,-0.4917011,-2.850424,1.771613,0.294997,2.262975,-0.4000459,0.6265112,-2.084752,1.868708,-0.5572634,1.042937,1.238934,-2.940027,2.849679,-2.1836,1.403155,-0.5823634,-1.152369,1.17781,-1.218374,0.6175823,-1.55209,0.2734047,0.03360971,-0.7680731,1.913832,0.7622736,0.7521045,-0.1744236,0.4090579,-1.615168,1.958399,-0.399027,-1.238173,-0.09129006,-1.584496,0.04323965,-1.177407,0.2551225,-2.670174,1.980794,-3.127026,1.10814,0.1876701,0.1822946,2.386744,0.1646313,1.298011,0.6539867,-1.133274,3.703208,1.230382,1.045492,-0.7040005,0.2655683,0.006429639,-2.962166,-0.08445102,0.3623645,-0.2275836,-1.563273,1.27116,-1.276671,0.7339128,-0.2424411,0.9510603,-0.459568,1.134375,-1.590135,-1.765482,1.712011,-0.1705218,0.9362896,1.231114,-1.506696,0.903213,-1.101658,1.089986,0.3762516,-2.300845,1.079229,-1.979979,-0.3637605,-1.93657,0.6751273,1.308028,-0.6827314,1.336343,-1.157903,2.367595,-0.8500919,3.047768,-1.809158,-1.809449,-0.6339974,-1.262657,0.5056945,0.3071105
-0.8357018,-0.2012953,-0.7024335,0.1669088,-0.05509854,-0.2003894,-1.028463,0.968204,-1.488039,-0.1743835,0.325246,0.1697756,-1.444295,0.9486739,-0.4109272,-0.5942697,1.14664,-0.9352403,1.886255,-1.649581,2.029357,-0.5530657,-0.234706,-0.3805032,0.6538166,-1.538655,-1.391206,0.3311636,-0.3897257,0.2098931,-0.4340529,0.7949254,0.3737748,-0.8709181,-0.3316716,0.2140417,0.8599638,-0.2239705,-0.4950307,2.127702,-1.413155,-0.7214233,-0.3735964,1.164317,0.3510745,0.8942285,0.3657353,-0.8414444,-0.6640435,0.734974,-0.6209933,0.7009658,-0.3166872,-0.1424941,1.561337,0.08809918,-0.9822733,-0.08784959,0.2895534,0.2338956,0.3818389,-1.195938,0.6455367,-1.66955,1.031645,-0.9738192,1.084818,1.06275,-1.150704,1.956477,-0.5717729,0.2658238,-0.1060006,1.06324,-1.492703,1.168356,-1.595048,2.353684,-1.678685,0.07763976,1.105289,-0.1062242,-0.6764532,0.8801015,-0.59555,0.794112,-2.973128,2.129403,0.8246402,0.1424737,0.9312883,-0.6432978,0.5821794,0.2012499,-0.1559538,1.935532,-1.070094,0.1949019,0.01483627,-1.035832
-0.3994546,-2.74065,2.186436,-2.192771,-0.398479,-3.545471,0.0551495,-0.710315,0.1496149,-0.6930963,2.573484,-0.790129,2.457314,-0.2016316,-1.546759,1.117707,-3.508565,0.881543,-0.8453572,1.605751,1.347795,-0.529773,1.276021,1.032882,-1.368742,1.950811,-0.1248596,0.7010856,-4.656039,1.136764,-0.8209155,-1.533572,0.07625324,2.112594,-1.301348,0.9801884,0.2795566,-0.03770834,1.754231,0.5694582,0.1805035,-1.163189,-1.232651,-1.332316,-1.739335,-4.046284,1.385364,-1.844862,1.444875,-2.696973,-3.177441,-0.895639,-2.387839,-0.09852147,0.7348855,-1.033577,1.694734,2.512528,1.581162,-1.361448,-2.010579,1.436353,0.4870173,-0.20669,2.037167,-0.8277755,0.2683083,-1.456472,-0.09792387,0.1798474,-1.44663,-0.8827347,-1.055738,1.227129,0.3928832,0.2948528,0.6034589,4.82557,-3.61266,1.964571,0.2370052,-0.6312777,0.2999018,-0.3085569,0.6969174,0.9781588,1.454167,3.051413,-2.054107,1.717617,1.202836,-3.056048,1.614867,1.210842,2.579989,-0.03710693,-0.7333552,2.89859,3.330729,0.6044778
-0.2859591,0.1132035,-1.092529,-0.9566139,-1.601522,2.627998,0.1704205,0.1694076,-0.1270216,-0.1452774,0.3575005,0.236668,-0.9785855,1.361242,0.1593165,1.338919,2.03495,0.1718335,0.9011711,0.300737,-0.9517435,0.1105099,-0.07956573,1.373269,1.469483,0.2080918,0.06514406,0.1976344,-0.1894838,-0.08825392,-1.665725,-0.6074203,1.103024,0.2427096,0.9857123,-0.2435549,-1.270782,-0.3228363,0.4388281,0.7862518,0.4332401,2.075327,1.09958,-0.7969936,-1.359634,-1.3234,-2.273786,0.05758566,-0.9354139,1.686819,-0.5507879,-0.9462917,1.974904,0.893602,0.9013373,-0.02258036,-0.1686599,0.9633141,0.6788806,0.9723019,-0.8568445,0.1930885,0.6594378,0.5729491,2.236726,-0.703284,-1.761726,-1.400373,-0.7292858,-1.138532,-2.017261,-0.8983672,0.6850511,-0.8747243,0.04237676,0.4963629,-1.160856,-2.295472,-0.9913594,-0.3265691,-0.3586285,-0.017885,0.4361312,-0.7853488,-0.7356656,-0.562018,0.5635036,-0.4494465,3.1333,0.3748901,-0.2646619,0.1766718,0.2909361,-0.3040714,-0.7144126,0.2051512,-0.5898307,1.208961,-0.4301631,-0.5852481
-4.833001,-0.8768747,-5.764694,-1.00835,-4.247722,1.452325,-1.816708,0.3421686,1.598372,1.172063,-1.158229,2.498061,-2.560774,0.6183744,-3.088615,-1.880573,1.746498,-2.657829,0.3963229,0.3336951,-2.336471,-0.1596725,-1.479719,-0.172884,-1.850696,-1.648507,-1.301531,-3.297247,-0.8445965,-0.869182,-2.47681,-0.1272045,1.111743,-0.2934814,0.4377806,1.20419,1.52181,1.954749,-0.8616235,-0.774038,-2.073419,-1.835566,-2.288045,-1.102414,-4.014694,-0.1426872,-0.3684512,0.678439,-3.081704,-3.991224,-1.339577,-1.888421,1.864141,2.094435,0.9103037,2.974194,1.548636,1.123096,0.6470386,-0.8693775,2.340255,0.1145835,0.5291793,1.625427,-1.408414,-1.675078,-2.560971,-0.2687424,1.108459,-0.5199314,0.118984,-1.64941,1.675493,0.4292597,0.5283196,2.138288,3.450974,0.006601721,5.189112,1.691597,1.789655,0.2716113,0.4944439,0.7959763,0.7202585,2.369478,1.830157,0.2872869,1.843812,0.7036811,-0.8606099,1.210639,0.5183606,3.157783,3.682483,0.9696732,2.670829,3.104109,2.434415,2.296134
-0.04283362,0.9147944,-1.26469,0.2163669,-0.9718821,0.1646922,-1.159276,0.2815106,0.7910665,0.3203247,-0.6366267,-1.440332,0.3679222,-0.4241475,-0.2385683,2.559867,-0.4437368,0.9144953,0.5386676,0.2570045,1.652868,0.5289171,-1.162505,2.395931,-1.133188,-0.3117583,-0.2196824,0.6334599,-0.3896331,0.5708499,-0.8568755,-1.293117,0.8849816,-0.6449201,-0.3277826,-1.479164,0.1304077,0.3592276,1.872006,-0.7306377,-0.8119434,0.01112162,0.1358772,0.176658,-0.8951707,-0.08635588,1.324484,-1.113263,-0.4880626,0.4514725,1.52874,0.4871918,-2.75518,1.147348,0.948404,-1.415343,0.2922357,0.9662517,-0.6177861,-0.2181082,-0.9981152,1.142838,-0.1531736,0.9209129,-0.3633828,-1.714067,0.9552948,-0.4764429,0.140015,1.025646,0.02257992,1.076453,1.220524,-0.8290952,-0.6370437,0.8735434,0.6367465,0.4841939,-0.2995103,0.2485192,-1.001001,0.3281201,-0.2398363,-1.794682,-0.1825717,0.3765754,-0.8392551,2.454949,1.085918,-1.671175,1.469156,-0.01187672,-0.4629227,-0.4718596,-0.6894372,-1.169824,-0.2012115,-0.7747154,-1.275465,1.542099
1.554038,2.131386,2.472364,1.121497,1.933522,0.7374201,1.457878,1.151438,1.908422,1.231571,0.8696937,1.22097,-0.7108747,-1.630835,-1.534818,-1.811082,-0.9213046,-3.12325,-2.164795,0.4526479,-1.108874,-2.416717,-0.5296541,1.145826,2.144715,2.182696,1.069677,0.04095291,0.9810171,1.907671,-0.1286733,-0.3683988,1.494728,1.072411,1.904787,1.633054,2.962568,0.1080798,0.6635274,0.04041455,0.4661548,1.320184,2.177561,2.589315,0.9223529,0.4674616,0.7349859,-0.9503171,1.194961,0.4628154,0.1173458,-2.061034,-2.409258,-1.186241,-1.900413,-2.833694,-1.646525,0.5918118,0.5262614,-1.68005,-3.132136,0.4290001,0.1222483,-0.6198916,-0.05829903,0.7345845,-0.4045367,0.9617432,1.340125,0.1655236,1.113472,2.710203,1.590823,1.816068,-0.1321256,-1.657814,1.149319,-0.3234644,-2.671527,-0.5310373,-1.898929,-2.156154,-2.056499,-1.408252,-1.093781,-1.347806,-2.214099,-1.944279,-1.06277,-1.009868,-1.415542,1.295167,0.9822636,0.5781976,-0.03470924,-1.394699,-0.9334587,-1.201485,-0.9006493,-1.434301
3.186786,1.246891,0.07285007,1.189369,1.819398,2.461634,-2.407439,1.003888,-0.6738735,0.6714754,2.340079,-2.969202,-0.4257295,1.785279,-2.239228,1.481702,0.3918701,-2.81201,2.524798,-1.07952,-0.7919623,1.33447,-0.814948,2.802932,0.535476,1.171412,-1.554933,-0.8470809,2.000974,-0.2086185,-0.7541267,1.611692,-1.556969,-0.4711655,3.737128,-1.614928,-0.3582254,0.6487316,1.214468,0.4726648,-1.631926,0.2277789,0.7828075,2.499761,1.562459,0.2514498,-1.04646,1.830892,-2.785177,1.702736,-1.049489,-0.6187553,0.3787314,-2.337902,-0.993135,-0.2105307,-2.281446,-1.492281,-1.602309,-0.5996766,1.126363,-0.21046,0.4834697,-0.9678271,1.30128,0.5229486,1.238371,1.080026,0.8037791,-1.68712,-0.2099044,-0.4628441,0.3483347,-4.57994,-0.3437986,1.892602,-1.48502,-2.791479,1.847391,-1.660372,-0.003674692,-0.57177,-0.9206913,-0.3061061,-0.1838205,0.2688897,-0.5081081,-0.08219153,-0.5524413,-2.779786,1.860165,1.588582,-0.9695366,-0.3577149,0.1311858,0.1830185,0.2495546,0.6172745,-2.385754,1.76359
0.2691654,-1.77428,-2.454957,-1.335514,1.05803,-0.9920728,0.3391687,0.7518538,-0.3267655,-1.486737,0.6701213,-0.6876506,1.590366,-2.499407,1.172266,-1.26068,-0.9400039,1.662116,-1.832977,-0.1365731,0.09818594,-1.248479,-1.69566,-0.6415228,-0.4442266,-0.8395524,-0.6011127,-0.1488703,-0.008226246,-0.2079934,0.7269799,-1.222356,1.37537,-0.3830532,-0.06587085,-0.06427509,1.709692,0.3420659,0.4780017,-0.1293689,-0.6826022,0.3282496,-1.315735,-1.301399,-0.3683418,-1.263012,3.147231,-0.4435346,1.115447,-0.425107,-2.480334,-0.2642856,-1.512626,-0.1760839,-0.4508639,0.2968073,-0.3196218,-1.168726,-0.6636457,1.582537,-0.6157526,-0.8737111,1.368387,-1.857464,0.8755682,-1.268007,0.5455333,-1.370257,2.152596,-1.206988,-0.08708864,-0.206633,0.3429268,0.14093,-0.2004518,1.317158,-0.01708215,2.038467,1.252226,0.6265125,-0.08171239,0.4103512,0.4692701,-0.1222115,2.82106,0.1719661,1.503361,1.028034,-0.4273516,0.3763101,1.707424,-0.428418,2.46755,-0.2161057,-0.1136089,1.607746,0.4528008,1.277059,0.3253224,1.364741
0.08148966,1.376306,0.472425,0.2720512,1.758266,0.7228597,-0.207029,-0.4462278,-0.1080715,-0.3232225,-1.828346,3.921485,-0.5813051,0.9428244,0.1495203,-1.038844,1.367013,-0.6908361,-0.353334,1.066329,-0.09977736,-0.6183994,-1.909471,1.976701,0.5272965,0.2364882,0.3543518,1.097565,0.4302498,-0.8805162,1.600029,-1.002557,-0.1478136,2.795559,0.814674,-0.1601564,0.8439617,-0.6804476,-2.110582,-2.220438,-1.49129,-0.07448014,0.2926164,-1.005026,0.0760626,1.162377,0.8889509,-0.5896079,-0.2339735,-1.160782,1.113913,0.02645395,-0.4561607,2.670996,-0.0104892,-0.8146835,-1.269218,-0.3638888,-0.8745072,0.3370021,1.211318,-1.074033,0.4949956,1.766157,-0.5718103,-0.1174787,1.544118,0.4789888,0.005087949,1.711702,-0.06298866,0.5002404,-2.538168,1.70267,-1.215662,0.9089665,0.09510271,-0.7194461,0.02655498,-1.513797,-2.044393,0.04912072,-0.09281496,-0.1025895,-0.1283436,-1.254777,1.625214,-0.602035,0.7188311,-1.005606,-0.7997679,-0.03043973,-1.570138,0.5624024,-0.02798032,-1.858814,-1.417954,-0.2609876,1.150561,-1.166345
0.01550807,-3.664804,2.579615,-3.531993,-1.174987,-1.012519,-0.359802,-0.4808193,-1.142508,-0.08158804,2.356351,-0.4759685,0.5569013,-2.085819,1.27845,2.784488,-1.898934,0.3896458,1.027991,0.5100032,-0.3534589,-0.3253846,3.239548,-0.1636702,0.01155386,-0.8613191,-3.901062,1.196832,-0.7438169,-1.901267,-0.742848,1.767213,-1.175434,-0.1717782,-1.355245,1.530938,-1.484791,-1.105223,-0.04219051,1.426134,0.0356407,1.034948,0.2033328,-3.616752,1.292078,-0.6794502,0.1300098,-2.069159,-1.774206,-1.530419,-0.8148314,0.005880989,0.8840498,1.238596,-1.165257,-0.3546276,2.460597,-0.3370838,-0.5984513,2.531521,-0.9127359,1.249527,-1.591083,0.4771059,0.007758662,-0.4432494,0.6252927,-0.3608505,-0.5142832,-1.138371,-1.08476,1.61176,1.489131,-2.241564,0.315901,-0.4492868,-1.416685,1.416061,-1.856794,2.212956,-2.07547,1.733787,3.662653,0.3494364,0.5800359,3.371071,0.09208056,-0.01237549,-0.7710477,1.839245,0.6903402,0.05606636,2.4694,-1.783162,-1.716122,2.919286,2.283879,0.7864218,3.314307,-2.496016
0.4118192,1.46725,-0.2721495,3.157521,0.4871074,-0.6871585,-0.08021796,0.1143152,-0.3545088,-1.275472,-3.456567,1.970544,3.289524,-0.5122936,-0.05234739,2.051365,-1.44581,-0.8365827,-0.5893223,-1.707051,0.03654286,-1.305983,0.8646756,1.75072,-1.29006,-1.624491,-0.5054044,1.983479,-2.039921,-1.655227,-0.008445024,-2.608086,2.012305,1.407571,-0.2724033,-0.9789766,1.276871,2.338378,-1.446707,-1.832454,1.026937,3.714994,0.95787,-0.5851517,-1.453178,0.001228482,-0.1173538,-1.539045,-0.06176937,0.6670539,-0.6513056,-0.6559538,1.092223,2.436114,-0.89047,-0.8449465,1.185227,-0.5594323,-1.067435,1.065791,-0.06286715,1.928408,0.4813714,-0.005442604,1.678695,0.6870834,0.7477529,1.513184,1.837934,-0.7673717,-0.9395349,-0.922034,-1.845648,-0.3431426,1.478596,-0.7420913,-3.363037,-0.0770182,-1.145871,-2.904222,-0.6316316,-0.19786,1.269682,-1.045682,0.07043111,0.07636777,-0.3347121,-0.7363988,-0.5452695,1.551347,-0.6418737,-3.005133,-0.6556449,1.34046,2.115391,-0.03777298,-0.4550596,-0.007027969,2.344088,0.7878124
-1.193186,-0.5167068,-1.649967,-3.25632,-0.8841605,-0.7541045,-0.2446552,2.251297,2.970482,1.904591,-1.378694,0.04814407,-1.319088,-0.8958286,0.3791789,-2.184301,0.508013,-0.6992559,-1.633667,0.5648768,0.2963783,-1.413147,-0.9453715,-1.055788,0.9918666,0.05018917,-3.658272,-0.3478287,-0.3277083,-0.6372147,0.5563904,-1.037242,-1.518629,1.176406,1.264423,-0.1827312,-1.73528,0.6340617,1.981747,0.6341888,0.06366214,-0.6981651,-0.7704284,-0.4401955,-2.754558,-2.352762,-0.001070887,0.1999652,-0.72698,-3.080814,-4.080484,-2.236517,-2.881068,-0.2821074,1.521239,-0.9504706,2.515726,-0.9904252,-0.6276228,-0.6367302,0.4169282,0.2406661,-0.5222187,0.6632417,-0.1177836,-0.6229883,-0.7950133,-1.954006,0.2327832,2.842015,0.1319482,1.704853,-1.203015,0.7138767,1.23289,0.2326866,1.921354,2.845728,2.548659,2.255454,0.1403244,0.7323219,0.213018,0.8816589,-0.6076136,0.8931937,1.701198,0.998397,-0.1433807,0.5977899,1.089893,1.95178,0.267827,-0.3642394,2.579969,2.899187,1.527858,0.378106,1.61744,2.343928
