0.05540667,2.610262,-2.036712,1.536,-0.6095865,-3.252227,1.407012,-1.549141,2.247747,-2.817942,-2.629755,-2.186192,0.03368486,-2.209864,0.2508108,-2.752417,1.309978,2.886302,0.07780834,-1.859302,3.056862,-1.098271,1.484007,1.15526,-0.1871117,2.238258,1.131876,0.9850069,0.6942903,-0.6225986,0.4548113,0.4479489,2.067922,1.135467,-1.639447,-1.655316,0.1564607,-1.05152,-0.6723252,1.279148,-0.8504677,-0.676142,1.433291,-0.1040743,2.261697,0.1397004,2.028979,-0.1721988,1.601813,-0.2045862,-0.5056722,0.5695781,1.593183,-0.6767724,-2.43317,2.227218,0.6196398,-0.692331,2.066346,-0.6458526,-0.03652799,3.163982,-1.123784,-0.1207176,0.06223072,0.1799404,-0.1058836,-3.544923,-0.6063725,-0.1626192,1.47909,-1.962992,1.174865,0.7037176,0.9273134,-0.5559149,-1.085818,1.388925,-1.428422,1.017943,1.331439,0.1990982,0.3154606,-0.5259777,-1.32493,1.638543,1.032061,-2.194043,0.2355949,-2.117938,-2.541483,-1.571305,-0.9426922,0.07565372,0.2028838,0.373528,0.04467507,-0.1954396,0.472714,-1.324652
0.03241962,0.9271752,-0.9493217,-0.615336,-0.8773347,-2.092074,-2.17133,-1.196014,-1.538496,-0.5108837,2.154614,3.198936,1.039833,0.8915328,0.4789182,-0.1573222,0.4992291,-0.7419482,0.5808526,-1.129084,-1.065152,0.4709195,0.7437115,1.918286,1.967296,-0.2811567,-1.311208,1.219962,0.4958054,1.311167,1.744735,-1.516865,-1.65925,-1.395284,-2.089101,-0.5921195,0.6192148,1.329821,3.950161,2.021868,0.3761603,1.514794,1.687693,-0.02891017,0.06346856,-0.01989606,-0.9470581,-2.501551,-3.099197,-1.026804,1.138071,0.6678529,-1.696689,-2.458204,-0.1092091,0.1040051,1.723621,0.9208587,1.130037,1.480637,1.2478,0.4896662,-0.7332033,0.8967862,-1.429964,-1.255533,0.2242097,-1.979795,0.4093078,-0.05854626,1.631847,1.140869,0.949784,1.05061,-0.002662197,0.006447598,-0.06829248,-0.8124565,-0.1209094,0.04217522,-2.043452,-0.4336815,1.195787,0.8616148,0.5186027,-0.5877284,-2.793259,-1.334666,-0.9009145,-0.7443815,0.581088,0.2590212,1.446378,-0.1860251,-0.3039294,0.7307801,1.07643,1.038616,-1.413465,-3.221817
0.9527436,0.7049223,0.6164309,-0.4356269,-0.3108182,-0.6665233,-2.868191,-0.2889379,-1.908133,-4.562698,-1.969723,0.1022682,1.253746,0.4693497,0.9046183,-0.4804403,-1.144026,0.382891,-0.4957259,0.7829726,2.899924,0.3835528,1.987379,4.259791,1.582655,3.754596,-0.1387927,0.03668309,1.673706,-1.446992,0.4361084,0.09843231,0.2928858,-2.103165,-0.2856708,-2.161392,-0.4139267,-0.02214837,0.1964505,1.476802,0.5205203,-1.449768,0.4820415,4.319672,0.1355423,2.932324,2.618128,-0.6351857,-0.6933863,0.1865448,1.440385,2.166836,1.440597,-1.895275,-0.3733127,-1.727849,0.4447565,0.9976204,0.3310133,-1.209103,-0.6664467,1.565904,-0.7838333,-1.074158,-0.3505729,-0.7517964,-2.768921,-3.706603,-1.076477,-1.190991,-0.7865301,0.6403367,1.351637,-0.2799377,1.360399,-0.9669221,-0.6581963,0.8426481,0.4682561,-0.7024001,-0.4523174,-1.173869,-0.2143491,0.4898742,0.8627004,-0.9152019,-1.450078,-0.8004016,-1.525527,1.760952,-0.5944027,0.8505684,-1.757837,0.8774128,-0.7523167,-2.511291,1.457056,0.2460024,0.4506365,1.108915
-1.591095,-0.8355832,-0.8421203,-1.559831,0.1767516,1.270868,-0.517092,-0.2210151,-1.700645,-1.777074,-0.4990607,-0.8515162,0.1429886,-1.010103,2.890544,0.3307686,3.098836,-0.4347247,0.5528472,1.999134,1.059227,0.7052642,-0.6106432,-1.951168,0.8222204,-0.8580514,-0.01927603,-1.475315,0.04405086,0.6128101,0.5599172,1.919654,0.7050933,-2.507515,-3.477529,-2.292897,0.5847954,-0.7039158,-1.587978,0.5153471,-0.03223706,1.712673,0.1407298,1.140554,2.024291,1.558356,1.828283,-0.1135916,-2.701207,-0.5146792,-0.3852524,1.85742,0.9042695,-1.942202,-1.274843,-0.9313,-1.796299,-0.2534225,1.65759,1.580622,0.7283732,0.6664585,1.473331,1.988951,-0.4173781,-1.383357,0.3263981,0.1129947,0.9853637,-0.1409675,-0.7054273,-1.24468,1.284296,-0.8297166,2.385787,-0.1322997,1.691478,0.8704466,-0.8333146,0.6267585,-1.382046,-2.587039,-2.275905,-1.955165,-1.09611,-0.3491168,-0.3293425,0.6506037,-1.660199,0.3705229,-1.74812,1.387581,2.169093,2.317319,-0.8327094,0.3456948,2.037951,2.693876,1.962804,-2.299917
1.727154,-1.87195,1.327682,1.550036,-3.58311,2.221558,0.1774711,-1.192376,1.525935,-0.1725553,-2.296479,2.668087,-2.051919,1.287163,-0.05097467,0.8222123,-1.430557,1.115226,-0.4191112,-0.09120765,-0.1434112,1.238257,-0.5425825,1.374361,-2.170927,1.585539,-0.9730136,-0.0622372,-1.635694,0.209036,0.5491824,-0.8542933,1.963893,-1.65896,1.568192,-0.2312617,1.39372,-0.897739,0.292555,-1.106956,0.7633225,-0.2732995,0.8313822,0.9368418,-0.3917977,0.9443507,-0.4202269,-0.2777997,2.190884,-1.400968,0.7487313,-0.09508738,1.467386,-2.191367,1.145627,-0.2841596,-0.1236387,0.1478643,0.4048144,0.1204072,-1.736808,1.820774,-1.171319,2.090898,-2.049696,0.1712223,-0.87782,-0.4603063,-0.1631694,1.105589,1.016239,-1.70766,0.3749733,-1.804345,2.239477,-1.501429,0.4158789,-0.9042549,1.031776,-0.1589426,-1.349879,0.2702927,2.003335,-1.171512,0.08244193,0.3252818,-0.2715621,0.2620885,-0.1254467,-0.1222989,-0.4720525,0.5697656,0.797682,-0.003049789,-0.9558351,-0.9456752,-0.6510599,-1.776175,0.02006346,0.3793051
0.1041512,0.6756264,0.09356894,0.2318217,-3.566183,0.8849295,-0.7800179,-0.6907184,-0.1744243,-0.6324922,0.7003465,-0.2032363,-0.9324683,-1.429505,-1.216364,-2.109822,0.06737101,0.8499774,1.286658,0.271987,-0.04597173,0.2151039,1.854735,0.1446783,1.064215,1.935112,-1.995768,-0.7086552,-1.74667,-0.4500768,0.1388221,-1.333788,-0.1803307,0.9021114,-0.2358096,0.4326745,0.00197741,-1.313468,0.5497253,-0.8630064,0.325968,3.721245,2.203053,1.577592,1.910983,2.182174,0.4137723,-0.2571405,0.982933,2.608626,0.6362384,2.584448,-0.2294591,-0.2592592,0.1033084,0.3833812,0.6074626,0.8638302,-0.959322,-1.32473,0.9250681,1.062229,-0.1097092,0.3055867,1.06199,-1.235501,-2.959404,-1.573704,-1.248913,0.6979025,1.162677,-0.5543346,0.845011,-0.01589804,-0.2313067,1.309694,0.5251762,-0.01730523,-0.1074817,1.038745,-1.584764,-1.631082,-0.4640106,-1.137724,-0.1370199,0.1707288,-1.018079,0.1015231,0.9296974,-0.7036845,0.008991208,-0.5870214,-0.6637636,-1.205771,-1.377949,1.394414,1.207829,-0.8165399,-2.59446,-0.6437603
1.08374,0.8582661,-0.1428707,0.1988005,0.01401042,0.8884906,-1.867608,-1.986267,2.615418,0.4675259,-0.4318817,-3.226461,-2.691655,0.07200526,1.154709,-3.015429,-0.8394517,-0.3815023,0.1113733,0.382682,0.9308513,-0.5504816,0.3034536,1.444157,2.81546,0.4028367,0.8635841,0.680263,1.142628,-0.3365561,2.766753,-1.839446,0.1049529,-1.353717,0.2041882,3.915516,2.633122,1.150319,2.234955,1.022599,-0.941472,0.04893427,-1.077031,0.327163,-0.3010715,-0.5103114,-3.055786,-1.987794,0.143082,0.02263426,1.793807,-1.224512,-2.193061,-1.125786,-0.9509179,0.3522542,-1.346086,-0.3049811,1.18974,-0.8722467,-1.059134,0.681839,-0.59661,0.5036185,1.230463,-2.434984,-1.280567,1.71299,1.416403,2.16753,2.74209,2.314304,-0.176257,-2.957027,-1.246516,-1.395492,0.9427238,-0.3015731,-1.176506,1.845526,0.7215621,0.8128817,4.324346,1.26548,-1.21862,-1.649851,-2.812009,-0.877498,-0.009549212,0.5403062,-0.7325339,0.7631437,-2.004277,-2.047229,-1.43532,-0.8421422,0.5707687,1.349239,-0.3754783,0.93807
-0.6054441,-2.612819,-2.379775,-1.459189,-1.794592,-0.2803577,-0.2164572,0.1661292,0.2831088,-0.4661417,-1.280662,-1.666656,-1.553412,0.5619662,0.575914,0.3982428,-0.4508322,1.166724,1.813609,0.4291222,1.528465,2.422982,2.107783,0.9707631,-1.383631,-0.8301849,-0.2490507,-1.415449,-2.134076,-0.8254912,-0.119905,1.992962,-0.2108839,-0.4375918,-1.386467,-2.167652,-2.44381,-1.077453,1.144817,-0.8114356,-0.5512971,0.3037349,2.041101,-0.2100901,1.346019,3.141681,0.7564337,0.8040862,1.723478,0.9343418,1.617812,-0.9537015,0.1112806,0.8097696,0.3243736,-1.866719,-0.1056132,-0.8952767,0.7067965,2.078556,1.21459,0.3153774,0.5347788,0.6041232,0.8757658,1.127852,0.2035398,2.025978,-1.126825,-0.08800247,-1.018616,2.230402,-0.9839325,0.8572109,-0.662312,1.799992,0.2213495,0.8475683,0.722847,-0.5260864,0.6703681,-0.1198408,-2.438862,-3.78941,-2.085482,-1.430717,-1.29469,-0.4027301,-0.1104609,-1.036809,0.8423581,-1.134207,0.2134924,0.8758332,1.690663,0.6966344,-0.3639319,0.9727914,1.649748,-0.0002852976
3.669508,0.7980267,-0.6650743,-0.7073313,-1.468169,1.45076,-1.254331,2.786983,0.7968063,0.6426805,3.030153,-0.5368266,0.3710085,-1.852412,0.08989534,-1.370998,2.178184,-1.998211,-0.6949313,0.6543224,-0.5888277,-0.3933499,1.776898,0.5446414,2.240185,0.1653091,0.3051049,0.4349215,-2.103842,0.7664255,-0.2472002,1.457084,-0.7329028,-0.2879669,-1.362272,-2.879419,1.391971,0.6043022,3.013727,1.325669,-1.757976,0.6030128,-1.44467,0.1036526,-0.1296678,-1.213825,-0.7666893,-0.2797874,-1.603301,-2.004586,-0.3172524,-0.4645211,-0.6845777,-2.591169,0.4961398,1.604238,-0.1611178,2.614145,-1.119043,-0.4912295,0.9198067,-0.7698427,-3.186769,0.7793252,0.1307303,-1.410376,-4.193296,-2.396927,-0.505255,0.4042307,1.406763,1.162339,1.789072,-0.03069943,-1.706595,0.6699636,-0.2904356,-0.5565307,-1.414179,0.9031039,2.258327,2.351197,2.562429,1.460308,2.96507,1.881745,-2.325396,1.304508,-0.7021426,0.8481227,-1.762934,-0.9595978,-0.09867325,-1.092539,1.1427,-1.408619,-2.9499,0.04087719,2.09919,-1.061376
-2.076769,-1.662417,0.2145776,-0.7196525,-0.5602181,2.678707,0.6507009,-1.474021,-0.01646851,1.511767,-1.257144,0.6086283,-2.906123,-0.2197105,-1.820567,3.939714,-1.923807,4.538449,-0.7116106,3.668178,-3.10343,2.43977,-1.291811,-0.5974885,-1.702418,1.228608,-4.209481,-0.06136014,-2.6153,1.95338,-0.8287315,1.057653,-0.251268,-0.2884255,1.631785,-2.148896,-0.9464873,0.5032792,-1.430016,-0.3134791,-0.1222522,0.5140311,1.531055,-2.304717,0.1866245,1.592517,-1.918636,4.036611,0.8085164,0.8467939,1.344243,-1.474306,0.1376321,0.7355321,-2.041505,1.849032,0.4514018,-0.8842194,-0.008023756,1.045463,1.151244,-3.811612,-0.604681,2.433373,0.3134906,-1.118007,1.324853,0.5397934,-0.4397343,-0.7499554,-0.9594496,-0.4663203,-3.609727,4.045362,-2.474591,3.880817,-1.831688,3.618312,-0.6344658,0.1581469,0.04622335,-0.7848057,-1.495666,0.7789376,-1.475093,2.282789,-1.939771,2.935837,-0.009424703,-2.028239,0.9939005,-1.726463,1.642301,-0.6191135,2.92782,-1.202198,0.7356743,-0.4974392,1.160776,-0.3050966
-0.5765113,-0.1600202,0.06910578,0.5580577,0.113016,-0.7678053,3.697846,-0.1613939,-0.6779816,2.401996,0.7054298,-0.7275235,-1.070077,-0.8564096,-0.5910836,1.580227,-0.4772924,0.1191126,-1.296209,0.4068041,-0.9939506,-0.6465079,0.3148963,-1.00807,1.028887,0.7677402,0.5744187,0.3833185,0.5861235,-0.3235252,-0.1736349,-0.03795206,-0.3125952,3.251247,-1.35223,0.6630638,0.5884553,1.831477,-0.9958718,0.129114,0.06327996,-1.334632,-0.02809577,-0.2869281,0.2101573,-0.687233,0.438682,-0.7339725,-2.414895,1.345696,-0.5431864,1.701187,0.2429969,0.6196882,-2.131397,0.3146872,-0.6474776,0.3724862,0.7332188,0.5164592,0.7145773,0.1298997,-0.4707466,0.773984,0.3894928,-0.1976777,-0.3683252,0.4023197,1.67186,1.652678,0.1415167,2.936759,0.01042306,0.1150318,-1.794936,0.352651,-3.265315,1.010593,-0.7481141,1.498568,-0.9907601,-1.875392,-0.3867741,2.447075,-1.242452,1.149569,-1.992313,-1.979893,1.921181,0.4053463,-0.6536098,-1.94105,0.1523924,0.01863927,-0.6565014,-1.575469,-0.588308,-0.8517809,0.8186526,-1.448206
0.8784133,0.7335758,0.7104086,-1.214165,-0.03198899,-0.1455817,2.161275,0.7097853,0.1629946,0.4183224,0.1592267,-1.833497,-1.527879,-1.235162,-0.1728808,0.7301772,0.07297508,0.1506976,0.3445393,-0.9581774,0.3132303,1.163202,1.253814,0.8063205,-1.298442,-1.173627,1.786836,-0.05784036,-0.873204,-0.09430964,0.3432211,-0.4178669,2.023241,2.866701,-1.531058,-0.8495639,-0.5083885,1.723713,0.3586898,-1.855412,-2.570898,-1.230651,-0.9675829,-1.327298,-1.35039,1.703209,-0.3262864,0.46498,-0.243489,0.5727423,-0.1451577,-0.04840939,-1.436733,2.046638,0.932175,1.826281,-0.3810336,-4.028038,-3.907258,-1.379069,0.6150612,-3.897341,0.2773774,0.4213122,2.142925,0.08681898,0.6880171,-1.246993,-1.129645,0.151437,1.654318,1.170797,-0.6693119,0.3014433,0.4043861,1.370128,-1.223487,0.2873812,1.072564,1.391998,0.759555,1.02749,0.3813847,0.7391912,-1.885329,-0.1412887,-0.03013541,1.266191,1.234394,0.3230819,0.2676834,-1.359418,0.7465237,1.041457,0.8184474,-1.996588,-0.06715901,0.4041834,-0.2222767,0.5273772
-1.323876,-0.1697621,-1.248173,-0.6391965,0.2407108,0.5229133,0.8328251,0.1062604,0.7878489,0.2651356,-0.3829157,-1.730013,0.1656441,-0.1848791,0.1834588,-0.09631757,0.3304047,1.679948,-1.261047,-1.13831,0.8758208,-0.9123814,-0.601069,-1.975859,0.3134174,-0.4312221,-0.409153,0.1811076,0.6935059,-1.469953,-0.9459,-0.9262739,-0.3393658,1.411171,0.2137847,0.2324158,0.2309355,0.4966051,0.270549,0.1007667,0.4696121,1.185594,-1.226437,0.9649135,0.3512982,-0.8063128,0.229352,2.316093,0.08622185,0.4854887,-2.620705,-0.3639559,1.546052,-1.428279,-1.165884,0.1666532,-0.2836938,0.1037442,1.193577,1.310198,-0.8789618,0.3056087,-0.2483738,0.408545,2.008411,0.3758372,1.578474,-0.7745922,0.3440553,0.2431987,1.400275,-3.06209,1.01428,-1.117659,2.090065,-0.817932,0.1804281,1.260592,-0.1949176,0.1374503,-0.07924817,-0.0516983,-0.7412835,0.3399773,0.6863181,-0.5060362,-0.8219017,1.064558,-0.5535308,1.426403,-1.057326,0.2759421,-1.323937,-0.4626112,0.04787672,-1.510074,1.624899,0.3355679,0.4296941,0.1606235
-0.6527457,0.2167991,-0.7850462,-0.2785371,-1.107771,-0.4412017,1.911398,-2.054152,-0.9177243,0.3687512,2.245734,-3.017914,1.636116,-0.8647393,2.365036,-1.015567,-0.7204408,0.7550899,0.2168873,-1.200195,1.712138,-0.1675373,1.047897,-0.93191,0.1833069,1.53682,-0.416436,0.2415902,2.09134,-0.6438074,0.04826868,0.5141577,-0.4811298,-1.173854,-1.118138,-0.2997731,0.3057046,0.1828677,-0.4920114,0.1583361,-0.3718033,2.344659,0.1734082,-0.2062835,1.683799,-0.2352543,-0.8930086,-0.1209823,-0.7762296,2.064486,-0.569028,-0.003541883,-0.06588347,1.406168,-2.226714,1.284998,-1.741089,0.6072789,1.680765,1.60391,-0.1423815,0.1184835,2.365294,-1.480694,0.8029822,-1.209402,-0.5394758,0.5830858,-0.08439919,-0.5986742,0.7759477,-1.735081,-0.03337144,-0.1436165,-0.4882302,-0.1940871,-1.751454,1.879728,-1.178469,-2.385026,-0.4882987,0.2226953,-1.100233,1.344847,-0.9163906,0.6153973,-1.036123,2.279494,-2.421576,1.151623,-0.5034598,1.551493,-0.01786974,0.131173,0.3458102,-0.5186705,1.19501,-1.277998,-0.9800741,1.264733
0.3821216,2.37195,-0.634687,1.6727,-1.092421,-0.3207367,2.174425,0.414196,2.558214,0.3312767,2.795307,3.400008,1.666416,0.5809572,2.640785,0.1680913,-0.140434,-0.4865268,-3.472485,-2.377145,-1.368753,-0.2423264,0.609925,-0.6944333,-1.493609,-0.3034302,0.6623807,0.7952065,0.3004289,-1.881339,1.541205,-1.260985,0.4796562,-1.288758,-2.71973,-0.7901849,-0.6155125,0.029624,0.8288661,0.8864615,-0.3259172,-0.7633275,0.6672307,0.9705644,-0.3381298,0.01811399,-2.398258,-2.624001,-2.059377,-2.416453,-2.591039,-0.8344242,-1.457404,-0.2287193,-1.088894,2.429303,0.8211519,0.06578267,1.778211,-1.179375,-1.522829,0.425327,-1.435044,-0.1716046,0.3925509,0.4032941,-1.828492,-1.53938,-1.228213,-2.265942,-0.803183,-0.06413575,0.2115323,-0.1399369,-0.2035524,-1.150217,0.304718,-0.6213033,-1.146889,-0.7181692,-0.9285638,-1.542136,1.490452,2.823715,4.3306,6.616474,1.824512,-1.054122,0.7857696,0.7707587,1.767647,2.344772,1.157242,0.1129349,-0.161111,0.8645693,-0.2902297,-1.12338,-1.363608,0.1234304
-0.06863616,0.1791971,0.190601,-0.5562789,1.302548,1.711205,0.06456412,-2.805824,1.108966,-0.5448457,-2.402778,-1.41236,-0.9225885,-0.5212662,1.589525,-1.416849,0.2647665,0.0879731,2.020864,-2.191282,0.7050579,-1.361332,-0.648082,1.278876,4.144073,-0.4293115,1.411887,0.09065273,0.9987442,-1.5944,1.595878,-0.3783653,1.068722,-1.005942,-2.035654,-1.974231,-0.8360394,2.033491,-0.1780991,1.810014,-0.1995948,0.4124178,-1.874697,-0.1313733,2.385126,1.726121,5.269573,1.388767,2.124134,-0.7838063,0.7639894,0.1078846,0.1935308,1.247635,-1.058596,1.281145,-2.702161,-1.492724,0.1949122,-0.5221741,-4.55188,-1.18934,0.3663223,0.7260928,0.03155117,-0.3435798,0.1402411,-0.440487,-2.050767,-1.816539,-1.975656,0.6616501,4.228628,2.398724,-0.2018395,-0.02268915,-0.08337255,0.2264548,-0.7011457,-0.4130561,-1.62614,-2.448822,0.9754511,1.98566,0.1013014,0.3252888,-0.02871077,1.570642,-2.31862,0.1213574,0.2777109,-1.153278,-0.6526266,-0.1273708,0.06779988,-1.147087,-0.8272812,-0.6646802,-0.507209,2.383758
0.6431575,0.2832606,-0.6953689,-0.3388809,-0.4159476,-0.620279,1.33191,0.5381427,0.01049418,-0.05358838,-0.4379404,0.8976617,1.492247,-3.122799,0.2316334,-0.08908798,0.678073,-2.517395,1.352581,0.1045907,1.725108,-0.2323941,1.912332,-0.3343785,-0.3314141,0.2749544,0.4193714,-0.5749223,1.573037,-2.297648,1.229013,-1.295718,-0.1316258,1.696634,0.2179718,-0.2063631,-0.8601387,0.5888859,0.6209644,0.3407714,0.02796018,-0.9750817,0.7202628,0.2754438,-1.461475,-1.624795,0.6031053,-2.024252,0.5283599,-0.309029,0.01304116,0.14701,-0.2131495,-0.4965503,1.241002,1.062053,3.17533,1.043604,-1.360748,0.432234,-0.1453298,0.756284,-2.674279,-2.027915,-1.537799,-1.278591,-2.533534,-0.194611,-0.5589854,0.7596625,-1.289714,-0.8368819,0.8026265,-0.7954555,1.130698,-1.775648,-0.2193674,1.454249,2.36602,2.102073,-0.08150156,-0.5714869,-2.111334,0.1369325,0.9264336,-0.2183992,-0.3125307,0.8358024,0.4170085,-0.1450152,0.7843077,1.22797,-1.464394,0.3995123,-0.4981074,1.566186,-0.8043626,2.112387,-0.01928135,-0.09486176
-0.1000117,-2.113729,0.7431086,0.6931026,0.7468353,1.716155,-0.1465782,-2.305674,-2.411178,-3.649492,-5.158978,-1.70766,-0.2059204,0.6059369,-1.410001,0.78204,2.227258,3.116992,-0.2412943,-0.06763776,0.1400328,1.982584,1.745359,0.1379901,2.255114,3.436398,1.872125,0.56818,-0.557663,1.957037,0.6294714,1.540587,1.710159,-1.881477,-3.363415,-1.716569,-4.134867,-1.875634,-1.06595,0.1076294,2.010922,2.519494,2.010024,-0.1951798,3.067619,3.339466,2.515086,3.330106,-0.1098083,-0.3594565,1.309181,2.355841,1.462286,1.712506,-0.6130739,-0.5721954,-1.487041,0.1128566,1.530681,3.335473,1.10068,1.171726,2.647666,-0.06023572,1.378227,0.107302,-0.3509011,-2.249302,-1.790742,-0.8752637,-2.265636,-1.980018,-0.5627719,-1.266328,-0.9317251,0.9861359,-2.672195,-0.3073077,0.8965955,-0.5259132,-1.445664,-1.16456,-4.091617,-2.143216,-1.98406,0.2031993,0.01211466,-2.89941,-3.364505,-4.23779,0.6462283,0.1702789,1.41701,0.1116216,1.710554,-0.5583508,-0.2990411,1.484802,0.9160776,1.191195
-0.7074035,-0.3466613,-2.22447,-0.4104066,-1.356364,0.1328467,-1.107311,-3.589443,-0.2677183,-3.985797,-2.585526,-3.768454,-0.9304443,-2.029783,-0.9680095,-2.577116,1.074808,1.111791,0.3318194,1.595072,2.099089,-0.4714075,1.93856,0.7643852,1.705782,0.1343961,1.022108,-0.6719027,-0.913197,-0.6138623,0.7116187,0.2793119,1.372866,2.686645,1.096056,-0.1150735,1.321135,-1.975216,-1.442118,0.8566944,-2.446696,1.320877,0.1163576,1.688026,-0.3641518,2.42146,1.975937,3.985376,5.662068,3.510239,0.9699247,2.699368,2.568249,2.449167,0.4932836,1.560026,0.07566035,-0.05702491,1.256194,-1.38194,0.3507203,1.883175,0.6751941,0.7032329,0.9894226,2.364151,1.026273,0.518259,-1.729271,-1.342493,0.17602,-1.047904,-0.3198965,0.3161254,-0.2198934,1.598631,-0.2528291,-0.4584063,-1.627339,-0.4498083,1.388797,-0.9549499,-0.889625,-1.168062,-2.29282,-1.84303,-3.760082,-0.04286647,-1.69191,-0.8121382,-4.037337,-1.717388,-2.694495,-0.3218859,-0.5725138,0.200077,-1.019093,-1.688531,2.085322,2.999469
-0.8373457,-0.8183057,0.7742503,-2.207947,0.03268631,-1.543414,0.2266244,-2.496669,-2.045246,0.5508711,-1.353201,1.077349,-1.394259,-0.3112591,-1.173034,0.427686,-2.184578,0.7300881,0.1236429,-0.8203613,0.2991388,1.132329,-1.418518,1.055879,-0.01580973,-0.1286128,0.4415758,-0.7383959,0.6101078,1.623441,0.1609106,-0.09528248,1.018429,-0.7200912,0.6330807,0.7971861,1.329702,0.03995405,-1.451288,0.200937,2.827838,0.2410495,-0.1444476,1.120996,1.316926,0.7468794,0.1870166,1.26354,2.239286,-0.3237719,2.396204,0.8514079,3.394423,1.299105,-0.157716,0.6050035,1.054826,0.641209,1.502293,3.11521,0.7631599,-0.6022733,2.51165,-0.5471167,0.7435061,-3.283421,0.9402874,-0.00465174,0.668506,1.511115,0.8829736,1.000826,-0.5933542,-1.11049,1.796062,0.2658986,1.38939,-0.1672218,-0.1602699,-1.984927,-0.2249534,-0.9390574,0.1764303,-0.7091345,0.1182884,-2.308922,-1.850795,-0.146615,-0.6409882,-1.829043,-0.3617378,-3.87664,-2.082462,-1.570361,0.7089526,-2.656525,-0.3808051,-1.489737,-0.4672567,0.8021845
-1.343269,2.545517,1.168921,1.264916,1.093527,-0.934608,-0.7381691,1.725831,-1.91455,-3.199689,3.299474,2.385166,-2.346507,0.2350577,-1.212198,1.133865,-0.5368713,0.4059123,0.6372455,-1.849237,2.255537,-0.8964475,1.023564,0.4171755,-0.7416476,-0.2186155,2.215296,-0.8869803,0.2908579,-0.6820872,2.383531,-0.3018529,0.5924695,-0.5196774,-0.3316191,-1.84242,0.4089608,1.63612,0.566956,-1.734523,0.1699749,-2.087802,2.042388,-0.1907942,-2.048321,0.1655283,0.6386194,-0.9562482,-1.655439,-0.1806869,-0.2994438,-1.588101,0.7462084,-0.01388088,-0.9940873,1.677636,0.7077672,-0.2325156,0.9473742,-0.4221699,0.9255165,-0.9554832,-0.9292964,-0.01338139,0.7096509,-0.9467585,-0.7667217,1.417156,1.799254,-1.981503,0.5900942,-1.978414,0.6300209,1.971595,-1.537686,4.202761,-1.076875,-2.852091,0.09760659,0.7461071,-1.909056,-3.359389,-0.1639739,0.7206097,-2.722072,0.6119406,-1.347806,-1.502876,1.786488,0.1755589,0.09596312,2.037573,0.2116438,1.875143,-1.803857,1.218393,0.3318042,1.131373,0.3077151,0.3723308
-2.32117,0.2799347,2.301528,1.747396,2.455524,-1.228401,-4.167418,-3.215755,-1.796935,-0.2903238,0.1566424,0.2394639,-0.8233951,-0.4752918,-2.883823,1.999038,1.17307,0.05722556,-0.841571,-2.601939,-0.5977787,-0.5964319,-1.102753,-3.688583,-2.528327,-0.8751087,1.13491,-0.3524194,-0.8253565,-1.23771,0.1120605,1.738449,-0.8628739,-0.5528831,-1.967105,-1.032038,-1.125122,0.8935531,-0.4729026,-0.8410448,-0.2362032,-1.975003,-0.3949378,0.1994338,1.527093,2.113088,2.640711,1.920648,-1.091358,-3.335769,-1.312844,0.2876911,-1.227363,-0.2553079,-1.485268,-1.53486,0.05056688,0.01857093,0.1423981,0.7390552,0.574071,0.4955983,-1.259099,1.704978,2.287347,2.080304,0.7549486,-1.095122,-0.4541743,-0.4844693,1.550181,3.842071,4.040689,2.388393,1.889226,-0.7018002,-2.965837,-1.586636,0.09272021,0.4723296,1.562906,1.082766,2.53295,3.402978,1.776,1.156759,-0.6329644,-1.206892,-2.691953,1.162783,0.7643273,-0.7610141,-0.7027066,2.229558,2.369442,2.341341,-0.1708934,0.6113902,0.1318275,-0.3590008
-0.7005384,-0.417601,-0.2532795,0.5944737,1.870917,2.675052,-0.7528794,-3.34891,-2.865422,1.981243,2.442291,-1.386925,0.08967168,1.011393,0.8156682,0.3114006,0.1012682,0.7964302,-1.353325,1.466763,-0.2363571,-1.671023,-1.820543,-2.704874,-2.301387,0.1294712,-0.9150083,2.15127,1.835683,1.770122,-0.6512756,-0.6074348,2.374539,0.02376444,1.536985,-0.717319,1.172769,-0.2534199,0.1012065,1.296526,0.5124767,-0.8513279,-0.4676592,-2.818963,-0.4640955,-1.519945,-0.07089802,3.197079,2.482501,-0.3539265,-0.3455146,0.2496488,-0.8352418,1.068115,-1.277192,0.9546095,-2.808192,0.8613328,-0.4556655,-1.285159,-1.884467,0.1419731,-0.7366725,0.3959295,-2.41251,0.1207981,1.383635,0.1931335,-1.55487,-1.237057,-1.52813,0.2320078,3.057637,5.06726,2.553559,-2.420857,-1.419263,0.4506435,-0.05008989,0.2965902,0.1714744,1.077834,0.638804,-1.572591,0.4654676,0.4319805,-1.577046,-1.716002,-2.895609,-3.609888,-0.5871744,1.445367,-0.2688238,-0.306343,3.831314,2.300763,0.4859017,2.24625,1.379935,-1.954229
-1.20369,-1.076293,-1.126878,-1.315871,2.28896,2.555749,0.7614424,-0.6585108,-1.044607,-0.2212854,0.5079263,-0.3247235,-0.00814778,0.3549808,-1.588491,0.3828383,0.7703969,-0.198791,0.8803289,1.483374,1.473802,0.2138192,0.2143628,1.070348,-0.02627947,-1.753977,-0.6628799,-0.4915173,2.009664,0.5496088,-2.480653,-1.484937,-0.201666,-1.535015,-1.058842,-0.7465514,-0.6707929,-0.594852,-0.1753128,0.0207243,2.425861,-0.1892252,-0.7249908,-0.7591163,-0.110065,-2.664438,1.31043,1.397216,-1.053526,1.1552,-0.9791514,0.1623728,1.758914,0.2078469,-0.751446,0.2549884,-1.316846,0.2184884,1.06283,-0.1927742,-2.21497,0.2324424,0.7953073,0.4059522,-1.261648,1.670246,2.758776,-0.05726345,0.3730492,-1.316036,-3.545586,-0.1652035,0.6219305,2.507527,3.146219,1.584481,-1.157358,-0.9339304,-2.219132,-2.020379,0.4301821,-0.5635799,-1.020853,2.164099,1.718544,1.222746,1.536217,0.2822715,0.003148612,0.7665157,-0.3228425,0.2227361,-1.028663,-1.404252,0.07175638,1.001192,-1.054402,0.5687798,0.05680619,0.04484449
-0.6391027,0.1765793,0.6391038,0.1680217,-0.4331163,0.9612348,-0.6227844,0.6959278,-2.256042,-0.1868066,-2.032859,0.3381183,-1.016973,2.915605,-0.9790922,0.02387883,1.241892,0.9263371,-1.97387,1.446323,-2.500243,1.732051,-1.109373,0.0493457,-1.283487,0.8065125,-1.988948,0.9903424,0.268112,0.04759391,1.625718,-0.1132449,1.739293,0.4126946,0.8966589,-2.383702,1.69919,-0.6265415,0.712054,-2.395033,2.686068,-3.509506,2.395248,-1.232845,-1.007221,0.7418971,0.1539323,0.08524361,0.409293,0.4389698,1.41699,3.535754,-1.788208,0.7356765,-0.04934289,1.76889,-1.786967,1.304616,1.573413,-0.82332,0.6526199,-1.032991,-0.4925042,2.642862,-0.3354089,-1.242403,0.4228912,-0.8788121,0.7979333,-0.5860695,-0.5400034,0.3882428,0.4305202,-1.939057,-0.002257332,0.1791609,1.157001,-1.458487,-0.4434851,-0.5663923,0.47566,-1.777471,1.2139,-0.8953304,-0.4355499,-0.2131555,0.07293364,0.3372763,-0.004063845,1.471902,-0.8323206,0.6080983,2.192623,-2.213394,2.093477,-2.515844,-0.8393478,0.510404,0.7870454,-2.210151
0.6216427,0.235098,1.522051,-0.27142,-1.420821,-1.648557,-0.2083137,-0.7330588,-2.11162,-1.238684,-0.02608535,0.6696591,0.6670104,1.283367,-0.3643287,-1.554935,1.031703,-0.13528,2.124081,0.3946075,1.020195,0.232715,-0.8137357,-0.6457849,-0.3934671,2.037393,2.266979,0.2046017,0.3175064,0.5769737,-0.2987079,1.483031,-0.7205781,0.144736,-2.158514,-1.362476,1.716629,-0.8187869,-0.1067055,-0.4708537,-1.725903,-0.05393723,0.5919733,-1.934228,0.09266081,-0.7230467,0.6677896,-0.8838747,-0.1301806,1.981519,1.507116,0.7960622,-0.2389577,-1.171776,0.3258182,-0.8567673,0.2007358,-0.6118671,0.03512958,0.1211625,-0.9251525,-1.138498,1.121476,0.5138263,0.1112514,1.46384,1.286819,1.344916,0.4944765,-0.7269846,0.2500759,0.5958006,1.788023,-1.551603,-1.087254,-0.7092191,0.9342476,-1.47219,0.5159552,-0.2073866,0.1867037,0.25943,-0.521973,-1.914271,-0.5054681,-0.7488238,-1.160319,0.2778634,1.337826,0.5532753,1.702072,0.9881853,0.8648742,-0.3045962,-0.1332866,-0.2931428,-0.3658113,0.0458574,-1.72684,-0.1806741
1.271205,2.376076,1.562011,2.43026,0.3217402,-0.4210306,0.4270489,-0.4692571,-0.4423541,-0.432858,0.1800705,-2.325541,-0.5781903,0.1704522,-0.4371026,2.154176,1.628144,-2.37103,-0.3685628,-0.6443496,-0.2552785,-1.713304,0.7891855,-0.8462447,-1.559134,-2.165946,2.021059,-1.70647,1.905876,0.1377403,0.5405366,-0.2052241,0.09619591,-0.0260967,0.6847879,0.02471614,0.6104187,-1.439849,-0.6910509,-1.717839,-2.160486,-1.969218,-0.8438529,-1.466737,-0.8835028,-1.967346,0.639351,-0.8776525,-0.5922294,1.462101,-0.1160832,2.42431,2.246877,-0.850385,-0.1054071,-0.312305,1.729486,1.069431,1.052884,-1.999788,-0.2367033,-0.3259206,-1.949747,-0.2230614,-0.2203182,0.3239858,-0.09091142,-2.018198,-1.219206,-2.922224,0.1376066,1.642105,1.650741,0.964985,2.220415,0.008216068,-0.5001322,-0.371938,-0.2946115,-0.04854053,1.541951,-0.850155,-0.1326595,-0.6763791,-2.125748,-2.3801,-2.03642,-0.9022809,1.896278,1.601778,0.773096,1.320923,1.008458,3.185163,2.362063,1.158328,0.03462224,1.841845,0.7153089,0.1429493
-2.14242,-0.8314316,-1.188021,-0.8116964,-0.3044287,1.079809,1.080942,-0.1791552,-0.4087088,-2.593155,-1.152373,-1.559565,-0.6792569,-2.381427,1.553443,-0.01755121,0.01910058,0.1309389,-0.7001643,-0.3092076,-1.165086,-1.45311,-3.795227,-2.005697,0.8101903,0.8077485,0.6040021,0.2993744,0.7204025,1.483324,2.09683,-0.08483534,-1.134467,-0.8143253,-1.719612,-1.940295,-3.201849,-0.5542793,1.055972,-1.174356,-1.689599,-1.226718,-1.228443,-1.31882,0.8132505,0.4019128,-1.718035,-1.020405,-0.3224269,-0.6404848,1.46065,0.3505856,0.5458277,2.661595,2.463266,-0.7623393,-0.1961958,-0.1881337,-1.463331,0.3637282,1.31268,-1.017329,-0.64399,-1.005562,0.7868096,-0.05088728,2.206839,2.721967,0.8052012,-0.5885104,-0.3171809,-2.171892,-0.1240986,0.0910321,4.006206,4.608828,4.277041,1.662538,-1.745205,-1.679993,-1.323298,0.1524502,0.5385989,-0.311477,-0.02255359,3.186415,3.061713,0.4015246,1.460488,0.5038553,-0.2541616,-0.4108931,2.176337,2.321274,-0.4300583,-1.094027,0.5755056,0.5208001,0.7397906,0.3469575
-0.8894591,2.921886,-0.8056124,0.9351481,0.499808,-0.09035799,-1.432921,-0.2325791,-2.737258,3.311354,1.516818,-1.27398,-1.986488,-4.744618,0.4201009,-0.1140656,1.669284,2.437298,-2.47144,-0.9049345,0.05847479,1.424489,-0.1326995,1.961961,1.65398,2.19424,-1.407453,1.872396,-2.362677,1.109914,0.6929868,3.328388,0.01258273,-0.5667402,0.8085021,-1.311084,0.937264,0.3563265,-2.593504,2.027663,-2.627458,0.9071136,0.4885947,1.248459,1.891493,0.3486797,-0.3500509,1.46451,-1.061946,-1.504695,-1.826433,-0.1351424,1.741406,1.884808,0.4001991,-2.916552,-0.3990766,1.736825,-0.6321004,0.6746404,3.742534,-0.05030988,0.2420707,0.9938583,0.6534269,-0.3554172,0.2670068,-1.444808,-2.535391,1.045101,-2.371481,1.759766,0.1350028,-1.37226,0.2635086,-1.161822,-1.995696,1.376296,-0.1003995,0.5314391,-1.13092,-0.3176227,-1.372166,-1.928426,-0.7841231,-0.4160098,-2.848626,0.3688022,-0.9105918,0.1341579,0.8553857,1.07381,0.9244838,-0.4833327,1.362446,0.1262572,-0.1986107,0.7147474,-2.987041,0.7686906
-1.04829,0.5400707,0.5154038,-0.400132,-2.001902,1.365354,-1.749274,1.635261,0.4546311,-1.107391,0.2135261,-1.935342,2.129303,-1.162176,-0.9469817,0.4561524,-1.37501,0.5121324,0.1142247,2.458069,-2.09674,-0.1536298,0.4916596,2.54983,0.7361701,2.197783,-0.4397604,0.9272059,-0.487859,2.477237,-1.98208,-0.2117265,1.31624,-1.109492,0.1341692,0.07772451,-1.31059,-0.586798,-1.13364,-0.42747,-2.975899,-1.09603,-0.4252449,-1.4795,0.7500722,0.6822324,-2.378523,0.1209567,-1.309515,-0.5463262,0.6159089,1.711556,-1.058085,0.4035653,-1.422668,1.030657,0.7706106,0.7552226,0.9931858,1.073758,1.275106,0.2277625,1.31524,0.1712913,-0.9558397,1.13292,-0.09946314,0.9031352,-1.822123,2.683989,-1.975446,-1.93241,1.100054,-2.02064,0.3146656,0.3710944,2.85205,-1.221994,-2.927939,0.930669,-1.101444,0.1250924,-0.9915148,0.1747031,-0.9053443,2.893719,0.3079292,0.6108477,0.2745553,0.4167984,3.9718,-2.867051,1.702895,0.6757217,-1.286532,0.382861,1.033749,-1.871086,-0.02239406,0.300772
-0.7392483,-0.8898146,-0.9571623,1.499441,-0.09341978,-0.8715516,1.432178,2.427844,-0.6067142,1.127713,-0.7731445,-1.835523,1.636888,-0.6673565,2.173447,-1.922157,-0.7860503,1.113396,0.9652498,0.2115353,0.3244206,-1.127126,0.1595858,-0.7906722,-1.24029,-2.312205,-1.150343,-0.9307757,0.4039568,-0.3828854,0.3728541,-0.2309233,-1.236348,1.27637,-0.04313363,-0.4130073,-1.535858,0.1641027,-2.115401,1.339506,-2.280396,4.046681,-2.120285,1.167436,-1.232885,-0.9217802,-1.505648,0.1549358,0.1116193,-0.6691051,2.140448,1.367349,0.07125263,-1.169596,0.2296091,-0.2898021,1.443937,-0.2018267,-0.3671806,3.026241,0.1305663,-0.9865461,0.819731,-0.7987066,0.07766448,-0.2138549,-0.4732048,-0.1563332,-0.314598,1.052108,-0.6061062,-0.5645505,0.3874287,-0.8922558,0.07596302,-2.15934,2.317752,0.4713499,-1.495128,2.28588,-0.8499683,2.614261,-0.8881239,1.379937,-0.1747678,-0.7002528,0.7043618,0.8670312,1.097281,0.8512167,-0.04503931,-0.8045192,0.1472963,0.6017349,-0.8131361,-0.1865429,-1.881292,0.2236066,0.07534255,2.845372
1.90156,1.745667,-0.4074523,-1.270473,-1.687459,-0.2753441,0.9285669,1.954114,2.092786,0.8555042,1.012274,0.523701,-0.2170728,0.32817,-0.352246,-0.4901558,-0.1046215,-1.428654,-2.832918,-1.48751,1.490573,0.3895672,-0.197128,1.453652,3.195136,0.7483617,-1.896475,-2.101757,0.03940395,2.463925,2.303339,-0.3993325,-0.970022,-0.6325483,0.3579257,1.697247,1.669629,0.3181588,1.412366,-1.641369,0.1595905,1.925967,2.928091,0.227624,0.2231566,-0.6800663,-0.4678575,-1.458572,-0.8665764,-0.631806,0.7307,-1.360359,0.6250738,1.047538,0.769085,0.5562863,1.952805,-1.12539,-0.3686182,2.039737,0.09321436,-0.5345448,-0.8371266,-1.00744,-2.449728,-2.519921,-1.663429,0.4765837,1.215202,1.633015,2.704814,-0.3608172,-2.200837,-2.342768,-0.8107337,0.7384443,3.609197,1.001132,1.872599,-0.2845468,-0.3850265,-0.2013084,-1.84755,-2.63113,-1.829857,-1.741802,-2.044447,-0.3726803,0.4926497,-0.7982168,0.04595914,-1.008416,0.443321,0.5583456,-1.227655,0.05518761,-0.5355642,-1.109171,-0.592635,-0.3178106
0.6277464,2.082427,-0.6509245,-1.218097,-0.4322589,-0.2121758,-0.29892,1.960722,-1.12291,-0.5132101,-1.0201,-0.7849963,-2.112944,-0.5829784,1.44881,-2.700739,-0.9353041,-1.175947,-0.1590168,-1.500805,-0.2870401,0.08828966,-0.28913,2.001499,-1.267354,0.7481604,0.1273369,2.128448,0.6521347,1.615103,0.3092726,1.999222,0.9877051,-0.8513665,0.3168167,-2.801599,-0.3539558,1.170479,-1.596798,0.1111523,-2.548477,-1.298472,-1.399167,-0.7276105,1.181035,-1.049283,-0.4728699,0.3331668,-0.5705397,0.7746033,-0.3292417,-0.0157332,0.0179861,1.246645,-1.518307,1.999326,-1.305812,-0.307904,0.5211456,2.072199,-0.4175696,0.8555847,0.674949,0.3791109,-0.5080332,-0.4447871,0.8569698,-0.8103287,-0.8401341,1.601002,0.14779,-0.2090087,-0.06357946,0.3525401,1.406321,-0.1743889,0.2950545,-1.116658,-0.4894103,0.6090873,-0.5871021,0.2361731,0.8515113,-0.5613579,1.620302,0.3012553,-0.269169,-0.3885673,-1.161058,1.235304,0.3543762,3.086302,2.023647,-2.485089,1.342882,0.8411177,-0.9532283,0.3638559,1.356357,-1.421466
0.8495795,-0.937025,0.3002693,-0.4769442,0.334168,1.020706,-1.818808,1.996091,-1.568138,1.014239,0.07258446,-1.672715,2.2795,-0.7415356,1.376396,-0.1302406,1.432841,0.4759423,-0.5034406,1.337775,-1.561657,0.3324412,0.02337741,1.119764,-0.1983785,-0.2928539,-1.432676,0.4189016,-1.225618,0.02536112,-1.477175,1.139866,-0.9675557,-1.334708,1.069456,-0.9956371,-0.3591432,1.540228,-1.333216,1.991015,-1.993832,0.2307294,0.338549,-1.542526,-0.6965441,0.8036768,-1.621555,2.052207,1.221055,-1.128273,0.818103,-0.303359,-1.514786,1.018498,-1.00461,1.560215,-2.116888,0.06319845,-1.952294,1.485364,-2.184556,1.929797,-0.918874,2.471549,-0.6858649,0.3627627,-1.825054,1.263045,-0.700254,2.181153,-1.418807,0.7500878,-0.6833566,-1.235566,1.683592,-1.999082,0.03488684,-0.1091524,-0.3536236,0.3585473,-0.2639264,0.1690559,1.22746,0.6051481,0.8945106,-0.435725,-1.764189,0.1445205,-1.153166,0.4135879,-0.2335463,-2.005757,2.79625,0.4117554,-1.014272,3.555398,0.4215508,-1.274393,3.320112,-1.57557
0.09860921,-0.02384969,-2.581319,-2.447762,-3.370988,-3.802823,0.6277286,1.260168,0.1363073,-1.593133,2.149442,-0.4299521,-0.6274684,1.139262,-0.02304608,-1.283226,-0.5154704,-0.2769576,-0.4097232,0.5398086,1.463318,0.7609907,1.738568,1.391239,2.052078,1.622914,1.572797,-2.325614,-0.1999649,-1.320481,-1.074995,-3.240434,-2.289909,-1.547316,-0.6523884,0.1117499,0.08507401,-1.643236,-0.3788577,0.9816045,1.807871,2.671858,5.906375,2.33404,3.143966,1.090127,-0.6999403,-2.961477,-0.02957148,1.318501,-2.176621,-1.59835,-0.08442038,-2.197239,-0.3900496,-1.532795,0.4036401,-0.7967867,0.7954897,0.5334597,1.898613,2.238829,2.607137,2.66221,0.9730831,1.226874,0.7109959,1.343591,1.804827,1.531021,2.656435,1.228067,0.01992982,-1.305747,-1.239371,-2.107906,-3.101536,-0.7807065,1.228201,0.3017597,0.4494807,1.595439,1.658372,2.088353,0.4257965,0.4521924,0.9693382,1.383441,1.758008,0.07420826,-1.56417,-0.7810174,-2.823999,-2.309109,-2.4489,-1.825013,-2.616094,-2.102547,-1.214741,-0.2761695
-1.52963,-1.957465,1.704249,1.290947,1.850693,1.120256,2.469479,0.846492,-3.02863,-1.105423,4.432434,-0.05120698,0.246673,1.399078,-3.582738,-0.6819147,2.647085,2.034355,1.95146,-0.721311,0.9576028,-0.7637259,1.766919,0.4676605,-2.019837,1.82781,1.762725,-2.615393,-0.7310251,-1.718985,-1.046199,2.075719,2.484472,2.757439,0.9385967,-0.2235839,1.531439,0.3912324,0.2628789,1.370289,0.3482109,-1.497813,-0.03357653,-1.252232,0.2081957,-0.7271472,-0.2660374,0.2199187,1.415131,0.7776076,-0.4159792,1.446131,-0.1798261,0.7232221,1.542622,-0.2059665,-1.215469,-1.034879,-0.6610494,-1.672196,0.1800719,1.728256,-2.093052,-2.449217,-1.474282,1.042581,-0.070454,0.4714226,0.8289571,-1.883602,0.07463175,-3.887491,-1.267837,-1.272645,-0.7332272,0.8297625,0.3271396,-0.6788709,-0.09663087,0.9938022,0.4356515,-0.911907,-0.4702654,-1.918761,-1.793044,-1.523891,-0.5425615,-1.42848,-2.2547,-1.349185,-0.03343683,0.52571,-0.6831851,1.202527,2.240627,1.794624,1.298239,1.126401,0.3929639,-3.006426
0.6404958,0.1171912,0.71689,0.05966523,2.170803,-2.262847,-2.434835,-1.454299,0.6008958,-0.3299569,-1.301472,-2.37816,-2.75123,-0.4760189,-1.302219,-1.18609,0.2757579,0.8188843,1.458198,0.7495257,1.236654,-1.849445,-0.531301,1.42958,1.433149,0.3486276,1.511153,0.5452362,-1.473369,-2.92298,-0.7091229,0.8406483,1.561038,-0.8981373,0.1061746,-0.7726179,-1.032954,-1.81735,-0.7107893,-0.9157351,-0.5384467,-0.514838,-0.4692952,0.338495,-0.9484397,-0.1987036,2.383056,-0.4658221,-2.442015,-0.149209,1.957497,3.708129,-0.3448513,0.7984649,-0.6543792,0.5395275,0.1765082,1.679418,0.972797,2.955063,-0.06980893,2.125059,0.8548467,3.578687,-0.6712273,0.03301391,0.7205453,-0.1768931,0.9979115,0.4850944,1.997525,-0.1292953,-0.7378232,1.362134,-2.547129,-2.596671,0.8841848,1.317222,-1.357024,-1.702687,-0.04521359,-2.92534,-1.007817,-0.007742137,0.8432176,0.0395087,0.8180833,1.220682,2.344891,2.137517,3.093878,2.112767,-1.589982,-0.6397376,1.031366,-2.760037,0.03990808,-2.453636,-0.888304,-1.624271
1.976829,1.85095,2.226835,0.2186229,-1.001815,1.281609,2.265272,-0.2074044,-3.076734,-0.2992088,2.347968,-1.459819,-0.837257,-2.256669,-0.6958073,0.8604066,1.081979,-1.361056,-1.952625,-0.438269,3.458815,1.259373,1.756608,-1.084442,-1.22115,-0.4896429,-0.5726691,0.3224807,-0.06017469,0.7968829,2.21394,-0.8788638,-3.943236,-0.9357276,-1.912964,0.5735145,0.5167258,-1.041436,-0.8963095,-1.402045,-1.638668,1.213319,-0.6422929,-2.095125,-0.402374,0.06684656,-1.296736,-0.7139876,-0.005835876,-0.4985929,-1.635541,-1.065834,-1.072908,1.018302,1.683745,1.825693,-0.1787914,-0.00011985,0.05485578,1.068025,-0.3825086,-2.846241,-1.898904,0.423811,0.2508285,-1.013752,1.472178,3.560578,0.7013129,-1.701312,-2.373264,-2.316461,1.592822,1.426898,5.618329,1.918163,-0.6686654,-1.683252,2.625629,-1.262867,-2.473258,1.348198,3.332055,0.100897,0.7612188,-0.1066905,1.383451,2.444957,0.4095207,0.6066394,-0.07847874,-0.1335784,0.1972047,-2.036415,-3.618446,1.746521,-0.1272143,-1.370844,1.617316,-0.1138441
-2.532471,0.5254669,0.3753859,2.155639,1.652453,0.5337148,0.6631426,0.3153977,-2.928254,-2.497761,0.4909061,-0.1949215,1.08928,-0.4315079,0.2007651,-1.881685,0.1313462,0.6587787,-0.6922967,-2.412979,0.09389374,-1.069659,0.9658681,-1.616619,-0.5918792,-2.038181,-1.937265,-0.5881011,2.758189,1.200578,-1.206861,0.7677701,1.794487,-1.899628,0.9390303,-1.620716,-0.4829403,1.927679,-1.339775,-0.8584461,-2.802505,-0.03231731,-1.204109,-4.496764,-1.993609,-0.5661321,-0.4323257,0.9323032,1.113801,1.343541,1.142713,-0.2382004,0.6942767,0.2961296,3.210986,1.855182,0.4051568,1.481907,2.499703,0.1564104,0.9791118,-0.08968228,-3.336087,0.1966268,-1.62472,0.3643677,-0.394902,1.413156,0.1313622,1.237694,-1.75878,-1.23533,-1.959925,0.4190871,0.4174808,3.059579,2.574625,1.773035,-0.8255413,-0.9524308,0.0707235,0.4088309,0.8636364,1.727849,-0.3820867,0.6782244,-2.379839,0.8019665,1.634263,1.757412,0.01165622,-0.7124823,0.4129753,-0.6584979,1.242917,0.4270648,-0.7650479,0.2652128,0.1286642,0.2938577
-0.1579952,-1.874324,0.8096303,2.072566,0.6629483,1.924137,2.621509,-2.228626,1.261004,-0.5190153,-0.2038094,-0.723317,-1.788068,0.673166,-0.6618034,-1.891234,-0.9066498,-1.106442,0.4731684,0.790338,-0.2500761,-0.4669296,-0.3645116,0.1620699,1.494597,-3.37633,-0.1681508,-2.090881,2.469475,2.67416,1.523114,-3.619013,1.397958,2.862254,-0.2185697,-0.4126287,-0.7232694,-0.7948576,0.7557146,-1.552314,-0.8574587,-1.516282,-1.474744,-0.7892449,-2.719064,-1.02569,2.828857,0.04138198,3.856721,1.975182,0.08485099,-1.107096,2.106146,-0.01427064,-0.6266058,-0.1365983,1.43181,1.164772,1.182456,0.7243159,-1.366998,0.02486422,-0.9189515,-0.9922921,0.8044167,-1.090047,-0.6611288,-0.4295239,0.9374295,-1.703061,-0.0705208,-3.784865,-1.28884,1.214694,-0.2291001,1.607527,1.734938,-0.3647744,-0.1772833,-1.930792,-0.871497,-0.3943387,-0.9377015,0.8841747,1.854926,-1.4763,2.76984,-0.2545185,0.9981316,-0.6252745,0.8195211,0.07376405,-1.248445,0.6107635,-0.4855025,1.030032,1.544624,-0.8471621,2.062051,-0.4812161
1.536142,-0.5219311,-1.224087,1.27705,0.51306,-1.392906,0.2185702,-1.026448,-1.552239,2.606058,-0.2075004,-1.746801,1.159389,-2.136077,0.6895332,0.311133,0.6025295,-1.525809,0.05141644,0.7629234,-0.9098699,-0.5898958,1.093801,0.3452511,-3.44375,4.81104,-1.079077,0.9116436,0.6767809,-0.9775082,0.1330596,0.3725337,0.7422059,-1.522493,0.8843396,0.9024487,1.418696,-1.395732,-1.796373,-2.880121,0.7470145,-0.4866985,2.463776,1.429016,1.101287,-1.110283,-0.0683711,0.5969161,-1.541714,1.324663,0.7548259,0.2083689,-1.982134,-0.3729391,-0.655817,-0.6927915,-1.910293,-0.1718925,-0.4017428,-0.6629233,-2.19172,0.780011,-0.7648751,0.4545065,-1.771661,0.3489144,-0.7891699,-2.003754,1.229508,0.3411565,0.8155575,-0.7606414,0.783123,1.393347,1.868306,0.6857213,1.635871,0.9561143,0.6543697,-0.6591853,0.5013182,-0.2997622,0.4517183,-2.429797,0.3944073,0.1129041,-1.095034,0.9058628,0.02539004,0.9404142,1.642835,0.8953967,-1.082978,1.483738,0.2070311,3.491806,-0.377968,-0.6013917,-4.678023,1.847381
1.710383,4.477679,3.021547,-1.073426,-2.834632,-4.947815,-3.835729,-2.666076,-1.117963,-1.609882,2.190217,2.02178,3.178044,3.245357,1.718348,2.095895,2.107691,3.622453,0.6326077,0.2895623,-3.160573,-1.993668,-0.4617746,2.314427,-2.350517,-0.9596567,0.04117426,-0.1958343,-2.637417,-1.621582,0.4783749,0.1459262,1.302312,1.576696,0.9289503,0.02135602,0.4665594,-2.198963,-0.8840983,-0.4097139,-0.1887242,-0.5229245,-1.620261,-0.749921,-0.984256,-1.235605,0.9044461,-0.7930319,-0.5173692,-1.906116,1.753522,3.100947,2.572096,-2.885433,0.4762536,0.5657505,0.8126421,0.8663553,0.2268451,0.8925288,2.297173,1.67388,4.54648,1.114195,3.2711,-0.9206914,-1.010786,-1.734891,-1.480187,-1.585812,1.601889,2.569748,0.1275119,-1.421713,0.5448687,-2.970572,-1.857662,-2.31553,-0.01866502,0.904614,-0.03636351,0.9947132,0.9706695,0.4223568,-0.1919865,-0.08502904,-3.330555,-2.406376,-1.612259,1.125915,-2.124274,-1.032741,-2.572428,-0.9202729,-0.2752348,1.4146,1.354954,1.268501,0.4354384,-0.1303369
-0.06411985,1.01085,3.241382,4.251666,-1.270452,-2.230869,-2.972142,-0.6486288,-2.247864,0.07332587,-0.7314508,1.014334,2.389956,2.621624,-0.09342408,0.8852218,1.37339,2.732865,2.496249,4.377483,-0.03565484,-0.05426937,-0.7047807,2.534929,3.316077,-0.4880254,-1.429211,-1.029739,-1.337295,-1.852971,-0.3572953,0.03916839,-0.1161329,2.485355,-0.001809716,0.6069682,0.1667495,-1.363927,-1.376913,-0.0424481,-0.3342504,-1.116906,-1.967742,-1.775531,0.8961071,-2.277778,-1.995056,-0.600811,-0.3340255,-0.5738764,-0.6343796,-1.500533,-0.2565323,-0.1024101,-2.190115,-0.1103202,0.9951172,-0.2404581,-1.077563,1.337947,0.9594945,1.166535,0.3587335,1.651747,0.1618943,0.9618312,1.13986,-0.1636668,-1.004453,-2.591123,1.635166,3.283456,-0.9060336,1.413299,-0.8282813,0.8436509,-0.9985621,-1.718078,-0.5375488,-2.786142,-1.075611,-0.8043,0.6670803,-0.009490758,-0.8227553,-0.3566926,-1.284289,-1.706618,-0.2994837,-1.507697,-0.8786129,2.035424,-0.3518397,2.944766,-0.4411911,-1.824305,-1.465847,2.395497,0.2512611,1.183864
-0.8743278,0.1120753,2.992494,1.850899,-0.5402723,-2.296076,-0.4693332,-2.227874,1.493394,-2.764737,0.2680914,-1.816579,-0.5591753,0.2367563,0.418628,-1.024522,-0.4836583,1.282943,1.772442,1.094316,1.497987,-0.06144644,-1.004597,3.573705,1.314211,-2.922289,-1.19941,0.3574198,-1.24527,-3.725134,-1.437847,-1.074693,1.167955,1.135551,2.862871,4.530468,0.5619197,-2.063545,-0.04411824,0.9531448,2.040228,0.1453991,-0.8099546,-1.173969,0.7986202,-1.010215,0.5556296,1.085096,-1.035137,-1.229949,0.2492437,1.132055,3.049737,0.2894013,-0.1306541,0.5163029,-0.8298157,-2.092908,-1.47417,-2.162217,1.177038,-0.1124703,0.3434308,2.482647,2.176669,2.235685,1.992286,1.19801,-0.4594969,-2.095091,-2.035336,0.24731,1.878166,-0.7969313,-0.2158964,-0.1354648,0.7860024,-1.361043,-0.4550778,-1.299384,0.94721,-1.817418,0.4392787,0.3290505,-1.415675,-0.2577104,-0.8271643,-0.09617488,-0.8473319,-1.261995,-3.121319,-0.4875535,-0.7290118,1.632968,-0.6677165,-0.2310634,-1.297641,1.468596,1.582245,1.552279
-1.834248,1.614179,-0.8657894,-0.7011698,-0.2538731,0.3319884,-0.6899232,1.411873,-0.2864828,-0.1735526,0.3764516,-1.15142,-0.3977956,0.7270589,0.07522192,-0.584959,-1.985045,1.49621,-1.329296,1.478458,-0.708218,0.6082885,-0.1194919,-0.8873436,0.4279957,-0.5687956,-2.018866,1.703183,-0.6299919,0.4770375,0.7225728,1.111119,-1.188273,-0.04105244,1.326898,-0.8287452,-1.124149,0.3188737,0.7579982,0.6205813,-0.8171465,-0.01619569,2.891845,-2.134714,2.229325,-1.356012,0.4864436,0.1944668,-0.8647081,-0.4894957,-0.3590209,2.824585,-2.150881,0.3887847,0.1058796,0.8875392,-0.948665,1.781783,-1.06008,1.13712,-0.7323746,-0.4675175,0.2301461,-1.456662,0.8077934,-0.4836936,0.5676857,0.2407483,-0.1922919,-0.4629658,-2.452969,2.42115,-2.168139,1.952943,-0.735845,-0.7934101,0.4545619,-0.5160978,0.001093961,-0.8218913,1.44487,0.2499619,1.014054,0.6835229,1.146564,-0.8459454,1.541106,-0.6616755,0.1956378,1.067146,-1.089911,0.4381386,-0.7053469,-2.180902,0.2612533,2.046301,-0.1426283,0.2656813,-1.444586,1.376134
-0.2018133,1.701094,1.443009,-1.168493,-1.797415,-0.4189363,0.3457688,-1.783622,-1.792895,-1.041929,-0.1228518,0.3919623,0.2997758,-0.8732951,-0.2355024,-1.096206,-1.484726,0.7456478,0.8063815,-0.00441033,-0.1695365,0.2325702,0.7255093,1.66791,0.1893248,0.20821,-0.3303109,0.008412067,-0.929778,-0.308088,1.029657,0.5146486,-0.8810346,-0.4930013,0.192648,1.749491,-0.8227906,-1.4892,0.5351704,-0.8273827,-1.124171,-0.739157,1.48222,1.260001,-0.3474078,-1.696284,-0.8046676,-0.1538262,-0.4553879,0.6358011,-0.7634084,-0.7458641,-0.333905,-1.354839,-0.4120039,0.8200121,0.4849987,-0.457084,0.5414488,-0.9846776,-0.5758302,0.1904293,0.2339671,-1.231828,-0.3416747,-0.06643587,0.3678373,-0.3727694,-1.857468,0.2693832,0.2154793,-0.2136564,-0.1891209,0.221452,-0.5790895,1.259273,0.5710157,1.033583,0.2721013,0.4006125,-0.06111163,-0.8837032,0.06132312,-0.1497278,0.3740377,0.670105,1.723366,0.03579543,1.693395,3.074885,2.182432,2.129951,2.055196,-0.121725,-0.8848535,-0.9539582,-1.157068,-0.2350823,1.614212,-0.1404978
0.8227028,0.1096788,1.784034,-0.7804911,-1.719235,1.107791,1.616926,-0.5849844,0.5048743,-1.862337,-0.8328903,1.020315,-0.1034183,-0.7240016,0.8443876,1.949651,1.741624,-0.8920285,-2.423924,-0.2223744,-0.8456728,0.5328941,0.74714,-0.004150391,-2.021289,-1.934522,1.25967,1.715231,2.586913,1.965917,2.061749,2.98218,3.691033,0.006479412,-0.3147214,-1.460757,-5.193429,-3.714036,-1.325544,-0.4443859,1.655948,-0.6728749,-0.3449338,0.03976496,0.08674696,0.9479516,3.262589,-0.3133556,-0.867815,0.6172223,-0.2507782,-0.7052987,-2.133841,-3.518256,-3.285068,-2.325566,-2.394511,-2.41467,1.026441,-0.03703588,-0.02166355,-0.3566021,0.4763468,-1.405747,-2.125166,-2.295408,-2.861666,-1.86926,-2.239604,-0.4823593,1.691024,-0.02203551,-0.2039858,-0.6138456,-1.331486,2.164616,-1.507808,0.6515834,-0.02107561,0.6191296,1.401831,-1.02789,1.79574,0.6619049,-1.660185,0.3206889,1.623773,0.5635245,0.870778,0.6779647,2.260505,3.573137,2.073016,2.203479,0.6887556,2.557244,0.9799107,2.402326,1.56126,-1.792414
1.110901,-0.663893,-0.3533807,-0.5136426,1.365325,1.973956,-0.9290546,-2.616732,-1.102109,1.331084,0.002562135,2.689221,0.4295027,-0.4228073,1.725972,3.26159,0.3350744,-3.394345,-0.8854032,-1.007034,1.228803,-0.7367712,1.923232,-0.05878872,0.995293,0.05199921,-1.156272,-1.65528,-0.4870093,-1.687222,-4.296518,-1.412447,-0.4868205,-0.904925,-1.168717,2.0356,3.245471,2.977758,0.1019471,1.188419,0.9063954,0.3008605,1.27386,1.566797,-1.098062,1.227882,1.040226,-0.1568599,-1.129538,0.4113746,1.61224,-0.3652325,-0.158881,2.529437,2.598967,0.7955325,1.357143,0.6878229,1.107347,1.206958,-0.3841479,-1.458322,-1.551211,0.2949219,0.1007935,0.3286313,0.5659952,0.1630021,-0.1507653,0.250584,-0.6298171,-1.554274,0.1981304,-0.2461022,-0.9459903,-0.4783869,0.3623434,3.690464,-0.8741189,-2.791759,-2.604171,-0.7121024,-1.493387,-0.8049595,0.3046122,0.4226815,-0.189085,-0.7919447,-1.379821,-1.169144,-0.5287006,-1.14664,-1.238983,-2.237245,-1.915465,0.4868687,1.328088,1.046868,0.7472857,-0.7635214
0.4786608,-1.031438,-1.068,-0.6897269,0.1767039,1.320084,-0.02698204,-1.654617,-0.1123326,0.2804689,0.1089738,2.74659,-1.112359,0.5419445,0.9311196,-0.09379182,0.5310209,0.0901958,-0.812263,-2.909945,-1.223152,-0.8698426,0.4227387,-2.473027,2.158355,0.2101297,-0.9899437,0.1365809,-1.520873,1.83478,1.16899,1.45116,1.330163,2.590421,-1.377219,0.1912244,-1.462309,-0.6541056,-1.796096,1.412542,-0.6536539,1.209562,1.007641,-0.0462386,1.744024,-0.8860053,-0.01102552,1.999761,1.762547,2.221435,1.30755,-0.07141004,-1.849765,0.06552591,-3.723181,-2.457722,0.1603186,-0.5810273,-0.3040326,-0.1260411,-2.458485,1.921909,-1.217613,1.997319,-2.303922,-1.59122,-2.071532,-1.795484,-1.823289,0.4562729,0.8979787,0.3191064,-0.1900224,2.017075,-0.7544279,-0.3273858,0.7872429,-0.01001582,0.4085762,-0.01844851,-0.3742449,-0.8137555,-1.548849,0.8245758,1.643533,-1.748886,0.5910618,1.066448,1.45437,-0.5099091,-0.7683493,-1.566086,1.587458,0.4389705,3.017735,1.120283,-0.4004413,-1.36407,1.192046,2.911386
2.191588,-0.5881637,-3.316847,-1.038401,1.987856,1.025097,-0.8025159,-0.1073142,-2.47357,1.821485,-1.548203,2.5415,-0.6333077,-1.093053,-0.3461499,-0.1248,-2.915954,-0.9696698,-3.055043,1.158995,-3.310093,-1.214574,2.372365,-3.061461,2.070755,-0.04516665,-0.9119731,-1.540464,0.7928482,0.4691291,-0.08016685,0.9707411,-1.744835,2.18297,-3.029322,-0.2061946,-0.5859599,1.455569,-0.5522835,-0.9968308,2.673504,2.199027,2.438657,-1.496523,0.1594658,1.326448,0.6154153,1.092612,3.967841,1.873596,-2.326328,2.224621,-0.2040076,2.5516,-2.058621,0.2703345,-0.595236,2.535407,0.566462,-2.889792,-2.008954,-2.307488,2.652266,-0.2306776,-1.322413,-0.5506075,-1.147099,0.1105826,1.150719,0.5353752,1.267896,-1.163217,-1.64454,1.967891,0.1733669,2.771672,-3.701884,3.709678,-0.562358,2.437829,1.039127,-1.918629,-0.1357341,-0.3193247,2.182904,-0.6987958,-0.8420126,-0.06937147,1.125303,0.8805788,2.045291,-2.37852,-1.810215,0.1875152,-0.2998064,2.453187,-2.139867,0.2365921,-3.540926,2.191603
-1.484747,-2.080632,0.998777,-1.063631,0.6667172,-1.329675,0.4903941,0.3590351,1.174055,1.341074,1.659743,1.814092,1.134022,-1.148493,-0.2742326,1.277916,-0.3309589,0.5411254,-0.04601843,2.391517,0.1646091,-0.5931804,-1.292719,1.416847,1.100705,-0.07284476,-0.2536497,0.6443356,0.4446372,-0.3464254,-0.2891955,1.684919,0.9290982,-1.22461,0.9637384,2.762406,-1.928768,-0.08255668,1.310062,-2.539674,1.137789,-1.589806,-1.264169,0.5567294,-0.03190102,-0.08923383,-0.337143,1.337682,-1.730627,-1.757157,-0.7029434,0.05604159,1.274088,-1.645071,-1.219204,-2.14474,1.69288,0.9028411,-0.436966,-0.514831,0.4199211,1.240321,-1.585601,0.3039507,-1.279866,0.625744,0.894174,-0.3200648,-2.464082,-0.3497159,-2.015723,-0.698015,-1.133654,1.469682,0.4130422,-1.157528,-1.174933,0.4571543,1.312771,-1.100227,-0.7116642,0.3954262,2.993152,-1.944477,1.581341,0.1931817,-0.2301193,-0.6229094,0.3755278,0.4913309,-1.010554,-0.4071206,2.22661,-0.1933707,-2.609284,-0.5884409,1.015967,-0.006993007,1.509583,1.30339
-0.7283331,-0.759324,-3.098602,0.5988915,1.79724,0.7787979,0.8189906,0.9160743,1.122895,1.725048,0.006727874,-1.18126,-2.984451,-2.838151,-1.864751,0.02950689,-1.746085,-3.310843,-2.938957,0.08924302,0.4326196,3.254079,0.8759059,0.8758129,1.822264,2.093987,1.03692,0.3031946,2.128197,2.499978,0.7805175,-0.9065522,-0.9714882,-2.962892,-3.019456,-0.4758218,2.201952,1.774296,2.066026,0.8583589,1.266389,0.9623728,0.2891009,0.8493681,0.6081897,1.390099,-0.3023233,0.0048922,1.934693,0.260343,0.6552936,-2.162701,-0.1589212,-1.569753,0.4722608,0.8747829,1.446889,-0.5150592,-1.770352,-0.9202939,0.2644717,-1.225791,-2.26834,-3.771449,-1.153854,-0.9216679,-0.4026985,0.7707938,2.364675,2.130339,0.7430877,-1.55984,-0.5953579,1.948031,1.187603,-0.07590088,2.231809,1.543953,1.109077,0.08121048,-2.463169,-0.2167707,-1.506593,-1.245267,-2.253592,-0.9724777,-0.7363085,1.014631,-0.1124929,-0.02842861,-1.245632,-0.3104193,0.2673087,2.036516,2.133741,0.7877414,-0.8437374,-2.815952,-0.00272575,1.397648
-0.359395,-2.711293,-0.0789025,3.186865,1.547077,0.4520492,-1.446303,-3.243366,-0.2992164,-0.2911172,0.2138868,-0.1511046,-0.2171518,2.917146,1.170538,-1.349951,-1.857158,-0.5735796,-1.165723,1.193943,-1.608627,0.5977844,-3.179856,-0.2795129,1.166266,1.313581,0.293389,0.3591354,-0.3285114,-0.07629327,0.908999,1.439936,-1.152182,-0.3200019,-1.260745,-1.988129,2.589195,-0.2496261,-0.9194208,-0.09852748,0.1864891,1.927037,1.986019,-1.897613,1.695574,-1.843993,-0.3343256,0.3790817,2.44288,0.122767,-1.558793,-1.290184,3.696151,0.532872,-0.9280164,-0.0515609,-0.4805962,2.581147,0.7536931,-0.8044977,-0.430927,-0.6018242,1.085282,-0.2056377,-0.4868649,-1.064794,-1.106351,1.222376,1.624234,-2.007236,0.9586677,1.204366,1.4053,-0.4751964,-0.4878077,-0.9575996,-0.3318323,0.7516558,-0.6291224,0.3055853,0.6754634,-1.166389,0.2811803,1.268146,0.6175908,-0.08370732,0.07918793,-0.6075574,0.8277161,2.714131,-0.8420059,0.009322416,-2.772102,-0.5021349,0.4880456,1.250058,-2.830545,0.6642005,-0.1772508,-0.9238511
0.8709486,0.5647629,0.07660712,-0.1488299,-0.9165096,-0.4023505,0.09070066,-0.9354437,0.8333036,-0.3065886,0.3649889,1.124492,-0.8108907,-0.4246174,-0.5450532,-0.1617252,1.480043,2.311529,-0.01318212,0.903747,-2.190353,1.390095,-0.4246823,-1.849377,2.393544,-2.167625,1.535914,-0.292211,1.282389,-1.191422,-0.9682691,0.7203553,1.248083,0.5605733,1.167966,-0.2473156,1.03205,0.9591207,0.7786486,-0.2724034,1.387034,-1.363924,2.963337,-2.437198,2.517247,-1.907404,1.976463,-0.9502568,0.1665105,-0.9630633,0.9292341,-1.610547,0.07184993,-0.1110283,-0.1613302,-0.8472266,0.6749144,0.3843081,-1.40414,0.0198742,0.6894965,0.1007382,1.055066,-1.719771,0.3304343,0.0604443,0.751138,-2.394948,-0.03739138,0.9318114,-1.143185,0.05380158,-0.4589458,-0.6693197,0.8253084,-0.3734477,0.6312045,0.1515269,0.4648872,-0.5213077,1.11036,-2.424259,0.4751748,-1.209999,1.843569,-0.3670111,0.805602,-0.9430161,0.8980551,-0.4012664,-0.4680926,1.828901,-1.343253,0.278594,-2.555061,0.8660476,-1.257939,-0.5991763,-0.1342524,-1.886184
0.8700753,-1.465257,-0.7516192,1.441475,-1.454305,-3.933638,-1.318402,-1.983242,-1.691854,2.888319,1.678782,3.164846,1.733363,0.4609643,1.81177,0.6814851,1.457528,0.1756017,-0.4311703,-1.083292,-0.7443966,0.91008,-0.2397939,-0.6456349,-0.2596709,1.844022,-1.485985,-1.487439,-2.490769,-1.99496,-2.296264,-2.00233,-0.4869756,-1.115235,0.7125366,2.663837,-0.9228991,-1.691718,0.07088141,1.239653,2.276687,-1.516651,-1.081102,-0.7470303,-0.06693469,-0.3706234,-1.392224,0.09177919,-1.976572,1.606003,3.167595,1.594946,1.276382,2.354236,1.190595,3.284409,2.023468,0.7092938,-1.001186,-0.375442,0.6354586,1.38151,0.4466157,1.263845,0.1315382,0.9847353,-0.6044179,2.293234,2.048754,0.3206031,2.860545,1.050777,-0.3942218,-1.537628,-4.628586,-2.559575,-1.556892,1.833764,1.02676,0.6751372,2.546496,1.555464,1.709619,-0.192315,1.136086,-1.310138,1.143134,0.9511392,-1.503023,-2.185539,-3.10082,-2.987506,-2.782058,-0.04189752,-1.405264,-0.6944324,-2.705657,-0.6299834,0.6333891,1.315353
-1.473229,0.03697142,1.416408,-1.240129,-1.725463,0.3368842,1.019103,-0.5995915,2.218734,0.5765536,-2.192482,-0.7375723,-2.457057,-0.3301242,-1.057092,-1.473999,1.185922,1.092106,1.443455,1.04131,0.5362713,-1.730318,-0.1312743,2.133833,1.409856,0.242083,0.5639575,-0.205303,-0.9566092,0.4354475,1.560114,-0.14685,1.089411,0.527705,0.8423589,0.7100548,-0.8500304,0.07346255,0.4448184,0.3144227,-1.292768,-0.837419,0.9467854,1.892216,-0.01582456,-1.63364,0.1960141,0.00117439,-0.01033621,1.234415,-0.575649,-0.4496292,-0.6745685,-1.178905,-1.378706,-0.5770161,-1.440634,-1.203946,0.1314267,0.2969076,1.115857,-2.212404,-0.7778347,-0.4630635,-0.4046803,0.9676031,-0.2104377,0.4866849,0.4259201,-0.9894886,0.7938639,-1.157754,-2.604212,-0.595635,-0.599006,1.704489,2.321698,1.914056,-0.8874513,-0.08217779,0.3535949,-1.845596,-0.8301994,-0.61283,-1.274446,-0.2401208,2.107593,0.4459192,1.250554,-0.474906,-0.06214696,2.936941,1.189149,2.045401,-0.6020607,0.3624586,-1.549026,1.535052,0.2042092,-1.059584
-0.725984,-0.8219928,0.287701,-1.967509,-2.003552,-0.7872752,-1.845826,0.9244627,0.920585,-1.170285,1.165733,-0.7115241,1.921138,0.5386121,-1.038077,1.516714,-2.249911,-1.640551,-1.240511,-0.8948474,0.8253912,-0.708341,-0.9799784,2.86015,-1.355108,0.9948423,-1.329666,-1.208672,0.4563015,-1.346211,0.2120184,1.563478,-0.007945593,-0.406233,1.722627,-0.7756138,0.6319611,0.1366462,0.8881742,-0.9325564,-1.06647,0.1761169,1.609713,1.228609,-1.069773,0.1722871,2.241433,-1.413208,2.576063,2.789907,2.13425,0.7220644,-0.008822317,-0.5464665,1.388835,0.2884353,-2.242862,-1.691155,0.490159,1.241549,-0.8108943,0.8111055,-0.5621676,1.162987,0.6040013,-1.268964,-1.173781,-1.138949,0.6153606,2.039703,0.5878166,-0.9517919,-1.068042,-1.927639,0.9013515,0.556484,2.287598,-1.505495,0.1967885,0.8576692,0.6736528,0.5454773,0.2458767,1.03243,-1.663286,2.760616,0.3041638,-0.277408,-0.6620289,-0.8992127,-0.4105138,1.387183,-0.09730875,-0.5584595,-0.8078794,-1.181045,1.268139,0.6533514,1.119357,-4.085279
0.0162819,-1.071491,-0.1542318,2.92239,4.253828,-0.9658434,-2.858378,-1.525877,1.890939,0.8184028,-2.484798,-2.367008,-1.584443,0.4557272,0.1352827,-0.1019492,-1.138258,-0.6385103,2.081569,2.843491,4.063097,2.626245,0.8746254,-1.107302,2.726661,1.110877,-1.146373,-0.8895156,-0.8596656,-1.07758,-2.619152,0.3413111,-0.4079823,-0.5169531,2.489268,3.324513,1.793197,-0.583719,-3.256246,-2.288561,0.3753412,1.316955,2.546717,-1.237428,-2.036244,0.7376521,-2.919631,-5.091336,-0.2824655,0.3011732,-1.359525,-2.33506,-0.6328537,0.46291,-0.1797058,-1.440652,-0.2284975,-0.9739944,-1.008075,-1.974855,-2.229125,-0.1596771,0.4673991,0.8151384,2.531291,0.1380909,-0.01936239,1.795877,3.183859,0.7755078,-1.977458,0.2679797,1.224609,0.0462321,1.24286,-0.0245333,1.313419,0.6781868,-2.016916,-0.7217167,-0.1597231,0.6048168,-1.236023,-0.01565921,0.3795264,-0.2961054,-0.2499453,-0.3517059,-0.7209588,0.328775,-0.08439597,-0.07174784,0.3756009,1.063724,4.892733,0.4131426,-1.586421,-2.380699,2.076504,0.5226131
0.576584,-1.198738,-0.9846368,-0.769291,1.885777,2.307898,2.260547,0.690412,-0.09706479,0.8514283,-3.434729,-1.40079,-2.917603,-1.042355,2.297722,0.5365504,-0.07159895,-1.776141,-0.8544835,1.118216,0.7234199,3.559363,1.849607,-1.083413,-0.8174994,1.982355,1.503349,0.2409818,0.8750023,-0.2405938,-0.6817483,1.160989,-0.2523983,0.3062826,-0.7023216,0.8508371,0.4170236,2.430951,0.6573024,-2.094214,-3.799133,-1.478481,2.40885,0.04659688,0.4385812,-0.4401124,-1.204541,-3.447653,-2.759432,0.8112003,-0.3196139,-1.669943,-1.948424,0.8636707,1.15817,-0.2286203,-3.227642,-2.033045,1.54327,1.791395,-1.136261,-1.960946,-2.21294,-0.07622665,0.504201,0.8527802,-1.736698,-0.7959309,-0.06704068,0.1957865,-0.05928385,-0.2629217,0.05214325,0.3040497,0.2764145,2.060712,0.3475263,0.9100559,-0.7705407,-2.073352,-0.8798079,-0.7571692,0.484236,-2.139316,-0.138409,0.3852783,0.7916914,-1.463576,-2.585741,0.008466423,3.306128,1.91044,1.28478,-0.1786405,0.3420326,4.883743,1.7919,1.582996,0.7541831,1.097167
0.9254665,-0.7433735,0.5692751,0.4514588,0.7238086,0.6061735,1.220732,1.086897,0.2814452,0.1225498,0.8808401,-2.374765,-1.470401,0.9277329,1.942539,1.871739,1.025592,0.7675429,1.397317,0.7075956,-0.2442595,-0.8602009,1.311128,0.9996001,-0.9739684,-1.695723,0.8014278,-0.899637,1.250838,0.8519452,-0.06393343,1.519836,1.396323,1.502633,2.732385,2.603718,-0.4801994,0.4895526,0.686942,-1.17992,-1.200582,-1.564892,-2.469146,2.099556,-1.088772,2.181106,-0.3362324,0.3863049,-2.189829,-2.820394,0.9197364,-1.91439,0.01001411,-2.889461,-0.3496413,-0.7171256,0.551291,-1.406847,0.4096279,-0.6639938,2.162288,-1.044525,0.0890221,-1.027772,1.557811,1.808715,0.4857504,-3.82139,-1.193187,-1.042254,-0.748138,-2.32707,1.406253,-0.7428157,-0.07239319,-0.5692535,-1.367865,-0.5550154,-0.4475897,-1.788751,-2.986711,0.602523,0.3261918,1.076113,-0.9405122,1.00348,-1.818693,0.5239369,-2.235687,-1.585478,-0.1680501,1.176862,1.705968,0.1144556,-2.052996,-1.506864,2.147277,3.683896,2.196587,0.3608964
-1.904066,1.757559,0.2534187,-0.25233,-1.048674,0.2879232,2.015181,-2.106031,0.2513574,1.422655,-1.634597,0.2650865,-2.100019,-2.227895,-1.846886,1.445009,-1.336746,-0.3815199,2.113013,2.257901,-0.07388966,1.889645,0.03900327,0.7752132,0.6434435,0.5709558,-0.2436747,-1.007763,0.7014157,-1.851273,-0.1494676,-1.076846,-2.365136,1.601054,-0.479696,-2.855068,-0.542133,-0.1759575,-0.6291729,0.4033626,-0.5586459,1.348852,1.390427,0.603871,0.3489834,1.124939,-2.461773,0.5880314,0.4390079,-2.106411,-1.066474,-0.620422,-0.4400146,0.5638741,-0.4139975,-1.693756,-0.7527611,0.4034577,-0.1202882,-0.05185468,-0.8533872,-0.8672296,0.5304735,3.626289,0.6632324,-1.395257,1.109549,-0.7488325,2.608593,-0.06743018,0.2063388,1.921787,0.9029773,1.481731,-0.2784622,0.2327922,1.605894,-1.666942,1.769897,0.03305607,0.2284795,1.397084,0.3149362,0.4462927,0.5669091,-1.73289,-1.246399,3.331022,-1.4407,-1.261047,0.5998355,3.296253,1.026249,-0.4569649,-0.9084599,-0.9237267,-0.6415879,0.567437,-3.482143,0.5749474
0.4815732,0.07798387,-1.535926,-0.1140742,0.7380729,-0.0552052,-0.6548991,0.7840934,0.8074535,0.7956182,-0.4537955,-2.384183,-1.541898,-2.797986,0.2930889,1.661522,0.2602257,0.1290567,1.236278,1.988728,0.3259572,0.8612751,2.904404,-0.2950909,-0.7783825,0.2690251,1.036528,0.08427091,-0.7836455,-0.7584655,-0.624688,-0.7944821,0.4938819,-0.3540046,0.6766109,0.1856655,0.8932871,1.700701,2.209495,-0.1952318,0.4823119,-0.2804684,-0.8406519,-0.2085149,-1.374063,-1.271761,1.544458,-1.04605,0.9657839,2.13289,3.537299,1.217759,0.7508049,-0.1338787,-0.9045064,-1.91373,-1.464769,-0.8075637,1.692425,2.135912,1.237791,0.5364459,-1.895669,-0.08220457,2.565092,1.246877,1.819563,0.6076158,-2.152647,-2.78663,-1.500917,-1.71687,-1.964001,-0.3561818,-1.775087,-0.7828372,-3.167053,0.7788499,-0.5516545,-0.6580645,0.5438885,0.1234823,-0.6802181,-0.5043769,-0.04280526,-0.09739505,0.007464301,-0.2154172,1.325664,1.042597,-0.8839557,-2.068051,-0.8397626,-1.119841,-1.676941,0.4574614,1.995616,1.476893,-0.4765689,1.243323
-1.259446,0.6144617,1.109844,-0.2194737,-2.136979,-0.314843,2.302486,-1.474553,0.1909826,0.4760472,-0.972472,-0.9548356,-2.39804,0.9486802,-2.154776,0.7466934,1.026882,-0.4360306,-0.97254,2.872132,2.125966,1.521661,1.062119,4.040173,0.2484832,-0.8719059,-0.8805966,0.5680955,0.9506024,-1.230287,3.084877,1.363637,0.6834804,-3.296976,-1.482996,2.780627,1.195523,-0.4091479,1.548296,2.780752,-1.688242,1.236824,-2.564029,-1.02409,1.111105,-0.9762658,3.002892,-1.162952,-1.554086,-2.499474,0.4938764,0.7293753,-0.4826231,1.191089,0.5255577,-0.6571496,-3.907576,-3.347284,-4.111002,1.451463,-0.1559848,0.880531,1.828874,-2.542032,-0.2934645,0.7197983,2.977073,0.9778855,1.854207,-2.169623,-3.34479,-2.764596,-2.395003,0.399802,1.295617,0.5113587,-0.48913,-3.708488,-0.1781955,1.066705,1.250573,3.311736,1.403707,1.412905,1.090649,1.10773,1.706833,-2.841189,-0.7211267,2.458854,0.9767262,0.4734635,-1.949555,-0.3761017,-2.631395,1.502157,1.427171,0.869619,-0.3159546,-3.171361
-0.8712608,0.3304918,-1.387665,-1.722148,0.659348,-0.1060822,1.245658,0.5260347,-0.3403931,-0.9038029,1.68893,1.418756,1.654496,1.175569,-1.114084,-0.9528978,1.821663,-0.02878841,-1.397768,1.344187,-1.908965,-1.205494,0.02788348,2.680099,-0.229552,-0.1885434,1.069174,-0.09861215,-1.429634,0.007086372,2.290073,0.8670307,-0.7028501,-1.634831,-0.09330513,1.314228,0.03002009,-1.474533,0.3694889,0.7137154,-0.02071124,1.809059,0.7138413,2.562484,-2.386458,-1.740102,0.9508169,-2.193929,-1.726654,-0.6417165,1.786697,-0.03033855,0.768886,0.05773016,1.11008,1.172413,0.1341424,-1.113149,-1.945743,-0.07737289,2.102564,1.790521,-1.186095,-0.7049773,-0.6285379,-2.350994,2.773269,2.817918,2.12749,0.9913613,0.9720795,-1.190106,-1.782701,-2.363791,1.141459,1.013873,-1.641152,0.8452655,-0.2162537,-0.2751935,-0.006250421,0.7448802,0.345734,-0.5584151,-1.340987,2.087292,-1.096151,-0.5254477,-1.411469,0.8926659,0.2845636,0.4280547,0.6832552,-0.6251709,-2.188872,0.06101339,-1.587895,-0.1082412,0.04028419,-2.987542
-0.2786835,-0.7472433,-0.5786119,1.456576,0.8998896,-0.6610762,0.4279422,-1.67702,0.03545601,-1.356977,1.597563,-0.9676737,-0.7293765,0.2392731,0.4757718,-0.04460919,-0.1691939,-0.2421486,0.1796812,1.346615,-1.160946,0.3215432,-0.08044201,0.5727366,-0.4569654,0.9289846,-0.9446692,1.074324,1.12594,-0.9092487,0.1036877,-1.936795,2.826976,-0.7527529,0.884541,-1.199673,0.5092334,-1.361625,-1.949575,1.524519,-0.2504925,1.379388,-0.1201032,1.4073,-0.4361079,0.1493151,1.166782,-1.323898,0.5892703,-0.09123063,-2.491302,0.2911102,0.5370235,-1.439424,1.147566,-0.8367902,0.1852653,1.329516,-0.2820638,-1.342956,0.9447682,-1.556491,1.702643,1.865029,-1.40048,1.048243,-0.6397624,-1.655881,1.00224,2.271269,-0.3211012,1.859369,-0.3790075,0.970365,0.7286323,-0.8412544,-0.5687483,-0.2737744,-0.2069072,1.186062,-1.465193,-0.4858191,1.745418,-2.684102,-0.381237,-1.413978,1.312751,0.656518,-0.8263814,1.803042,-1.307481,2.407228,-2.556708,1.702278,-0.5813155,-0.3743205,-0.5898617,0.2564221,1.370426,-2.217013
-0.1677721,2.103472,0.8251903,-0.9618417,-0.4974287,1.653242,0.5233188,0.4313057,0.883327,0.9612242,0.2864404,-3.08099,-1.075719,-0.8142337,1.072241,0.5356965,0.1719865,2.313818,2.722691,0.08932123,1.895603,1.184769,0.8201065,1.685657,0.2587981,-1.481434,-0.2795639,1.289065,0.5327083,1.098918,0.550335,-3.485655,-2.159944,0.1768279,1.268956,-1.131281,0.2770615,-0.6023582,0.03945181,-0.6773202,-0.6188837,-0.5687708,-1.021182,1.604136,-0.9514632,-0.9602376,-1.990028,-2.066642,-1.460373,-1.906777,-1.109832,-1.244162,0.3765907,1.048993,-1.44293,-1.80264,-3.057455,-0.8778296,1.066974,-0.4295755,-1.762701,-0.6647243,0.1495816,1.031064,0.1645356,1.821249,-0.04540619,0.830842,-1.396037,-0.02197888,1.793194,0.7479383,0.1782074,-0.1299804,0.5325106,1.016531,-1.048812,0.6854837,0.5505248,1.127424,1.501738,0.2447746,2.208093,0.9133351,-0.8523092,0.7037978,-1.596104,0.4491529,0.5623847,3.299021,0.3002958,0.5483321,-0.2839212,-1.429393,-0.03427199,-0.5235965,0.5442094,-1.335874,-1.503727,-1.099293
0.9901593,1.0228,-2.049747,-1.072169,4.262119,1.373404,1.428699,0.6244002,-1.997197,-1.673664,-3.302691,-2.04704,-4.958869,-2.28312,-1.572872,-1.47216,-0.3128152,0.3420715,0.4997683,0.140659,-0.8682809,0.7743083,0.2396694,0.04047272,-1.223752,-0.2997533,1.208869,-2.203774,0.01647219,-0.4907704,2.147788,-0.05688083,-0.6990371,0.4817355,-1.880486,-1.057446,-0.1621357,0.09060496,1.446165,1.142036,2.114139,3.173742,1.559112,0.2052677,-1.780486,-0.2908893,2.322236,-0.03895962,1.563554,0.812532,-0.4587915,-3.482672,-2.545264,-0.002860725,-1.251526,1.809711,0.2913539,0.4410062,0.4666356,2.447,0.1623378,-1.713814,-2.033498,-0.956202,1.814872,2.057508,1.683477,-1.567892,-1.724332,0.5654236,-0.01355633,-1.116886,0.7584344,1.923501,3.718279,2.124042,-0.1075611,0.03725624,0.5924278,-0.14452,0.7415956,-2.764165,-0.5072091,-1.361801,1.079899,4.00438,-0.9508272,-0.725832,1.67644,0.1668043,1.268241,-2.210306,1.321753,-0.976714,1.122147,1.848095,-2.424499,0.7465132,-1.525656,-0.5305288
-0.3509175,-0.9192877,-2.057602,-2.65467,-2.41003,-2.518014,0.05550826,1.398277,3.296853,0.4094949,1.98014,0.8316609,-1.786979,-1.406811,0.2307077,-0.4010253,-0.1374769,-0.2487549,1.306367,0.3329309,-0.8454676,-2.676702,-1.563795,-2.639356,-0.5655711,-0.7938919,0.7822894,0.642289,-0.8624137,-3.15882,0.3246249,2.619313,2.061581,2.56979,-0.0489285,-0.9031518,-0.4763519,-0.9661703,-0.4919146,1.138569,0.3602815,-0.1920915,1.741207,1.405476,0.3701004,-0.6372862,-0.9069117,1.839954,1.205011,1.283561,0.2543618,0.9778538,-0.5543315,0.2053595,-0.4889369,-0.03822339,1.350662,0.2445778,-1.188669,-2.246763,-0.5331381,-0.08014503,0.3488897,-1.637651,-1.800524,1.067996,-0.9352965,-0.5768804,-0.133778,3.670546,2.008293,0.2401751,-0.5817951,-1.520737,-1.000431,-1.415472,0.2719377,-1.304144,-0.1858869,0.9361119,1.615545,0.428947,1.674934,-1.20006,-0.6582456,-0.5158505,-0.2395139,-0.7097832,0.2512353,-1.996837,0.6757835,0.2903269,-0.673548,0.8678107,3.299312,1.651775,1.133754,0.5279985,1.155024,1.501838
0.7273435,0.593926,1.245013,-0.7550427,0.4843026,3.055883,-3.014038,0.8000039,2.149206,-2.752161,-2.525322,-2.791438,-1.694193,0.6178624,0.356067,0.798957,-0.8219216,-0.6854557,-1.067762,-1.937208,1.697057,1.28664,0.7164611,0.2767692,1.185858,-1.000136,0.8869218,0.4466921,-1.267204,0.03677008,-1.70839,-0.783117,0.1368316,-2.127675,-3.83949,0.7495351,-1.500933,0.2133875,2.455404,-2.952834,-0.5169443,2.002855,-0.1968524,-1.931752,1.23875,1.839279,0.1173903,-0.7790204,-2.406993,-0.4875822,0.4837981,-0.03095633,-0.4424599,-1.690806,-2.718097,0.3325141,-0.8567016,-0.8177823,1.178611,0.358344,-1.14113,-0.07497725,0.9474075,1.228335,-0.7583641,0.9374751,0.6281779,1.060818,1.232662,-2.829125,1.080554,0.2941723,2.688684,1.800156,2.426478,1.977544,2.37877,0.5796738,0.1944772,-0.1113943,2.434632,1.746138,-1.620903,0.9156312,-1.197564,-2.612111,3.519696,0.7588125,-2.95556,2.354553,1.661046,2.266944,-1.149444,-0.3521908,-0.9354665,-0.5530415,-0.332984,-1.742397,0.5437393,0.3419103
-1.153669,0.7557732,-0.8487267,2.289477,-3.709459,2.934549,-1.962255,1.714374,-1.095767,0.3712801,-0.8843521,1.224044,2.346385,0.7435643,-0.3388071,-0.198678,-1.066774,0.2922383,1.484854,-1.221529,-0.5814072,-0.3834664,0.4602324,-1.078177,1.285578,-0.4352984,-0.7628836,0.7834767,1.307938,-2.886255,1.533241,-1.559954,-0.6192759,-0.2192295,1.02303,0.496819,0.2941308,-1.606246,0.6574309,-2.643121,1.116828,-0.1591677,0.07190238,-2.109414,1.800395,-1.590542,-1.026865,0.7863764,1.063652,-1.169708,0.8802893,0.6697201,-0.6482756,1.053232,-2.472005,1.409786,0.9189153,1.557173,0.590118,-0.5570827,1.31494,-0.8367671,1.001512,-1.458112,2.179434,-0.216935,0.5994193,0.5719474,1.051182,-0.8260047,1.904202,-1.229599,-0.9793205,3.090022,-2.897835,0.8857309,0.12125,-1.055694,3.038067,-1.423893,-0.5102941,-0.1437019,-1.373455,0.9962527,-0.7056115,-2.408299,0.09160112,0.6986744,1.204257,-0.608426,-0.4613283,-0.4161122,-0.1148935,0.3233407,-0.4238505,0.9936218,0.4201881,-1.991057,0.4700208,0.1971126
1.079533,-2.401152,-2.414152,-0.5298423,0.5735844,1.944068,-1.693474,0.1643954,-2.662378,0.8315642,-0.9005092,0.02560648,0.9566499,-0.4961516,-0.3545371,-0.1642887,0.05367134,0.3737598,-1.404511,1.713396,0.7343683,-1.657096,-1.343503,2.046174,-1.384334,-1.134818,1.497199,-0.4069623,2.84675,-0.08405281,-1.410151,2.064273,-0.1374895,0.3638133,0.02667924,0.5365933,-1.450053,-1.26724,0.5381567,-1.111633,-2.030418,2.011357,0.7439916,-0.9136269,-1.036986,0.6340529,2.926555,-0.2433829,0.2625171,2.218845,-0.5067974,-3.203313,-0.239914,-1.408679,0.1856399,-0.513105,0.3454655,-0.428241,0.5688549,1.039833,-1.559694,2.297751,-0.9438087,0.9669401,1.091477,-0.7544526,0.5056937,-0.5771851,-1.248406,3.210096,0.6407583,0.5302703,0.7697965,-0.2399434,-0.07364518,1.136309,-1.428911,0.3487049,-0.1908659,-0.4771705,0.7551227,-1.076119,-1.287288,1.956066,-1.923491,-0.3858815,-0.2640102,1.179333,0.3576359,0.9977134,-1.857525,0.4276597,1.215678,-1.360805,0.4437421,1.288213,0.2575004,-0.3804519,0.1629786,1.115663
-0.5240448,-0.8464601,-1.751652,-1.266829,-1.536127,0.08873412,-0.7402394,-0.02731252,-0.5481477,-2.012352,-1.935022,-0.2828795,1.801557,2.266942,3.457437,-0.296153,-1.222833,0.9316887,0.6882472,1.67865,0.5022128,-1.263311,-3.171996,-1.734967,-0.0281972,0.7163266,0.2071761,0.8010902,-0.07032263,0.0009072125,0.7452306,3.507762,2.329481,0.118343,-0.7624358,-2.115103,0.3888275,-1.363021,-1.46592,-2.309503,-0.2281624,-1.557318,-0.8587096,2.446594,2.539555,1.686361,1.620938,1.235105,1.233296,-2.081982,-2.553427,-2.428533,-0.7391548,-2.13997,-1.403543,-1.335239,0.6681466,1.073205,0.1525982,-3.411462,-1.675633,-0.4853867,0.8866767,1.352157,0.383982,-1.27872,-2.443573,-1.139418,-2.389191,0.554242,1.619951,2.727989,2.218841,0.8765975,-0.6188965,-0.2986386,-0.1791969,0.7026309,0.2122284,0.9688987,1.222906,-1.381327,1.081443,1.46825,-0.6244526,1.051001,1.630486,0.7233547,-0.7016021,-0.5561678,0.7172633,0.5825158,3.117539,2.739503,0.802549,0.1674922,-1.827714,-0.6660614,1.145407,0.437993
-0.2779104,0.2325167,1.041415,-1.279656,-0.511497,-0.6083977,1.265624,0.07181428,0.1805985,1.979084,0.5435128,-0.3187829,0.09234984,1.335389,-1.212127,0.1781337,-1.956252,-0.0745302,-2.634329,-0.2056813,0.6258677,0.5638428,-1.154388,-0.5586967,-1.251263,-0.9046775,-1.138564,-0.5362626,-1.259731,0.4919685,-0.3399225,-0.6948104,0.6534838,0.921706,-0.07166691,1.096703,1.109836,-0.6194015,-0.484934,1.982596,-1.174655,1.209488,-1.700981,0.5212117,0.568712,-3.547804,0.1346594,0.1607945,-0.6865454,-0.8060393,1.085593,0.8886161,0.4804682,1.113971,-0.09447798,0.6891036,-0.5741442,0.2716064,-0.3702012,0.6157334,-1.373616,-1.185421,-0.1493396,0.3303197,2.224122,-0.2322644,0.6185265,-1.543722,0.2075606,0.2635991,0.02195822,0.9200565,1.508787,-0.3893698,-0.1987142,1.374861,-1.177342,1.643681,0.2028954,-0.08626495,-0.2575428,1.351193,-0.3091416,-0.07719389,-0.8743367,-1.130695,2.196749,-0.3550577,-1.299598,2.249869,-2.314279,-0.5099192,0.2005416,2.22915,-0.9942355,0.2733484,1.062685,0.6418824,-0.8735931,0.751793
-0.1682825,-0.7111829,1.915587,0.07535081,-0.04684491,-1.04436,2.759856,-0.2177451,-1.054089,-0.5155575,0.1487093,0.1661245,-1.901181,1.834038,-1.424807,1.000448,1.064395,0.4988204,-1.502325,0.1944265,0.07758032,1.057581,-0.6208198,1.307153,1.56952,-2.278619,0.3693843,-1.77753,1.678557,-0.206075,1.016534,0.5387304,-1.436116,-0.7339348,0.57276,-0.4876637,0.1478965,0.2934307,-1.087187,2.291235,-1.252371,2.821773,-1.671871,-0.552056,2.609479,-2.317867,1.67679,0.2141037,1.62444,-1.701866,2.0718,0.8720813,-0.3743045,0.5208876,-0.644877,0.816355,-2.474726,2.034472,-1.980998,3.456728,-2.723105,0.3942465,-0.8647659,-1.466548,0.2966195,-0.1937874,0.9585972,0.8707006,0.292254,-1.332759,0.4342443,1.034811,-1.259815,0.3695594,-2.438986,0.5959344,-0.2621998,0.2377869,1.334488,-0.3474982,-1.422656,1.105123,0.00259088,-0.04767261,-0.7295879,0.5397252,-0.2091287,0.2209258,-1.379467,0.6418393,-0.2819418,-0.9776626,-2.502108,2.321098,-2.590277,0.7862976,-1.801768,3.20635,-1.245901,-0.677329
-0.07061183,0.9145097,0.9678493,-0.9487859,-0.4955232,0.5068955,1.420008,1.223044,1.187058,1.583124,0.9997256,1.272415,-0.07460982,1.214109,1.467143,3.378085,-0.1093749,-1.025934,-0.3038101,-0.6714307,0.08335447,0.5657291,0.4284972,1.715163,-0.12076,1.370941,1.627421,-0.3199653,0.1250685,-0.3034681,1.002933,-1.102978,0.2725552,0.9971421,-0.2526239,0.7302514,2.390239,1.51253,0.7120565,-1.37974,-2.868526,-2.18417,-2.614153,-0.361462,1.273264,0.1248484,-0.3117204,1.577523,0.0449971,-1.35263,-0.4692647,-2.382849,0.6224337,1.683072,0.07362652,-1.501397,-0.8566706,0.7617559,-0.8428491,0.3816401,1.529572,0.2145349,0.0877735,0.2083409,-2.931128,-1.966499,-2.059785,-0.004165411,0.1870884,-1.815267,-2.292225,-0.8532939,-1.426714,-1.818765,-2.090442,0.6656724,-0.6955824,0.5274793,1.560158,-0.9686394,1.26557,-1.003504,-1.517097,-2.397407,-0.3178759,-1.997381,0.7882206,0.894082,-0.4059658,0.2035594,2.541044,-0.4534612,-1.830414,-1.484915,-0.5189072,1.088874,1.491915,2.808029,0.6162322,0.8855872
0.5826288,0.5525575,0.2569329,1.157664,0.06176538,-0.1347671,-0.7073468,1.021843,1.128395,-0.1118758,-2.349027,1.86138,-2.164004,-1.567738,1.34752,-0.05866634,1.723854,2.55244,0.4463248,0.8909436,0.1202902,0.5763494,-0.5846161,0.8807868,1.592424,0.8536147,0.5508527,0.7664683,2.546574,-0.6168955,-1.864766,-1.638179,-0.596733,-0.03186216,-1.190346,-1.414299,-1.596319,-0.4395164,0.9143931,-0.5814754,-2.766807,-0.9177909,-0.6153013,0.3398102,-0.5479206,-0.3035719,1.701648,-0.3956144,0.2804694,0.05696131,-1.474441,1.161455,-0.1887095,0.8238707,-1.553995,0.02921907,0.7943605,1.321234,-0.7170134,-0.6605887,1.903816,2.087649,0.8955608,0.6484222,-0.3278343,-2.661803,0.8924134,-0.6984038,-0.09960477,-0.3178612,1.00719,1.324219,0.4133655,-2.671498,-0.6492344,0.3274483,-0.5940939,0.01409174,0.180864,-0.4293306,0.996383,-0.2745779,-0.8744661,-1.737146,-0.9488722,-0.2415286,0.7499006,0.07268782,-0.7386448,-1.269223,0.1222279,-0.1900011,-0.972442,1.680061,-0.06110452,1.337267,0.6856276,-2.349381,0.9466822,0.7163332
1.138236,1.033362,2.67064,0.9987221,2.681899,-3.475893,0.6741217,-1.171473,-0.9646242,0.7400038,0.710056,-2.739007,-0.3958059,0.1581581,-2.607964,-1.452751,-1.12776,-2.028145,1.156566,1.269622,2.112746,0.8868262,1.452708,-0.2103574,-0.8284997,2.253256,-1.280742,-1.213317,-0.691451,-0.5120583,-1.811879,-0.7634242,-1.823339,-2.912867,-1.329037,-1.326598,-0.8409536,0.3679627,-0.6160588,-0.5182773,-0.6086854,-0.2040677,-0.3465986,1.247047,0.1786046,0.2310767,-2.697261,-0.01659441,-0.588818,0.3328537,0.1134703,1.142479,0.4295113,-1.849529,0.5238839,-1.149678,-1.549567,0.5691755,1.903343,0.08899951,-0.6320297,0.6777512,0.6254114,0.5059511,2.40976,3.138365,1.003693,2.167202,1.419749,0.2386751,0.1082484,2.445368,3.67432,1.377203,1.031172,-0.04218018,-0.4042674,1.074072,-0.8505024,0.7879342,2.079615,-2.499205,-0.9865212,-0.5354525,-0.1715946,0.6115443,-2.008818,-0.4115001,1.86975,-0.4463307,-0.2013937,-1.172894,-0.0756126,0.3683293,-0.8015636,-0.426089,0.7785782,-0.2683706,-1.831585,-0.03902578
-0.0007009506,-1.360727,-0.7711039,0.448846,-0.3361107,-0.4745236,-0.1150313,0.1484693,0.6602929,-1.163313,0.9615399,1.071366,1.511093,0.6307026,0.3392182,-0.1911104,-0.7686647,0.7654554,0.5472124,-2.080074,0.1333061,-0.6592246,-0.5803449,0.7775329,3.520466,3.002208,0.2793382,0.3062779,-1.446604,-1.90368,-1.148089,-0.2196062,1.891793,1.313221,-2.788826,-2.919219,-0.4562742,0.8919855,-0.3075853,-1.396132,1.112208,0.2994681,1.319078,-0.1244708,0.4527083,0.03187668,0.9346606,2.227444,1.004867,0.1745123,-1.281593,0.6919788,-1.544358,0.4313328,0.4475881,1.585485,-0.2357045,-2.231109,-1.395869,-3.044029,-1.596779,-0.4111825,2.69469,1.952291,-0.9665866,-1.692819,-1.457087,1.988915,0.656984,2.28299,0.7806494,0.05279827,-1.593463,-1.842936,-0.6901521,0.6781591,0.3388768,-1.961631,-0.716088,-1.728809,-1.092945,-0.4514949,0.3752803,1.594108,-0.5992205,0.1218774,2.484964,0.672928,-1.083107,-1.233775,2.28318,1.715695,2.78231,-0.6092968,-1.752788,-3.893821,0.4143716,-1.677276,2.472164,1.738569
-0.4873562,-0.4619469,-2.267705,-2.811191,1.703791,1.941608,-0.355974,-3.667058,-0.8567117,1.307896,-0.06675617,0.5928363,-1.950292,1.660474,-1.240593,-0.8921854,-0.6658045,0.4875306,3.620133,1.501513,-1.530579,-0.4104842,-2.446262,-1.612135,0.7317872,0.1805958,2.41961,-1.352515,-0.4065814,0.9664744,0.7152595,-0.2892876,3.753659,2.569949,0.9523085,-1.462065,-3.592514,-3.36588,-0.5578712,-0.2964275,-1.858259,0.6012114,1.364122,3.198856,-0.7028589,-2.518196,1.331909,2.34662,1.821682,0.9164013,2.284148,-2.704148,-3.449519,-1.05235,0.5359441,0.4479517,-0.2571481,0.8780331,-1.716469,0.1118187,-3.950726,-1.379515,-1.606755,1.657748,3.065628,1.551137,-1.829919,-3.325543,-0.6995615,0.5874293,2.991858,-0.2620316,0.06987992,1.57815,0.3170631,2.479394,-0.3354228,-0.2870556,-1.646137,-1.98092,-0.8082209,0.1957074,-1.321477,0.3434397,2.656216,0.3738371,1.174129,3.516015,0.1090365,-0.3543034,-1.080935,-0.3276994,3.220966,2.851467,0.7546488,1.867373,-1.944913,0.7107573,-4.177331,1.607585
0.5276664,0.3839567,1.97592,-1.410084,-0.8143345,1.180262,0.3339519,-1.369987,-3.077509,0.8869944,0.385288,2.095678,0.928247,-0.6526136,0.4165206,-2.724797,-0.8998255,-2.062276,-1.841535,1.69536,0.02081981,-0.368161,0.5562821,1.677619,-0.1239196,-1.586913,1.893271,0.4586073,1.192189,-2.299613,-0.5223717,-1.526103,-3.075095,0.9367211,1.195268,1.841005,-0.1948548,-0.487589,-3.083789,0.2141188,1.043576,-0.5859869,0.2488072,2.796636,0.8597123,-3.083959,-1.105265,-1.537064,-0.8919361,-0.3857742,1.607461,1.109271,-0.1560705,0.2210106,-0.6176977,-0.2594029,-0.3871116,-0.2130982,1.633627,0.6039841,-0.9057563,0.91142,-0.3791178,0.9744104,-0.9368265,1.38504,3.997577,0.3822829,-3.989961,1.674966,4.060486,0.9031387,0.06463742,-2.623943,0.02693361,1.450299,1.770954,0.4406394,-1.714229,-0.7439885,-0.1292766,-0.3989251,0.4772135,-1.023849,-2.39888,2.956166,0.02687359,-1.225412,1.674599,1.744532,-0.3169888,-1.278017,2.693191,-1.524522,-1.363874,0.7495078,0.3831372,0.5842055,-1.425435,-0.5283063
-0.688113,-1.637477,-1.033219,2.042631,-0.7313779,1.100934,-0.7049673,0.7674297,1.797393,0.6182829,0.3142637,-0.9596759,-0.6301689,-1.156995,-0.9266986,-1.088268,-1.210447,-1.620713,-0.1384005,-0.9780778,0.9058776,-0.83259,2.915429,2.163576,2.308336,-0.09435607,-0.04333438,4.440487,-0.9324956,-0.5262798,1.594831,0.09289421,1.839736,2.733508,-0.5549007,-0.05939405,2.037069,-0.4501039,1.197315,-0.2908217,1.964565,-3.195761,3.298173,-1.50424,1.433627,0.5699795,-3.844618,-0.6520684,0.2993608,-1.636661,-0.480873,1.273278,0.3052014,-1.758179,-1.933222,-2.03977,-1.021512,1.13081,1.274104,-3.177498,-0.6176501,0.1197713,-0.5192503,1.046721,-2.091699,1.370017,1.073552,2.251834,-2.666779,1.19412,-3.602464,0.2333003,0.893047,1.056769,-0.7957357,-1.574387,1.397245,-0.3716176,-2.288702,0.03844607,0.8648022,1.664491,-0.571622,1.131505,-1.883215,1.233463,1.334814,-0.2598662,2.270153,-2.487822,-0.3510496,-0.1108601,0.1002287,-0.1845026,-0.2654287,-0.3881769,-1.895863,1.080127,1.941231,-1.254757
2.849921,1.096293,-0.1803746,-0.2301692,2.341225,2.692804,0.983567,-2.89709,-2.884389,-2.422182,0.4048424,1.451381,0.7735921,0.5403284,0.3867262,-0.05358339,2.340377,0.4484519,0.9900334,0.9044226,0.1479085,-0.3265557,-0.04132206,-0.5876657,-1.517836,-0.6236717,-1.95953,-1.759444,0.4903693,0.6793362,-1.570179,-1.965089,-1.534823,0.2790132,0.6760468,0.2116755,-0.9139094,0.3261217,-0.5980345,-0.7411577,0.258936,1.775409,0.8417722,0.6323028,0.00257618,0.1414621,-1.116388,-2.106854,-0.6366447,-1.365269,-0.9692485,-0.1107144,0.03319128,1.764146,2.103955,0.75475,1.60756,0.3506772,0.2126373,1.563435,1.061063,-0.06415857,-0.8178062,0.6186216,-0.4064924,-2.629161,-4.372416,-3.514316,-0.2023277,2.198611,-0.3107278,0.2554297,-1.287512,-2.682834,-0.799451,1.440746,2.17408,1.445436,2.128846,0.809799,0.185447,0.6908976,-0.7418917,0.4195629,-0.1559527,1.527739,2.640944,0.1071123,-1.021523,-0.160583,1.087132,-0.6803448,-1.380752,-1.306535,1.185334,0.6492956,1.028259,-0.2214052,-0.3876497,-2.455637
1.113347,1.637673,1.219296,1.238493,0.321696,-0.3253246,-0.4203537,2.351242,-3.013793,0.6745989,-1.551423,2.463484,-0.7211895,-1.308069,0.1885182,-0.9051282,-2.84625,0.5437834,0.4583289,-0.3139971,1.684544,0.7460065,1.554673,-1.7689,-2.638308,0.8962001,-0.2872742,-0.2400607,-0.8637241,0.09079991,0.1006054,1.90857,0.9615263,0.6899995,0.1963171,1.818706,0.2536448,-0.5072332,-1.325458,-0.9326195,-3.031653,-0.1021602,-0.2901401,1.606173,0.4538963,-1.116475,-1.522027,-1.277527,2.663028,0.8523355,0.1987363,-0.1926417,-0.8162525,-0.587067,-1.926205,0.882703,0.0453455,0.5016071,1.110191,2.881257,-0.3046871,3.633826,2.07005,-0.236839,-0.4475227,-0.294982,-1.350319,-3.119218,-3.221564,1.054429,0.1285226,1.044649,0.9878657,-2.040088,-0.6211255,-2.551819,1.416881,0.4203194,-0.1766128,1.629547,-1.940892,-0.2862028,-1.570251,0.08492328,0.4123361,0.5700061,0.133976,2.779933,-0.09611998,-0.4965116,0.495664,0.9321805,-1.105682,-3.116534,-2.306826,1.270201,0.7731519,1.259433,-0.08910166,0.7989353
-0.9528447,3.857604,2.462708,-1.915185,-1.274602,2.756879,3.444946,1.522751,-2.111672,-4.228478,-2.376524,1.302696,-0.8945078,-0.5877626,2.324454,0.004366025,-0.9872298,-0.06328239,0.3715465,0.3229416,-0.05211242,1.036797,3.549418,3.200086,-0.7334114,-0.304036,-2.42562,0.7312829,-1.087444,0.4549966,1.841465,1.828413,-1.718539,-1.197173,-0.8339534,1.6613,1.689637,1.050177,0.3920702,-2.257901,-2.058414,1.802632,0.7206712,1.114522,-2.223121,-0.665813,0.8715438,-0.8478712,-2.386666,0.843564,0.7399246,-0.232815,-2.943502,-0.5613391,-0.503162,1.637813,1.354538,1.28757,0.2357481,-0.1536838,0.2179486,1.994671,-0.3048188,-0.812768,0.7818662,1.187119,-0.1344793,-2.020256,-4.362701,-0.5442768,-0.6323658,1.968928,1.792373,-1.418617,-1.821374,-0.9841769,-0.9427655,-1.467456,0.4797758,0.7383881,-0.1812713,2.217695,0.441366,0.1403732,0.9708729,-2.079608,1.308309,0.8111577,0.3416885,-1.365082,-0.6414173,1.616701,-0.4493997,-1.643253,-3.113825,-2.527596,2.251639,0.7819157,0.9770216,-1.408694
-0.7007671,0.3401101,-0.1544416,0.9354625,-1.607309,0.3252311,-2.498363,2.778795,-1.981114,1.202103,-0.1990234,0.9412398,-0.5209109,0.08488593,-1.081758,1.373102,-0.2103,-0.9969859,1.369875,-0.2289597,-1.120241,-1.905998,1.974446,-0.7995415,-1.231901,-0.1340461,0.4402757,-0.2606617,-0.2359167,0.7813419,-1.847246,-0.2934965,-1.172396,0.8030862,-1.876526,0.5666527,-1.017865,-0.2584737,-0.651633,2.542174,-0.4546258,0.6660218,-1.064005,-0.2118817,0.4264521,-2.723606,0.05240345,-0.2211958,0.4321523,-1.728482,2.861985,-0.5383221,-0.4282757,1.283314,0.7108752,-1.906133,0.8376248,-0.1477487,-1.356414,3.111611,-0.0108331,0.5648869,1.028472,0.7613229,-0.7955177,0.3016327,1.553554,-0.08708395,0.4891959,-0.4630299,-1.077179,-0.1911511,1.088132,-0.2090052,0.716666,1.502052,0.2131983,1.10167,-1.354229,0.05454361,-0.3843914,1.227263,-1.014429,0.4040246,0.319344,1.821397,-1.442465,0.4751559,-0.6339663,-1.048742,2.031965,-0.06430887,1.39451,-1.437106,-1.34988,1.47831,-1.341087,0.2525895,1.301844,-0.2519812
0.1506795,0.4411872,1.233689,-0.3600089,-1.044497,-0.5330346,-0.05249071,-0.2670189,0.02104583,0.1525757,0.7163564,-1.539477,-0.3007707,-0.847945,-1.625822,-2.028881,-0.2326882,0.2215097,-0.04391421,0.874508,0.3409287,1.75611,1.219568,-0.1764258,0.4554484,1.072303,1.250031,0.7361473,-0.7769836,0.4268055,-0.7038427,0.3900505,2.555935,0.7459209,-1.17122,-0.7066913,-0.3610681,-1.012665,-0.6383604,-2.461124,-2.063794,1.439059,0.777041,0.3707086,0.07033065,-2.114765,0.04628615,1.01727,0.7477728,0.9187433,0.3644116,-0.1389477,-2.334057,-1.932436,0.740253,0.9951366,2.197325,1.179701,0.9044374,1.161345,0.2961494,-1.545274,-0.3645241,-0.2754009,-0.1557805,-0.5279471,0.4318357,-1.490476,-0.3824658,-1.578801,0.4071952,0.1003677,-0.2105113,0.8434715,2.00542,1.595475,1.983793,0.3042312,-0.8813895,-0.5784002,-0.4292285,-0.4504707,-0.3875268,-0.8418202,-1.362265,-0.02186485,-0.9324049,-1.115605,-0.1233403,0.776715,-0.9917687,0.1981826,-1.177263,0.4641891,1.373396,0.2151526,0.3254241,1.096657,0.9006071,0.2845727
-1.614731,-0.8864139,-3.236159,-2.614414,0.1389215,1.656848,-1.826586,-1.091668,-1.160879,3.513692,1.601296,1.66441,-1.232243,1.646605,1.765322,-1.088591,1.55048,1.178697,-1.668622,-2.932462,-0.1825956,-1.082493,-1.059945,-2.488189,-3.678824,-1.211142,-2.268145,1.174921,-0.1546666,-1.167679,1.221186,-0.1839117,-0.2096593,2.927242,1.538046,3.144878,-0.01431355,-0.6804094,1.216623,0.4967052,0.1828276,0.9343874,-1.899602,-0.01816867,1.826763,1.264973,0.8787519,-1.380136,-0.6872345,0.3941582,-1.138231,-0.9335105,-4.229841,0.1043067,0.441315,-0.6184853,-0.09156011,-2.521977,-4.320332,-1.410906,-0.706358,0.6243088,-1.14997,-1.595176,-0.7298266,0.2579777,-2.783001,-0.3689916,0.03875205,3.373786,2.147261,0.7374054,-0.4750334,-0.9154336,1.248589,0.6214061,-0.6676041,1.200511,1.708482,1.247783,-0.3094229,0.661361,-2.432166,-0.6364081,0.4074796,1.688292,4.251241,3.538656,3.323844,2.456213,2.92519,1.328801,-1.129271,0.5543883,2.238702,2.343212,-0.0579751,-1.742626,-0.3186162,-2.38439
-0.5083309,-0.8543748,2.028428,2.579834,0.6156039,-0.07802576,0.3691288,1.765239,1.105902,0.1616424,-3.47672,-3.020066,0.5738286,0.4236853,1.00485,1.551182,0.7603837,-2.190334,0.1922893,-0.3874316,-0.1022587,0.5075645,1.392759,2.645628,1.830249,1.357335,2.360648,0.2640788,2.595454,0.3842298,-0.6483378,-0.03931922,1.918414,0.6901765,-0.2622023,-0.2822353,2.118894,0.4884064,-0.2767157,1.559377,-0.0343895,-2.329947,0.2158138,1.90656,1.381771,-1.402562,-0.1236776,-1.016989,-0.3301067,-0.5697363,2.750336,0.7585199,0.7192141,0.09257245,1.005209,0.7480829,1.204127,2.405013,-0.02430338,0.8184577,-1.225996,-1.741414,1.472379,2.576621,-0.2835748,-1.01286,0.7846546,-0.300395,-0.7756744,-4.582383,-3.562543,-3.64245,-2.621094,-0.4431289,0.157169,-0.8755693,-3.321744,-3.025049,-4.400756,-1.779423,-0.2767257,-0.07684326,0.2615265,-0.1911971,1.335955,-0.4073366,-0.6307597,0.4219083,0.9477957,1.434219,0.6697364,-0.8488303,-0.0742262,0.827445,1.84052,-1.452208,-2.744443,-0.4266281,-0.8029699,-0.4965205
-1.007206,-2.873737,-1.545305,-1.951999,-0.2919598,-0.3300234,-0.6739422,0.7062102,2.122858,3.254633,2.279492,1.830861,-0.5909942,0.4912241,1.442796,-1.535344,-1.257079,0.1582928,-0.3568001,0.7159266,-1.116932,-0.933871,0.707889,-0.4016426,-0.341276,-0.8887985,-0.6195943,0.5324896,0.3971717,-1.348631,1.950225,-0.4566137,2.619088,1.312174,3.248511,2.067302,-0.9125425,1.323048,2.884777,1.436764,-0.04278341,-1.535851,-0.3151715,-2.366729,-1.303591,0.521851,-3.219462,-0.4396862,-1.966555,-0.548149,-0.5360415,1.337934,-1.056214,-1.843691,-2.742342,-2.006678,-1.899491,1.259806,-2.559646,-0.2554378,0.2293714,-2.251537,-1.595876,-1.586846,-3.18063,-0.1222487,0.9057691,-0.3222629,-1.370727,2.752128,-1.564028,-0.6704188,4.597119,0.5424553,-0.3996613,2.278296,1.120572,-0.9507074,-0.5870571,0.1333992,1.813349,-0.5367655,2.139207,-0.8145843,2.148588,0.5942258,0.4620429,1.966958,-0.3324954,-1.563075,0.06254973,1.191983,-0.8653875,0.7073832,-0.4978039,4.779106,2.146532,0.5868605,-0.595919,-1.879377
0.9626648,-2.09093,2.371273,-0.5167984,-1.166104,-0.2570614,0.5695035,1.065381,0.1921314,2.466753,-3.67374,3.352018,-1.37677,-0.02200651,-0.5389895,0.6275567,-0.5178413,1.720257,-1.086453,0.2028598,0.4352722,0.8908641,-0.5567259,0.4971453,1.454684,-0.538893,-0.6233664,0.4332548,0.952098,-1.458181,1.060728,-0.2894982,0.4853935,-0.8251162,-1.83656,-0.692449,2.476832,-1.637456,0.8336885,-0.6900856,0.418112,-1.300136,3.50381,-0.3854716,-3.085905,1.310517,1.07177,0.8176214,-0.639267,-3.368696,2.061,-3.430746,1.405858,-1.341067,-0.3363531,0.6061916,0.006002259,-0.2799614,0.5787386,0.2173949,-1.869359,-0.5535302,1.477872,-1.911386,1.839023,-2.140209,2.149277,-1.683614,1.584096,-1.718041,0.6510805,-2.22834,1.596233,-0.8829213,2.040707,0.4143583,0.7372682,-0.2050685,-1.715486,1.163603,-1.046976,1.319043,2.736335,1.200875,0.9191397,-0.8813552,-1.641357,-0.4015965,-0.3243732,2.345373,-0.9809693,-0.8837808,1.014891,-0.5474755,1.241383,-0.2296785,-3.777007,2.542357,-1.542782,-0.2923521
-2.700938,2.360861,0.8652758,1.735191,-1.040545,-0.8039981,-1.096235,-1.558557,2.029206,0.0108922,0.8576996,-0.7027446,3.395228,-2.576358,0.9938323,-1.735764,1.470368,-0.9298925,-0.1729542,0.07365619,-0.7776217,-1.026224,-0.9704372,0.6079779,-2.669428,0.3958896,0.06523971,-1.335928,-0.2420204,0.4433645,-0.1053506,0.5370557,-0.1915859,-0.6409071,0.8854153,-1.486418,-0.3684888,-0.08311899,0.2037058,-1.173128,-1.983542,0.4759365,1.198643,1.48361,-1.599644,-0.6793653,-0.7372678,2.509162,-0.04696968,-0.1144079,-4.159705,4.762414,-2.479165,1.257511,1.332969,1.690408,-1.742844,0.9165626,-0.4201846,-0.5290623,-0.5288362,-1.274697,-0.3606907,2.710192,0.48995,1.10825,-2.604691,4.350071,-0.4641552,1.587328,-1.782896,-0.1413404,-1.022814,0.8495347,-0.6655499,1.075508,1.937288,0.2342217,-1.617022,-0.02366628,2.125538,0.3486797,1.049163,-0.1405769,1.986312,-2.191853,1.746535,-0.8864594,-0.1396561,0.8676987,-0.7935004,0.6403494,-0.8071032,-0.1615514,-0.4809721,-0.8776028,1.080882,-2.662827,1.480485,0.283201
-0.3588753,-0.8870585,1.44263,1.45075,-0.4919561,-2.848785,-0.7854348,2.721191,4.737632,1.039802,-0.5970415,-2.000951,-0.5854014,-1.672244,-1.194354,-1.629191,-1.494827,-0.9180646,-0.6834286,-0.1275077,-2.278477,-0.8541498,-1.361114,-0.6402673,0.6888736,1.084999,-0.1444072,-0.7584335,0.5081483,-1.644023,-3.185112,0.3339619,1.05473,0.172589,-0.1616718,-2.292474,-0.1215337,1.028395,2.215488,0.7759512,-1.429877,-1.589859,-0.6759175,-0.3509341,-0.8521419,-3.047099,-2.888173,-1.122018,-0.5441805,-1.770304,1.472787,1.651488,0.7014996,0.07221493,-0.8862005,-0.3162573,0.9545511,1.284115,4.450656,3.132821,1.150371,-0.3969394,0.0805091,-1.515768,-0.8263238,-0.1875362,2.11948,1.54294,3.019281,-1.306655,-0.9019936,1.130081,1.239614,1.090617,3.167822,1.091992,0.2920479,-2.471038,-1.095572,-0.2571073,-0.9265684,-0.3855636,1.125195,0.9799045,0.9787955,1.269303,-1.42416,-0.2969523,1.835035,1.772311,-0.6106231,-1.923145,-0.004380825,0.7995301,1.987648,-1.518417,-1.040453,1.028391,1.58018,0.02262148
-0.03989308,-0.4132542,-1.170699,-0.0386057,-0.9475461,1.628879,1.172246,0.1266209,-0.6331996,-0.1859213,-0.9310742,1.429119,-0.07313154,-0.08787183,1.24704,1.853512,-0.05100235,-0.8741788,-0.7918134,-0.6268082,0.2976087,0.2794117,-0.4770719,0.8724257,-1.827946,1.278959,-0.9821429,0.582337,-0.7381184,-0.3644365,-1.150934,1.067167,-0.8658044,-0.6676602,-2.570253,0.8037848,0.1400979,0.3902385,0.9338866,0.3923519,-2.168445,1.216798,1.757567,-0.8478757,-0.02614168,2.164295,-0.8262165,0.9081565,0.4517906,-0.2447178,-1.075419,0.2905139,1.304195,1.344355,-0.3168274,0.2942716,-0.3775782,-1.046456,-1.832781,0.7292126,-2.789019,1.200425,1.213264,0.002426811,-0.6882075,0.3692237,1.250992,-0.2694744,0.8488442,0.7361575,-0.8488903,-0.48278,0.758397,-0.5338383,1.01448,0.3955784,1.731156,-1.525009,0.1912458,1.711944,-1.605509,0.7516601,-1.273019,0.7463751,-0.8754106,1.209599,-2.09447,-0.57548,1.139482,-0.7901239,-1.590864,1.036178,-0.173811,1.678502,-0.404548,0.4793476,-0.3210697,-0.1889194,1.171712,-2.291563
1.296414,-0.5454969,-0.6797723,1.147857,-1.150808,0.4531504,-1.50369,0.3670872,-1.479652,1.496342,-1.920585,-0.7506143,1.784175,0.466927,0.2636273,-0.04712671,-1.438026,-0.9672747,2.40935,-0.7693553,1.196691,0.8036461,0.4759742,1.61386,-1.163815,2.229543,0.8513854,-0.6868615,-0.8732585,-0.2814194,-0.3602395,0.5245143,-1.12868,0.7280405,-2.300286,0.2686618,-1.004749,2.973416,-1.860015,0.4572767,-0.1272768,0.6968027,-0.3385734,1.046651,-1.733285,0.8150436,-0.2209274,-0.5883569,0.1925505,1.68385,-2.590141,0.5077761,-1.76713,0.8715629,-1.124474,1.519347,-0.2877505,2.973867,-2.316977,2.739123,-1.634108,0.4541834,-0.0256585,0.2347859,-1.308047,0.9319985,-0.3897903,1.591197,-2.65192,0.1411363,0.8594781,-1.695509,1.316873,-2.020952,2.46004,-1.355347,1.956438,0.3982401,-0.7990602,0.7157115,0.1865241,0.1416118,-0.7777686,-0.5252026,-0.1093207,0.3169253,0.7869164,-1.366152,-1.178564,2.07003,-1.153811,-0.1061099,-1.063751,0.936924,0.8647712,-1.110245,-0.01235035,-0.8985424,0.8184005,0.1521317
0.6194509,3.902157,2.965493,2.48353,-0.4441513,-0.490192,-0.1671709,2.492002,1.734199,-1.754616,-1.568353,-1.518861,-1.427653,-3.821795,-0.8490918,-0.05779967,0.4864937,0.2182611,1.292205,-0.323373,1.451624,0.7354949,3.284724,0.9881244,-0.1025151,0.4335894,-0.9282058,-2.085204,-0.9185946,-0.991295,-0.6004909,-0.972832,0.464333,-0.4756246,-1.959748,-1.307784,0.7713151,-1.171215,-0.9771522,0.4375592,1.020303,-1.255696,-0.7597708,-2.693088,-0.1371562,0.6108545,-0.4108687,1.09203,0.7918713,-0.2871929,2.6369,3.890756,-1.960025,0.3151018,1.65064,2.761853,3.964076,4.117871,1.608481,-0.1530195,-0.3770932,0.641766,1.610186,1.96201,-0.5839689,1.016925,-1.131334,1.348465,-3.561944,-1.771514,-2.535205,0.9925371,0.3366975,0.8930713,-0.08943206,2.536743,0.6475983,-2.305338,0.3265693,0.4781868,-0.2094306,-1.502433,-2.880514,-0.983001,-2.856523,-5.518085,-4.217992,-5.207645,-1.719657,-0.648175,-0.5312989,-0.03248473,0.4963967,1.104771,0.01948777,0.8408148,0.2433707,0.4037221,4.092688,2.020304
0.1847079,0.4732451,-1.302752,-0.7255336,-1.073703,-0.4536669,-0.4004756,0.1353638,-0.9416417,0.229946,0.9290544,1.111746,-1.36109,-0.8426352,-0.2741764,-0.682254,-1.353537,1.509392,2.186879,0.09749687,0.525704,-0.09235428,-1.859026,1.224235,0.4993978,0.4523057,-0.7114564,-1.149088,-0.2863762,-0.02237957,0.04311701,0.9391415,-1.530448,0.4804627,1.423986,1.833978,-0.3110339,-0.1266719,-0.9152882,-1.743599,-1.936861,1.752814,0.6853727,0.1947542,1.238173,-1.503201,-1.445543,1.173293,0.8045493,-0.4611968,2.405273,1.957103,-0.478723,-0.9244254,-0.6512568,-1.287333,-0.8544883,-0.2837865,-0.6997986,1.026493,0.1368352,0.5170814,-0.6936147,-1.686719,0.5969837,1.468567,1.119303,0.1448674,-0.1095336,2.211641,0.2598707,-0.1968848,-0.4973347,-0.3393696,-1.029872,-1.01564,-1.171097,1.189611,0.4652695,0.5434493,-1.931866,1.592013,-0.06179142,0.9284123,0.4840388,-1.50771,-0.2405348,1.094454,0.08408228,-0.2359977,-0.4829932,1.333991,0.7492395,-1.153695,-0.8807123,1.939965,1.258887,0.1716377,-0.3097501,-1.577268
-1.511451,-2.236474,-1.065818,0.7969723,0.5715067,-0.1171494,-2.905721,-0.9359626,1.955544,2.633796,1.561705,-0.2031777,0.379478,-2.084586,-1.053793,-0.7114773,0.3486845,-1.870009,0.1781994,0.09224352,0.6718036,0.6695988,1.132423,0.2389319,0.2636651,2.66934,1.873356,-0.9556247,0.3862882,2.224405,0.3252932,0.3339277,1.195084,3.114061,0.5176609,-0.01765779,0.1643526,2.170093,-0.3290183,1.752776,-0.05037034,0.6413572,-1.528066,-0.8083875,-0.1291082,-2.454569,-0.6874336,-0.9057641,-0.06304619,-0.5699689,1.085638,1.518341,-2.178756,-0.05331287,-3.079202,-2.976147,-0.1993558,-0.8666337,1.113111,-0.1241408,0.4650656,-1.682557,-2.241367,0.2291825,-1.209799,0.6922327,0.6807621,1.734481,1.806351,-0.04260179,-0.8824672,0.9003329,-2.612959,0.6239103,-0.5074359,1.48338,-0.3229109,-1.64649,-0.3308767,0.1007383,0.6069456,-0.1156285,-0.4767915,0.5607482,2.14016,3.125612,0.238295,-3.528747,-2.320402,-0.2967077,0.7120113,-1.661424,-0.3746426,0.5418725,1.883088,1.063848,1.00846,-0.3659867,0.5834658,-0.4686033
-0.2032097,-0.008136615,2.773106,2.417558,1.394922,-0.9592803,-0.02797429,-0.1356948,2.620479,-1.400926,-0.7022793,-2.216515,1.410836,-0.03702347,-0.7310078,0.5779539,-1.081092,-2.623995,-1.014623,-0.402187,-1.791498,1.678658,2.606586,1.424361,1.405682,-0.4229121,2.538883,1.487133,1.986665,0.3156853,0.1487266,2.300247,2.23007,-0.8325794,-1.443546,0.03537776,1.205723,0.435356,1.283154,-0.3501889,-1.429562,-2.09287,1.86173,-0.4056894,2.307462,0.4197137,0.6868201,-0.5836877,-1.196783,-1.751982,0.3324948,1.806767,0.1238839,-0.6939365,0.2858989,-2.432939,0.8161418,0.6930639,0.4859229,1.061745,2.069157,0.7757733,2.887524,-0.8354672,0.8160607,0.8728975,1.844001,-0.1009697,-0.4803545,-5.782806,-2.17125,0.08516361,-0.1754598,-0.9678617,-2.724755,-2.085954,-1.26275,0.5976169,0.8405238,1.225129,0.5546314,-2.076421,1.251813,-1.811126,-2.193895,-1.040576,-0.8168184,1.585829,1.902541,-0.6294174,0.6609097,-0.8687357,2.219737,-1.057392,-2.258686,-4.017169,-3.155735,0.04222119,0.04067461,0.05471016
-1.560058,-0.641098,-0.2346784,-0.07709236,0.2096986,1.721789,-0.09295528,-0.2241005,1.171129,0.7761377,-1.662228,0.9466193,-0.3062819,-1.475534,1.286877,0.3092386,0.6152791,0.4704978,-0.5940243,-1.43469,0.1495878,-3.513203,-2.891629,-1.577338,-1.438206,0.4521027,-1.502449,-1.466759,3.491992,1.77471,-0.4741607,-1.158595,1.248175,0.7791275,-1.892578,1.564309,0.5908809,-1.02849,-1.641486,3.666901,1.0047,-0.9752531,-0.6975113,1.556907,1.754574,1.560278,-0.07485063,-0.4389206,0.1523889,-0.590216,-1.349006,1.338992,-2.779355,1.31375,0.7542085,0.9177736,-1.662149,-2.158586,-3.705313,-1.614458,-0.3774126,1.986376,0.7852576,2.780307,1.374396,-0.2648097,-0.9595437,2.524668,-0.8105201,1.858404,-1.45926,-0.6496192,2.140514,0.03597166,-0.1161519,0.7970068,-1.660737,-1.339116,1.533651,-1.564074,-0.5222172,-0.5581584,-0.3908171,0.2028852,-0.3091991,-1.150413,1.634763,0.9116192,7.134831,4.418922,0.1832441,1.54419,0.2885301,1.44052,-2.234197,-2.550756,-0.2935797,-2.089967,-1.316357,-1.604522
0.3936172,1.061982,0.8691964,0.7030599,-0.5703132,1.215754,0.7927505,0.4585551,-1.434592,1.394109,-1.094978,-0.3121859,0.7758859,1.780357,-1.394992,0.2885226,2.046073,-0.8689905,0.7826037,0.0113532,-1.442742,0.7052389,-1.399742,0.8506035,0.8966161,-1.448674,-0.4111999,-0.7710482,-0.5731202,2.77,1.20387,2.143286,-0.6039084,-0.06952222,-1.632351,-0.07152259,1.641584,0.3317212,-0.9336399,0.7272763,0.6966025,-0.177909,0.08227795,0.4922526,-0.04926923,-1.411924,0.6026545,1.275636,1.881537,-1.651455,0.8997971,-3.133464,1.406798,-1.987735,0.8125443,2.69771,0.8146603,-3.132421,-2.278929,-3.92717,-3.349217,0.2466297,1.241335,0.3764538,5.061349,1.428023,1.042856,-2.293375,3.73136,-2.000709,1.811255,-0.1811881,0.03435084,-0.8921967,-0.2130288,-2.759551,0.3800125,-0.8674947,-1.463085,0.4601883,0.1781941,0.3667816,0.8741351,0.5199887,-1.811045,-0.6121708,-0.3581146,1.478357,1.486928,0.7747563,1.188729,-1.398506,1.533028,-0.5760846,1.240368,-1.55449,-1.018334,-1.052794,-3.738755,-2.037622
